region_id,geography_type,state_name,date,home_value
9,State,California,2000-01-31,191143.06246122328
54,State,Texas,2000-01-31,115824.23021073276
14,State,Florida,2000-01-31,109667.67594481845
43,State,New York,2000-01-31,154042.63041942933
47,State,Pennsylvania,2000-01-31,101714.64427445854
21,State,Illinois,2000-01-31,132356.76526689666
44,State,Ohio,2000-01-31,107627.22553566031
16,State,Georgia,2000-01-31,128435.40679350116
36,State,North Carolina,2000-01-31,131918.66032426388
30,State,Michigan,2000-01-31,119726.03345754488
40,State,New Jersey,2000-01-31,172645.95979116438
56,State,Virginia,2000-01-31,126997.32289485402
59,State,Washington,2000-01-31,178943.2295979611
8,State,Arizona,2000-01-31,137256.42606290831
26,State,Massachusetts,2000-01-31,201183.10584205217
53,State,Tennessee,2000-01-31,114774.13438953954
22,State,Indiana,2000-01-31,100118.68020468311
27,State,Maryland,2000-01-31,154421.1214504902
32,State,Missouri,2000-01-31,99451.6762182122
60,State,Wisconsin,2000-01-31,124257.70039815556
10,State,Colorado,2000-01-31,180680.69827044196
31,State,Minnesota,2000-01-31,128207.04081087408
51,State,South Carolina,2000-01-31,116488.77953708675
4,State,Alabama,2000-01-31,102642.57245237847
25,State,Louisiana,2000-01-31,111913.82990494063
24,State,Kentucky,2000-01-31,91927.39937463452
46,State,Oregon,2000-01-31,154578.5189462672
45,State,Oklahoma,2000-01-31,85014.7080834341
11,State,Connecticut,2000-01-31,166393.00594661824
55,State,Utah,2000-01-31,171657.09940268955
19,State,Iowa,2000-01-31,93437.69018927314
42,State,Nevada,2000-01-31,158009.99791738443
6,State,Arkansas,2000-01-31,90298.82902428802
34,State,Mississippi,2000-01-31,91385.36880570887
23,State,Kansas,2000-01-31,91416.57162395134
41,State,New Mexico,2000-01-31,
38,State,Nebraska,2000-01-31,118496.43545850522
20,State,Idaho,2000-01-31,127046.361613209
61,State,West Virginia,2000-01-31,75052.66532650546
18,State,Hawaii,2000-01-31,195216.1648152442
39,State,New Hampshire,2000-01-31,137425.61890177857
28,State,Maine,2000-01-31,110319.9627842246
50,State,Rhode Island,2000-01-31,135992.6605638664
35,State,Montana,2000-01-31,
13,State,Delaware,2000-01-31,151507.302182514
52,State,South Dakota,2000-01-31,110320.7882868499
37,State,North Dakota,2000-01-31,
3,State,Alaska,2000-01-31,138486.5123148091
12,State,District of Columbia,2000-01-31,163137.34848177116
58,State,Vermont,2000-01-31,119324.70997919796
62,State,Wyoming,2000-01-31,
9,State,California,2000-02-29,191785.55134676368
54,State,Texas,2000-02-29,115887.17208927708
14,State,Florida,2000-02-29,109905.22633954124
43,State,New York,2000-02-29,154591.1735013856
47,State,Pennsylvania,2000-02-29,101932.20419554564
21,State,Illinois,2000-02-29,132462.83690037846
44,State,Ohio,2000-02-29,107692.995533589
16,State,Georgia,2000-02-29,128727.06139242488
36,State,North Carolina,2000-02-29,132119.35751337995
30,State,Michigan,2000-02-29,119791.9756984078
40,State,New Jersey,2000-02-29,173111.3527166277
56,State,Virginia,2000-02-29,127325.94524810492
59,State,Washington,2000-02-29,179346.86096890742
8,State,Arizona,2000-02-29,137505.0378018472
26,State,Massachusetts,2000-02-29,201854.78930874052
53,State,Tennessee,2000-02-29,114869.87997179078
22,State,Indiana,2000-02-29,99981.01932993808
27,State,Maryland,2000-02-29,154399.70362500424
32,State,Missouri,2000-02-29,99568.24124533664
60,State,Wisconsin,2000-02-29,124221.63708010688
10,State,Colorado,2000-02-29,181322.2450703529
31,State,Minnesota,2000-02-29,128638.59042289894
51,State,South Carolina,2000-02-29,116745.93984010429
4,State,Alabama,2000-02-29,102821.31011450908
25,State,Louisiana,2000-02-29,112129.7015728076
24,State,Kentucky,2000-02-29,91974.861039632
46,State,Oregon,2000-02-29,154918.45353424404
45,State,Oklahoma,2000-02-29,85049.77686626576
11,State,Connecticut,2000-02-29,167026.92003508832
55,State,Utah,2000-02-29,171751.14744997403
19,State,Iowa,2000-02-29,93616.2452283395
42,State,Nevada,2000-02-29,158029.7496550554
6,State,Arkansas,2000-02-29,90419.5091049624
34,State,Mississippi,2000-02-29,91335.25019344976
23,State,Kansas,2000-02-29,91434.51686964955
41,State,New Mexico,2000-02-29,
38,State,Nebraska,2000-02-29,118685.85690858206
20,State,Idaho,2000-02-29,126969.3441571595
61,State,West Virginia,2000-02-29,75049.45266950128
18,State,Hawaii,2000-02-29,195125.84583319037
39,State,New Hampshire,2000-02-29,137892.47525649908
28,State,Maine,2000-02-29,110686.99932395318
50,State,Rhode Island,2000-02-29,136611.14354802415
35,State,Montana,2000-02-29,
13,State,Delaware,2000-02-29,151743.01277379296
52,State,South Dakota,2000-02-29,110086.3930583737
37,State,North Dakota,2000-02-29,
3,State,Alaska,2000-02-29,138643.8037357017
12,State,District of Columbia,2000-02-29,163670.93547178392
58,State,Vermont,2000-02-29,119524.51610802895
62,State,Wyoming,2000-02-29,
9,State,California,2000-03-31,192653.06866948333
54,State,Texas,2000-03-31,115917.69988644018
14,State,Florida,2000-03-31,110193.18476933164
43,State,New York,2000-03-31,155119.23467879285
47,State,Pennsylvania,2000-03-31,102136.65208084148
21,State,Illinois,2000-03-31,132692.1154954021
44,State,Ohio,2000-03-31,107792.73922191508
16,State,Georgia,2000-03-31,129063.5820916617
36,State,North Carolina,2000-03-31,132326.07158844388
30,State,Michigan,2000-03-31,120033.39478316184
40,State,New Jersey,2000-03-31,173555.4195569846
56,State,Virginia,2000-03-31,127674.36208357476
59,State,Washington,2000-03-31,179758.60090332557
8,State,Arizona,2000-03-31,137825.0056763224
26,State,Massachusetts,2000-03-31,202653.9866423702
53,State,Tennessee,2000-03-31,114967.5299724751
22,State,Indiana,2000-03-31,99826.40407107607
27,State,Maryland,2000-03-31,154509.11582556294
32,State,Missouri,2000-03-31,99742.75801236097
60,State,Wisconsin,2000-03-31,124360.6478562889
10,State,Colorado,2000-03-31,182031.2206547962
31,State,Minnesota,2000-03-31,129040.09751153
51,State,South Carolina,2000-03-31,116955.48646197969
4,State,Alabama,2000-03-31,102941.06782563293
25,State,Louisiana,2000-03-31,112297.4520029243
24,State,Kentucky,2000-03-31,92061.21559667872
46,State,Oregon,2000-03-31,155229.0076218379
45,State,Oklahoma,2000-03-31,85213.24369837393
11,State,Connecticut,2000-03-31,167688.83170932523
55,State,Utah,2000-03-31,171898.8026679503
19,State,Iowa,2000-03-31,93784.80866981506
42,State,Nevada,2000-03-31,158274.3063810039
6,State,Arkansas,2000-03-31,90556.43081961488
34,State,Mississippi,2000-03-31,91333.06983450656
23,State,Kansas,2000-03-31,91540.24013372128
41,State,New Mexico,2000-03-31,
38,State,Nebraska,2000-03-31,118861.41575480351
20,State,Idaho,2000-03-31,127018.14154825604
61,State,West Virginia,2000-03-31,75073.7120034391
18,State,Hawaii,2000-03-31,195425.46326957725
39,State,New Hampshire,2000-03-31,138449.78923506828
28,State,Maine,2000-03-31,111014.71608312064
50,State,Rhode Island,2000-03-31,137260.65241870066
35,State,Montana,2000-03-31,
13,State,Delaware,2000-03-31,152036.49367659705
52,State,South Dakota,2000-03-31,109758.37427916618
37,State,North Dakota,2000-03-31,
3,State,Alaska,2000-03-31,138801.01289372743
12,State,District of Columbia,2000-03-31,164428.04038854607
58,State,Vermont,2000-03-31,119838.30469684309
62,State,Wyoming,2000-03-31,
9,State,California,2000-04-30,194536.19010894655
54,State,Texas,2000-04-30,116069.21205085168
14,State,Florida,2000-04-30,110778.53019270768
43,State,New York,2000-04-30,156254.95071931047
47,State,Pennsylvania,2000-04-30,102553.28580490904
21,State,Illinois,2000-04-30,133231.49036516808
44,State,Ohio,2000-04-30,108086.0403504214
16,State,Georgia,2000-04-30,129772.10587745556
36,State,North Carolina,2000-04-30,132774.4709290456
30,State,Michigan,2000-04-30,120514.30065054313
40,State,New Jersey,2000-04-30,174539.26382143365
56,State,Virginia,2000-04-30,128332.75402540046
59,State,Washington,2000-04-30,180589.59735246756
8,State,Arizona,2000-04-30,138478.3616352042
26,State,Massachusetts,2000-04-30,204228.06839224847
53,State,Tennessee,2000-04-30,115202.46815923908
22,State,Indiana,2000-04-30,99356.3903961876
27,State,Maryland,2000-04-30,154773.13070264968
32,State,Missouri,2000-04-30,100141.66417157992
60,State,Wisconsin,2000-04-30,124560.28061974542
10,State,Colorado,2000-04-30,183616.46457377568
31,State,Minnesota,2000-04-30,129982.58612895932
51,State,South Carolina,2000-04-30,117435.8413390278
4,State,Alabama,2000-04-30,103209.36095638912
25,State,Louisiana,2000-04-30,112675.63592069788
24,State,Kentucky,2000-04-30,92275.81457069096
46,State,Oregon,2000-04-30,155880.68481756377
45,State,Oklahoma,2000-04-30,85510.90822966538
11,State,Connecticut,2000-04-30,168810.24043835007
55,State,Utah,2000-04-30,172269.2721660532
19,State,Iowa,2000-04-30,94148.90109143444
42,State,Nevada,2000-04-30,158834.75145436687
6,State,Arkansas,2000-04-30,90848.78080654908
34,State,Mississippi,2000-04-30,91398.95385383152
23,State,Kansas,2000-04-30,91698.28905530195
41,State,New Mexico,2000-04-30,
38,State,Nebraska,2000-04-30,119133.93635545082
20,State,Idaho,2000-04-30,127119.45586526315
61,State,West Virginia,2000-04-30,75135.11381601273
18,State,Hawaii,2000-04-30,195945.2009037549
39,State,New Hampshire,2000-04-30,139286.3947711178
28,State,Maine,2000-04-30,111736.69497274456
50,State,Rhode Island,2000-04-30,138543.9759606115
35,State,Montana,2000-04-30,
13,State,Delaware,2000-04-30,152707.67785243798
52,State,South Dakota,2000-04-30,109316.24014524806
37,State,North Dakota,2000-04-30,
3,State,Alaska,2000-04-30,138985.38249158324
12,State,District of Columbia,2000-04-30,166051.42912031896
58,State,Vermont,2000-04-30,120454.88076852055
62,State,Wyoming,2000-04-30,
9,State,California,2000-05-31,196725.0351068525
54,State,Texas,2000-05-31,116167.33370455848
14,State,Florida,2000-05-31,111409.76215416264
43,State,New York,2000-05-31,157430.01083870002
47,State,Pennsylvania,2000-05-31,102981.27295963927
21,State,Illinois,2000-05-31,133871.47550853473
44,State,Ohio,2000-05-31,108533.25163559202
16,State,Georgia,2000-05-31,130553.57939214808
36,State,North Carolina,2000-05-31,133274.01271106105
30,State,Michigan,2000-05-31,121223.49645183772
40,State,New Jersey,2000-05-31,175542.21569341156
56,State,Virginia,2000-05-31,128968.35932769092
59,State,Washington,2000-05-31,181496.5777269505
8,State,Arizona,2000-05-31,139218.9498552749
26,State,Massachusetts,2000-05-31,205931.9343665697
53,State,Tennessee,2000-05-31,115473.47724105848
22,State,Indiana,2000-05-31,99129.2899760502
27,State,Maryland,2000-05-31,155325.61774059993
32,State,Missouri,2000-05-31,100656.93531551235
60,State,Wisconsin,2000-05-31,124958.5637596038
10,State,Colorado,2000-05-31,185385.8716238368
31,State,Minnesota,2000-05-31,131016.51549011284
51,State,South Carolina,2000-05-31,117884.32749243575
4,State,Alabama,2000-05-31,103508.59834943849
25,State,Louisiana,2000-05-31,113076.31793852238
24,State,Kentucky,2000-05-31,92561.02256206507
46,State,Oregon,2000-05-31,156461.84223812577
45,State,Oklahoma,2000-05-31,85910.7179858954
11,State,Connecticut,2000-05-31,169731.7411187409
55,State,Utah,2000-05-31,173611.871792583
19,State,Iowa,2000-05-31,94551.16699743332
42,State,Nevada,2000-05-31,159548.90828782675
6,State,Arkansas,2000-05-31,91137.12861987542
34,State,Mississippi,2000-05-31,91719.55752548824
23,State,Kansas,2000-05-31,91936.53365409467
41,State,New Mexico,2000-05-31,
38,State,Nebraska,2000-05-31,119272.13413669176
20,State,Idaho,2000-05-31,127449.8235950772
61,State,West Virginia,2000-05-31,75254.90566363522
18,State,Hawaii,2000-05-31,196963.32294447557
39,State,New Hampshire,2000-05-31,140202.10749344397
28,State,Maine,2000-05-31,112416.8028312071
50,State,Rhode Island,2000-05-31,139822.75007728065
35,State,Montana,2000-05-31,
13,State,Delaware,2000-05-31,153473.19327844042
52,State,South Dakota,2000-05-31,109132.29942580638
37,State,North Dakota,2000-05-31,
3,State,Alaska,2000-05-31,139262.93647551164
12,State,District of Columbia,2000-05-31,167853.09019571837
58,State,Vermont,2000-05-31,121164.9293906307
62,State,Wyoming,2000-05-31,
9,State,California,2000-06-30,199086.79250114365
54,State,Texas,2000-06-30,116277.35196511156
14,State,Florida,2000-06-30,112053.82212996652
43,State,New York,2000-06-30,158700.57578794906
47,State,Pennsylvania,2000-06-30,103421.12796941878
21,State,Illinois,2000-06-30,134590.73716265886
44,State,Ohio,2000-06-30,109088.14772297682
16,State,Georgia,2000-06-30,131381.67828288136
36,State,North Carolina,2000-06-30,133805.4027048111
30,State,Michigan,2000-06-30,122002.4066399206
40,State,New Jersey,2000-06-30,176739.22860150933
56,State,Virginia,2000-06-30,129582.14866744987
59,State,Washington,2000-06-30,182362.40987391816
8,State,Arizona,2000-06-30,139883.55405223568
26,State,Massachusetts,2000-06-30,207778.0416088684
53,State,Tennessee,2000-06-30,115742.44171454154
22,State,Indiana,2000-06-30,99196.37064458708
27,State,Maryland,2000-06-30,155993.60657670355
32,State,Missouri,2000-06-30,101226.3425230807
60,State,Wisconsin,2000-06-30,125426.0191285925
10,State,Colorado,2000-06-30,187296.54937543557
31,State,Minnesota,2000-06-30,132211.933713653
51,State,South Carolina,2000-06-30,118378.3429477118
4,State,Alabama,2000-06-30,103870.38834753411
25,State,Louisiana,2000-06-30,113512.79005832793
24,State,Kentucky,2000-06-30,92874.55030082124
46,State,Oregon,2000-06-30,157001.27445775736
45,State,Oklahoma,2000-06-30,86289.74620553826
11,State,Connecticut,2000-06-30,170644.4657162654
55,State,Utah,2000-06-30,175092.00896225913
19,State,Iowa,2000-06-30,94957.19299548546
42,State,Nevada,2000-06-30,160190.0448596189
6,State,Arkansas,2000-06-30,91413.96552213856
34,State,Mississippi,2000-06-30,92178.25244465133
23,State,Kansas,2000-06-30,92205.26773676775
41,State,New Mexico,2000-06-30,
38,State,Nebraska,2000-06-30,119353.9157793208
20,State,Idaho,2000-06-30,127853.5887540144
61,State,West Virginia,2000-06-30,75453.9072514648
18,State,Hawaii,2000-06-30,198113.13362074504
39,State,New Hampshire,2000-06-30,141169.46875393772
28,State,Maine,2000-06-30,113180.32314718566
50,State,Rhode Island,2000-06-30,140797.079015084
35,State,Montana,2000-06-30,
13,State,Delaware,2000-06-30,154317.753000261
52,State,South Dakota,2000-06-30,109006.2614981385
37,State,North Dakota,2000-06-30,
3,State,Alaska,2000-06-30,139470.4247682211
12,State,District of Columbia,2000-06-30,169788.3193566207
58,State,Vermont,2000-06-30,121827.9094032438
62,State,Wyoming,2000-06-30,
9,State,California,2000-07-31,201580.97700140733
54,State,Texas,2000-07-31,116349.65098466002
14,State,Florida,2000-07-31,112700.94487301016
43,State,New York,2000-07-31,159842.80916672328
47,State,Pennsylvania,2000-07-31,103888.22686151264
21,State,Illinois,2000-07-31,135370.87604033158
44,State,Ohio,2000-07-31,109636.69278363592
16,State,Georgia,2000-07-31,132218.45005930733
36,State,North Carolina,2000-07-31,134324.31325708368
30,State,Michigan,2000-07-31,122911.10931421164
40,State,New Jersey,2000-07-31,178093.75906951548
56,State,Virginia,2000-07-31,130327.22378027384
59,State,Washington,2000-07-31,183303.046850184
8,State,Arizona,2000-07-31,140559.39125312387
26,State,Massachusetts,2000-07-31,209962.67283683587
53,State,Tennessee,2000-07-31,116033.3826959196
22,State,Indiana,2000-07-31,99683.843217062
27,State,Maryland,2000-07-31,156784.183601852
32,State,Missouri,2000-07-31,101845.39426736526
60,State,Wisconsin,2000-07-31,126045.06009271277
10,State,Colorado,2000-07-31,189232.55785501716
31,State,Minnesota,2000-07-31,133526.86344422822
51,State,South Carolina,2000-07-31,118857.73867344532
4,State,Alabama,2000-07-31,104205.39207459432
25,State,Louisiana,2000-07-31,113939.49197689992
24,State,Kentucky,2000-07-31,93228.04441402554
46,State,Oregon,2000-07-31,157450.41530705398
45,State,Oklahoma,2000-07-31,86682.23216258256
11,State,Connecticut,2000-07-31,171664.57306057843
55,State,Utah,2000-07-31,176575.81686915227
19,State,Iowa,2000-07-31,95369.52797800006
42,State,Nevada,2000-07-31,160686.95741900866
6,State,Arkansas,2000-07-31,91681.54772991354
34,State,Mississippi,2000-07-31,92601.87003070944
23,State,Kansas,2000-07-31,92554.83120488182
41,State,New Mexico,2000-07-31,
38,State,Nebraska,2000-07-31,119448.63793408898
20,State,Idaho,2000-07-31,128252.8788788736
61,State,West Virginia,2000-07-31,75715.41570357492
18,State,Hawaii,2000-07-31,199262.99343026988
39,State,New Hampshire,2000-07-31,142511.96437894533
28,State,Maine,2000-07-31,114001.38372784515
50,State,Rhode Island,2000-07-31,141687.54915655454
35,State,Montana,2000-07-31,
13,State,Delaware,2000-07-31,155177.05749366438
52,State,South Dakota,2000-07-31,108918.36840370877
37,State,North Dakota,2000-07-31,
3,State,Alaska,2000-07-31,139903.38675976745
12,State,District of Columbia,2000-07-31,171625.57343562169
58,State,Vermont,2000-07-31,122488.30476682058
62,State,Wyoming,2000-07-31,
9,State,California,2000-08-31,204185.0373265414
54,State,Texas,2000-08-31,116563.539893926
14,State,Florida,2000-08-31,113360.0062058292
43,State,New York,2000-08-31,160842.64043031892
47,State,Pennsylvania,2000-08-31,104334.12333004006
21,State,Illinois,2000-08-31,136481.31036331065
44,State,Ohio,2000-08-31,110169.8415809282
16,State,Georgia,2000-08-31,133102.9704904206
36,State,North Carolina,2000-08-31,134813.6533719533
30,State,Michigan,2000-08-31,123828.3748484869
40,State,New Jersey,2000-08-31,179739.706185799
56,State,Virginia,2000-08-31,131205.84416978937
59,State,Washington,2000-08-31,184172.1995613269
8,State,Arizona,2000-08-31,141208.58830350175
26,State,Massachusetts,2000-08-31,212651.08972499488
53,State,Tennessee,2000-08-31,116333.66634288582
22,State,Indiana,2000-08-31,100180.71339116983
27,State,Maryland,2000-08-31,157517.8397275677
32,State,Missouri,2000-08-31,102512.92831096196
60,State,Wisconsin,2000-08-31,126729.2442714694
10,State,Colorado,2000-08-31,191334.18292015753
31,State,Minnesota,2000-08-31,135327.7506009366
51,State,South Carolina,2000-08-31,119385.47689626378
4,State,Alabama,2000-08-31,104508.13502616576
25,State,Louisiana,2000-08-31,114276.88354314477
24,State,Kentucky,2000-08-31,93632.43162656516
46,State,Oregon,2000-08-31,157930.14031575073
45,State,Oklahoma,2000-08-31,87047.59778377273
11,State,Connecticut,2000-08-31,172898.6910884355
55,State,Utah,2000-08-31,177186.99730073396
19,State,Iowa,2000-08-31,95722.13479932888
42,State,Nevada,2000-08-31,161165.7066617258
6,State,Arkansas,2000-08-31,91985.96335725197
34,State,Mississippi,2000-08-31,93005.3345813263
23,State,Kansas,2000-08-31,92934.42594288485
41,State,New Mexico,2000-08-31,
38,State,Nebraska,2000-08-31,119675.326922314
20,State,Idaho,2000-08-31,128656.14852023704
61,State,West Virginia,2000-08-31,76057.48827136827
18,State,Hawaii,2000-08-31,200593.5072442102
39,State,New Hampshire,2000-08-31,144084.72238474435
28,State,Maine,2000-08-31,114855.55740758283
50,State,Rhode Island,2000-08-31,142579.8274881961
35,State,Montana,2000-08-31,
13,State,Delaware,2000-08-31,156013.22712626948
52,State,South Dakota,2000-08-31,108756.87577664094
37,State,North Dakota,2000-08-31,
3,State,Alaska,2000-08-31,140107.02525860362
12,State,District of Columbia,2000-08-31,173205.9362553731
58,State,Vermont,2000-08-31,123171.0665146856
62,State,Wyoming,2000-08-31,
9,State,California,2000-09-30,206795.1407051784
54,State,Texas,2000-09-30,116844.02361518366
14,State,Florida,2000-09-30,114043.12796427964
43,State,New York,2000-09-30,161731.08652375973
47,State,Pennsylvania,2000-09-30,104788.45004334302
21,State,Illinois,2000-09-30,137787.20072783506
44,State,Ohio,2000-09-30,110693.69625001104
16,State,Georgia,2000-09-30,134007.0002652681
36,State,North Carolina,2000-09-30,135291.26961335292
30,State,Michigan,2000-09-30,124705.0924464196
40,State,New Jersey,2000-09-30,181559.78900403497
56,State,Virginia,2000-09-30,132166.0194582061
59,State,Washington,2000-09-30,184963.3382080689
8,State,Arizona,2000-09-30,141926.5960008546
26,State,Massachusetts,2000-09-30,215672.02543794503
53,State,Tennessee,2000-09-30,116692.43384866408
22,State,Indiana,2000-09-30,100568.9789146713
27,State,Maryland,2000-09-30,158267.65020421476
32,State,Missouri,2000-09-30,103185.04608097718
60,State,Wisconsin,2000-09-30,127414.60337710188
10,State,Colorado,2000-09-30,193540.39235381628
31,State,Minnesota,2000-09-30,137189.49987514422
51,State,South Carolina,2000-09-30,119930.29495417788
4,State,Alabama,2000-09-30,104832.8814571593
25,State,Louisiana,2000-09-30,114661.13844913286
24,State,Kentucky,2000-09-30,94081.26614470968
46,State,Oregon,2000-09-30,158333.52714299047
45,State,Oklahoma,2000-09-30,87379.7215618436
11,State,Connecticut,2000-09-30,174198.10103947044
55,State,Utah,2000-09-30,177721.39024049995
19,State,Iowa,2000-09-30,96089.94359664193
42,State,Nevada,2000-09-30,161741.89930672027
6,State,Arkansas,2000-09-30,92330.27175640478
34,State,Mississippi,2000-09-30,93364.74786270763
23,State,Kansas,2000-09-30,93289.99131761576
41,State,New Mexico,2000-09-30,
38,State,Nebraska,2000-09-30,119952.22838618858
20,State,Idaho,2000-09-30,128993.74220370782
61,State,West Virginia,2000-09-30,76363.78988699302
18,State,Hawaii,2000-09-30,201908.6703017891
39,State,New Hampshire,2000-09-30,145774.38677653155
28,State,Maine,2000-09-30,115744.46074696096
50,State,Rhode Island,2000-09-30,143679.21839282775
35,State,Montana,2000-09-30,
13,State,Delaware,2000-09-30,156785.091385447
52,State,South Dakota,2000-09-30,108981.85827545571
37,State,North Dakota,2000-09-30,
3,State,Alaska,2000-09-30,140292.78923076013
12,State,District of Columbia,2000-09-30,174393.02925168257
58,State,Vermont,2000-09-30,123925.8823607103
62,State,Wyoming,2000-09-30,
9,State,California,2000-10-31,209270.3655706628
54,State,Texas,2000-10-31,117144.5673140828
14,State,Florida,2000-10-31,114740.48867479488
43,State,New York,2000-10-31,162683.38385072805
47,State,Pennsylvania,2000-10-31,105224.16604600313
21,State,Illinois,2000-10-31,139294.43621066635
44,State,Ohio,2000-10-31,111199.74789119075
16,State,Georgia,2000-10-31,134946.58942279592
36,State,North Carolina,2000-10-31,135796.21497151811
30,State,Michigan,2000-10-31,125523.91053329632
40,State,New Jersey,2000-10-31,183400.22697230752
56,State,Virginia,2000-10-31,133074.50112696903
59,State,Washington,2000-10-31,185652.23318275964
8,State,Arizona,2000-10-31,142618.40995210884
26,State,Massachusetts,2000-10-31,218863.19889079023
53,State,Tennessee,2000-10-31,117039.89310380728
22,State,Indiana,2000-10-31,101044.31586705297
27,State,Maryland,2000-10-31,159058.92026291555
32,State,Missouri,2000-10-31,103899.54543964684
60,State,Wisconsin,2000-10-31,128085.67019989582
10,State,Colorado,2000-10-31,195731.7088159985
31,State,Minnesota,2000-10-31,139094.83299546273
51,State,South Carolina,2000-10-31,120466.55375852328
4,State,Alabama,2000-10-31,105205.51241698427
25,State,Louisiana,2000-10-31,115116.1759295088
24,State,Kentucky,2000-10-31,94500.578016021
46,State,Oregon,2000-10-31,158738.72735476113
45,State,Oklahoma,2000-10-31,87676.53930784854
11,State,Connecticut,2000-10-31,175620.10135291028
55,State,Utah,2000-10-31,178172.77095295434
19,State,Iowa,2000-10-31,96543.25820404904
42,State,Nevada,2000-10-31,162389.6878041722
6,State,Arkansas,2000-10-31,92676.16551830596
34,State,Mississippi,2000-10-31,93863.41684391112
23,State,Kansas,2000-10-31,93653.51123703273
41,State,New Mexico,2000-10-31,
38,State,Nebraska,2000-10-31,120242.9825740134
20,State,Idaho,2000-10-31,129319.72142991626
61,State,West Virginia,2000-10-31,76717.06662534025
18,State,Hawaii,2000-10-31,203285.43255351656
39,State,New Hampshire,2000-10-31,147718.48448465942
28,State,Maine,2000-10-31,116584.85143358096
50,State,Rhode Island,2000-10-31,144781.16890343552
35,State,Montana,2000-10-31,
13,State,Delaware,2000-10-31,157474.36727197282
52,State,South Dakota,2000-10-31,109234.02672343906
37,State,North Dakota,2000-10-31,
3,State,Alaska,2000-10-31,140233.23240290114
12,State,District of Columbia,2000-10-31,174695.46854955697
58,State,Vermont,2000-10-31,124834.23392148576
62,State,Wyoming,2000-10-31,
9,State,California,2000-11-30,211707.99273305017
54,State,Texas,2000-11-30,117491.376399297
14,State,Florida,2000-11-30,115465.16159763788
43,State,New York,2000-11-30,163850.0135508733
47,State,Pennsylvania,2000-11-30,105704.8458204454
21,State,Illinois,2000-11-30,140444.73815871027
44,State,Ohio,2000-11-30,111693.67796901905
16,State,Georgia,2000-11-30,135877.61327844474
36,State,North Carolina,2000-11-30,136364.80640718818
30,State,Michigan,2000-11-30,126370.92496730071
40,State,New Jersey,2000-11-30,185042.1037243387
56,State,Virginia,2000-11-30,133992.75627808875
59,State,Washington,2000-11-30,186349.24123646095
8,State,Arizona,2000-11-30,143284.6371908258
26,State,Massachusetts,2000-11-30,221946.40568093225
53,State,Tennessee,2000-11-30,117420.24420027377
22,State,Indiana,2000-11-30,101615.40930297524
27,State,Maryland,2000-11-30,159877.9553910656
32,State,Missouri,2000-11-30,104675.17585106991
60,State,Wisconsin,2000-11-30,128709.30670326404
10,State,Colorado,2000-11-30,197840.47639093
31,State,Minnesota,2000-11-30,140680.38032899078
51,State,South Carolina,2000-11-30,121000.75402409474
4,State,Alabama,2000-11-30,105627.31973745595
25,State,Louisiana,2000-11-30,115716.42404389498
24,State,Kentucky,2000-11-30,94944.19188438564
46,State,Oregon,2000-11-30,159147.2275796089
45,State,Oklahoma,2000-11-30,88018.48417027376
11,State,Connecticut,2000-11-30,177056.48059128996
55,State,Utah,2000-11-30,178732.33953921407
19,State,Iowa,2000-11-30,96998.28378195978
42,State,Nevada,2000-11-30,163139.86045896067
6,State,Arkansas,2000-11-30,93127.16504935344
34,State,Mississippi,2000-11-30,94392.86118696695
23,State,Kansas,2000-11-30,94047.84602373117
41,State,New Mexico,2000-11-30,
38,State,Nebraska,2000-11-30,120577.60242926212
20,State,Idaho,2000-11-30,129579.43766506732
61,State,West Virginia,2000-11-30,77178.9493470423
18,State,Hawaii,2000-11-30,204179.75532054645
39,State,New Hampshire,2000-11-30,149584.15963950192
28,State,Maine,2000-11-30,117594.89574319115
50,State,Rhode Island,2000-11-30,145837.03306660548
35,State,Montana,2000-11-30,
13,State,Delaware,2000-11-30,158321.30729213022
52,State,South Dakota,2000-11-30,109275.20079797583
37,State,North Dakota,2000-11-30,
3,State,Alaska,2000-11-30,140377.7912848892
12,State,District of Columbia,2000-11-30,174993.82058482198
58,State,Vermont,2000-11-30,125757.70472860882
62,State,Wyoming,2000-11-30,
9,State,California,2000-12-31,214093.6867279094
54,State,Texas,2000-12-31,117876.59806337063
14,State,Florida,2000-12-31,116212.59988136672
43,State,New York,2000-12-31,165130.6043651409
47,State,Pennsylvania,2000-12-31,106202.03905359509
21,State,Illinois,2000-12-31,141357.82384607522
44,State,Ohio,2000-12-31,112164.4246004931
16,State,Georgia,2000-12-31,136863.0006229273
36,State,North Carolina,2000-12-31,136968.1998997129
30,State,Michigan,2000-12-31,127251.86415376687
40,State,New Jersey,2000-12-31,186501.5235247352
56,State,Virginia,2000-12-31,134931.70320589375
59,State,Washington,2000-12-31,187176.5861872045
8,State,Arizona,2000-12-31,143931.80156661113
26,State,Massachusetts,2000-12-31,224994.07132861644
53,State,Tennessee,2000-12-31,117849.0050878173
22,State,Indiana,2000-12-31,102287.77942855102
27,State,Maryland,2000-12-31,160769.84715898606
32,State,Missouri,2000-12-31,105407.4874748078
60,State,Wisconsin,2000-12-31,129321.17982530248
10,State,Colorado,2000-12-31,199855.27322619373
31,State,Minnesota,2000-12-31,142340.06400180212
51,State,South Carolina,2000-12-31,121456.8920100063
4,State,Alabama,2000-12-31,106094.37658006254
25,State,Louisiana,2000-12-31,116369.95931782608
24,State,Kentucky,2000-12-31,95406.06713661103
46,State,Oregon,2000-12-31,159609.18305065224
45,State,Oklahoma,2000-12-31,88426.82939145011
11,State,Connecticut,2000-12-31,178352.01162553128
55,State,Utah,2000-12-31,179268.73794604678
19,State,Iowa,2000-12-31,97503.20813364245
42,State,Nevada,2000-12-31,163865.67725155968
6,State,Arkansas,2000-12-31,93637.41999289992
34,State,Mississippi,2000-12-31,95067.59052582688
23,State,Kansas,2000-12-31,94496.2744638728
41,State,New Mexico,2000-12-31,
38,State,Nebraska,2000-12-31,120921.44952833526
20,State,Idaho,2000-12-31,129832.12291975324
61,State,West Virginia,2000-12-31,77780.22588951234
18,State,Hawaii,2000-12-31,204963.02503642856
39,State,New Hampshire,2000-12-31,151474.81868811263
28,State,Maine,2000-12-31,118701.13347524796
50,State,Rhode Island,2000-12-31,146968.32767830553
35,State,Montana,2000-12-31,
13,State,Delaware,2000-12-31,159112.93123136196
52,State,South Dakota,2000-12-31,109170.96492094955
37,State,North Dakota,2000-12-31,
3,State,Alaska,2000-12-31,140728.07655131863
12,State,District of Columbia,2000-12-31,175355.60796442872
58,State,Vermont,2000-12-31,126681.29876995456
62,State,Wyoming,2000-12-31,
9,State,California,2001-01-31,216111.8664392775
54,State,Texas,2001-01-31,118106.5928822636
14,State,Florida,2001-01-31,116896.03645390311
43,State,New York,2001-01-31,166358.88110368003
47,State,Pennsylvania,2001-01-31,106692.8016795746
21,State,Illinois,2001-01-31,142013.2490843369
44,State,Ohio,2001-01-31,112601.20777144836
16,State,Georgia,2001-01-31,137819.54896299774
36,State,North Carolina,2001-01-31,137591.35213494464
30,State,Michigan,2001-01-31,128084.2936438818
40,State,New Jersey,2001-01-31,187867.4822778365
56,State,Virginia,2001-01-31,135877.221517593
59,State,Washington,2001-01-31,188042.17348268835
8,State,Arizona,2001-01-31,144562.0516355981
26,State,Massachusetts,2001-01-31,227747.96955731724
53,State,Tennessee,2001-01-31,118338.81642550962
22,State,Indiana,2001-01-31,102772.75777281118
27,State,Maryland,2001-01-31,161505.95707463045
32,State,Missouri,2001-01-31,105953.82481869064
60,State,Wisconsin,2001-01-31,129881.57524079752
10,State,Colorado,2001-01-31,201875.9888412736
31,State,Minnesota,2001-01-31,143836.50665489462
51,State,South Carolina,2001-01-31,121988.19165705124
4,State,Alabama,2001-01-31,106616.09794705723
25,State,Louisiana,2001-01-31,117094.64039529252
24,State,Kentucky,2001-01-31,95943.3493625479
46,State,Oregon,2001-01-31,160129.98638061451
45,State,Oklahoma,2001-01-31,88881.28650303511
11,State,Connecticut,2001-01-31,179487.1342732586
55,State,Utah,2001-01-31,179768.10867381594
19,State,Iowa,2001-01-31,97845.80050814226
42,State,Nevada,2001-01-31,164609.80364328044
6,State,Arkansas,2001-01-31,94240.72381867348
34,State,Mississippi,2001-01-31,95681.72909778844
23,State,Kansas,2001-01-31,95054.0704220268
41,State,New Mexico,2001-01-31,
38,State,Nebraska,2001-01-31,121446.49520385044
20,State,Idaho,2001-01-31,130241.74720360489
61,State,West Virginia,2001-01-31,78511.8140040625
18,State,Hawaii,2001-01-31,205618.95651493277
39,State,New Hampshire,2001-01-31,153195.9842619058
28,State,Maine,2001-01-31,120062.61270490129
50,State,Rhode Island,2001-01-31,148078.7249416821
35,State,Montana,2001-01-31,
13,State,Delaware,2001-01-31,159990.56411676484
52,State,South Dakota,2001-01-31,109233.57464278307
37,State,North Dakota,2001-01-31,
3,State,Alaska,2001-01-31,143204.61982058737
12,State,District of Columbia,2001-01-31,176160.6702220297
58,State,Vermont,2001-01-31,127501.42255638714
62,State,Wyoming,2001-01-31,
9,State,California,2001-02-28,218107.4314642287
54,State,Texas,2001-02-28,118071.840432206
14,State,Florida,2001-02-28,117575.03141854511
43,State,New York,2001-02-28,167381.13290561226
47,State,Pennsylvania,2001-02-28,107141.5187265942
21,State,Illinois,2001-02-28,142669.97999680004
44,State,Ohio,2001-02-28,112948.7035506288
16,State,Georgia,2001-02-28,138642.71829779542
36,State,North Carolina,2001-02-28,138056.0401085417
30,State,Michigan,2001-02-28,128727.15318373853
40,State,New Jersey,2001-02-28,189374.37971972112
56,State,Virginia,2001-02-28,136715.897216431
59,State,Washington,2001-02-28,188898.2563707477
8,State,Arizona,2001-02-28,145190.7118677744
26,State,Massachusetts,2001-02-28,230262.58699163655
53,State,Tennessee,2001-02-28,118726.80346554217
22,State,Indiana,2001-02-28,102938.80459831993
27,State,Maryland,2001-02-28,162175.080798567
32,State,Missouri,2001-02-28,106331.73064763266
60,State,Wisconsin,2001-02-28,130429.17962363476
10,State,Colorado,2001-02-28,203779.6671096577
31,State,Minnesota,2001-02-28,145175.63883392236
51,State,South Carolina,2001-02-28,122463.5593798388
4,State,Alabama,2001-02-28,107057.94279636108
25,State,Louisiana,2001-02-28,117726.7729984636
24,State,Kentucky,2001-02-28,96433.51803511854
46,State,Oregon,2001-02-28,160571.18199498227
45,State,Oklahoma,2001-02-28,89322.31968305184
11,State,Connecticut,2001-02-28,180429.73571787073
55,State,Utah,2001-02-28,180055.35110316882
19,State,Iowa,2001-02-28,98154.89505282589
42,State,Nevada,2001-02-28,165399.4245226133
6,State,Arkansas,2001-02-28,94629.14552174244
34,State,Mississippi,2001-02-28,96050.98248235908
23,State,Kansas,2001-02-28,95697.7867040033
41,State,New Mexico,2001-02-28,
38,State,Nebraska,2001-02-28,121798.74049753038
20,State,Idaho,2001-02-28,130657.00004060978
61,State,West Virginia,2001-02-28,78969.66790466836
18,State,Hawaii,2001-02-28,206267.55788220363
39,State,New Hampshire,2001-02-28,155038.240599141
28,State,Maine,2001-02-28,121322.6229926902
50,State,Rhode Island,2001-02-28,149190.36555603638
35,State,Montana,2001-02-28,
13,State,Delaware,2001-02-28,160707.28530788593
52,State,South Dakota,2001-02-28,109458.66069352232
37,State,North Dakota,2001-02-28,
3,State,Alaska,2001-02-28,147123.82572579145
12,State,District of Columbia,2001-02-28,176985.23244026853
58,State,Vermont,2001-02-28,128418.6120434188
62,State,Wyoming,2001-02-28,
9,State,California,2001-03-31,220353.6044819023
54,State,Texas,2001-03-31,117841.69748129878
14,State,Florida,2001-03-31,118284.829999758
43,State,New York,2001-03-31,168303.1364617419
47,State,Pennsylvania,2001-03-31,107592.83591863916
21,State,Illinois,2001-03-31,143381.91232314007
44,State,Ohio,2001-03-31,113271.40498911485
16,State,Georgia,2001-03-31,139345.70721965723
36,State,North Carolina,2001-03-31,138431.86384246696
30,State,Michigan,2001-03-31,129252.62863630024
40,State,New Jersey,2001-03-31,190871.0556492964
56,State,Virginia,2001-03-31,137580.0307223006
59,State,Washington,2001-03-31,189703.6512727728
8,State,Arizona,2001-03-31,145822.36007694318
26,State,Massachusetts,2001-03-31,232741.12311543943
53,State,Tennessee,2001-03-31,119052.14171038388
22,State,Indiana,2001-03-31,102937.39611783334
27,State,Maryland,2001-03-31,162743.8781263
32,State,Missouri,2001-03-31,106750.0417387848
60,State,Wisconsin,2001-03-31,130976.6440448655
10,State,Colorado,2001-03-31,205709.60207651329
31,State,Minnesota,2001-03-31,146505.7040827686
51,State,South Carolina,2001-03-31,122955.78680795258
4,State,Alabama,2001-03-31,107422.059599989
25,State,Louisiana,2001-03-31,118335.58477387774
24,State,Kentucky,2001-03-31,96900.82706269973
46,State,Oregon,2001-03-31,161040.01677806373
45,State,Oklahoma,2001-03-31,89704.43789317548
11,State,Connecticut,2001-03-31,181478.03981007313
55,State,Utah,2001-03-31,180227.87130571745
19,State,Iowa,2001-03-31,98352.10709282156
42,State,Nevada,2001-03-31,166259.41527226227
6,State,Arkansas,2001-03-31,94920.89072585624
34,State,Mississippi,2001-03-31,96277.07900058474
23,State,Kansas,2001-03-31,96375.15727396686
41,State,New Mexico,2001-03-31,
38,State,Nebraska,2001-03-31,119346.49876798264
20,State,Idaho,2001-03-31,131228.60974286566
61,State,West Virginia,2001-03-31,79315.05983611403
18,State,Hawaii,2001-03-31,206848.42985652215
39,State,New Hampshire,2001-03-31,156772.1835127936
28,State,Maine,2001-03-31,122502.43742517936
50,State,Rhode Island,2001-03-31,150374.91813535502
35,State,Montana,2001-03-31,
13,State,Delaware,2001-03-31,161487.91367177918
52,State,South Dakota,2001-03-31,109920.67535414494
37,State,North Dakota,2001-03-31,
3,State,Alaska,2001-03-31,152127.03948795327
12,State,District of Columbia,2001-03-31,178149.2221166636
58,State,Vermont,2001-03-31,129379.22524833772
62,State,Wyoming,2001-03-31,
9,State,California,2001-04-30,223146.4158186147
54,State,Texas,2001-04-30,117706.86328118797
14,State,Florida,2001-04-30,119123.27379989464
43,State,New York,2001-04-30,169265.74562213203
47,State,Pennsylvania,2001-04-30,108077.09385948729
21,State,Illinois,2001-04-30,144107.29154538468
44,State,Ohio,2001-04-30,113590.9498478975
16,State,Georgia,2001-04-30,139993.71813904343
36,State,North Carolina,2001-04-30,138709.6782869091
30,State,Michigan,2001-04-30,129713.05440384976
40,State,New Jersey,2001-04-30,192452.52940437768
56,State,Virginia,2001-04-30,138483.2907573019
59,State,Washington,2001-04-30,190491.3507862324
8,State,Arizona,2001-04-30,146464.51564925848
26,State,Massachusetts,2001-04-30,235301.91030709885
53,State,Tennessee,2001-04-30,119310.64722667092
22,State,Indiana,2001-04-30,102891.3004492016
27,State,Maryland,2001-04-30,163509.4603091679
32,State,Missouri,2001-04-30,107288.19802536177
60,State,Wisconsin,2001-04-30,131580.5028645588
10,State,Colorado,2001-04-30,207588.49311162345
31,State,Minnesota,2001-04-30,147946.13722060542
51,State,South Carolina,2001-04-30,123292.9036206755
4,State,Alabama,2001-04-30,107684.59258732136
25,State,Louisiana,2001-04-30,118866.5254775079
24,State,Kentucky,2001-04-30,97319.86711586257
46,State,Oregon,2001-04-30,161449.28169997924
45,State,Oklahoma,2001-04-30,90063.40819371866
11,State,Connecticut,2001-04-30,182689.13870729445
55,State,Utah,2001-04-30,180407.12951214984
19,State,Iowa,2001-04-30,98624.58048230468
42,State,Nevada,2001-04-30,167119.22078632243
6,State,Arkansas,2001-04-30,95102.32574586496
34,State,Mississippi,2001-04-30,96466.46073154204
23,State,Kansas,2001-04-30,96959.7362179858
41,State,New Mexico,2001-04-30,
38,State,Nebraska,2001-04-30,115845.37923750324
20,State,Idaho,2001-04-30,131778.99116901492
61,State,West Virginia,2001-04-30,79477.00918652567
18,State,Hawaii,2001-04-30,207542.12690759063
39,State,New Hampshire,2001-04-30,158560.7492743405
28,State,Maine,2001-04-30,123431.93008711994
50,State,Rhode Island,2001-04-30,151752.21501813325
35,State,Montana,2001-04-30,
13,State,Delaware,2001-04-30,162232.28544027172
52,State,South Dakota,2001-04-30,110336.3486528913
37,State,North Dakota,2001-04-30,
3,State,Alaska,2001-04-30,155913.95225656626
12,State,District of Columbia,2001-04-30,179921.13202097826
58,State,Vermont,2001-04-30,130344.22662164007
62,State,Wyoming,2001-04-30,
9,State,California,2001-05-31,225945.009172068
54,State,Texas,2001-05-31,117752.13481898449
14,State,Florida,2001-05-31,120041.62264142808
43,State,New York,2001-05-31,170328.85692777304
47,State,Pennsylvania,2001-05-31,108540.53869996069
21,State,Illinois,2001-05-31,144970.53156765594
44,State,Ohio,2001-05-31,113937.63355911268
16,State,Georgia,2001-05-31,140709.56740585517
36,State,North Carolina,2001-05-31,139032.9177091173
30,State,Michigan,2001-05-31,130271.61501362215
40,State,New Jersey,2001-05-31,194013.39085084488
56,State,Virginia,2001-05-31,139482.38483466365
59,State,Washington,2001-05-31,191172.29373949152
8,State,Arizona,2001-05-31,147116.3333201796
26,State,Massachusetts,2001-05-31,237947.61898715855
53,State,Tennessee,2001-05-31,119608.98252377352
22,State,Indiana,2001-05-31,103094.8579298314
27,State,Maryland,2001-05-31,164405.54936341927
32,State,Missouri,2001-05-31,107926.92739534871
60,State,Wisconsin,2001-05-31,132204.3433644653
10,State,Colorado,2001-05-31,209463.65606305815
31,State,Minnesota,2001-05-31,149418.04074387715
51,State,South Carolina,2001-05-31,123673.42568975526
4,State,Alabama,2001-05-31,107944.52826713154
25,State,Louisiana,2001-05-31,119351.59653385251
24,State,Kentucky,2001-05-31,97757.75466710546
46,State,Oregon,2001-05-31,161908.97254956336
45,State,Oklahoma,2001-05-31,90377.9865525822
11,State,Connecticut,2001-05-31,184053.14548898657
55,State,Utah,2001-05-31,180509.0683925556
19,State,Iowa,2001-05-31,98936.53535581884
42,State,Nevada,2001-05-31,168034.52255192553
6,State,Arkansas,2001-05-31,95434.6556639028
34,State,Mississippi,2001-05-31,96806.80206462673
23,State,Kansas,2001-05-31,97505.69639326028
41,State,New Mexico,2001-05-31,
38,State,Nebraska,2001-05-31,112222.20561834567
20,State,Idaho,2001-05-31,132317.55814926483
61,State,West Virginia,2001-05-31,79793.91000571862
18,State,Hawaii,2001-05-31,208544.8141662829
39,State,New Hampshire,2001-05-31,160557.0905640681
28,State,Maine,2001-05-31,124543.05691105976
50,State,Rhode Island,2001-05-31,153217.3988161591
35,State,Montana,2001-05-31,
13,State,Delaware,2001-05-31,163004.22637344824
52,State,South Dakota,2001-05-31,110944.68447251024
37,State,North Dakota,2001-05-31,
3,State,Alaska,2001-05-31,159051.98702438883
12,State,District of Columbia,2001-05-31,181943.7369710673
58,State,Vermont,2001-05-31,131235.50325642226
62,State,Wyoming,2001-05-31,
9,State,California,2001-06-30,228487.2997107973
54,State,Texas,2001-06-30,117889.4081937758
14,State,Florida,2001-06-30,121000.230773243
43,State,New York,2001-06-30,171502.27609954303
47,State,Pennsylvania,2001-06-30,109012.38703088346
21,State,Illinois,2001-06-30,145880.25873078758
44,State,Ohio,2001-06-30,114278.93485616284
16,State,Georgia,2001-06-30,141424.3536624613
36,State,North Carolina,2001-06-30,139358.0454317813
30,State,Michigan,2001-06-30,130841.84625607416
40,State,New Jersey,2001-06-30,195752.2236757694
56,State,Virginia,2001-06-30,140481.6903225476
59,State,Washington,2001-06-30,191869.18407274727
8,State,Arizona,2001-06-30,147773.79526922677
26,State,Massachusetts,2001-06-30,240725.60990426724
53,State,Tennessee,2001-06-30,119900.24698717124
22,State,Indiana,2001-06-30,103456.09323453125
27,State,Maryland,2001-06-30,165484.21229971605
32,State,Missouri,2001-06-30,108625.32493174705
60,State,Wisconsin,2001-06-30,132862.38553353192
10,State,Colorado,2001-06-30,211139.15712755593
31,State,Minnesota,2001-06-30,150891.30768435908
51,State,South Carolina,2001-06-30,124077.59672217308
4,State,Alabama,2001-06-30,108212.17296039582
25,State,Louisiana,2001-06-30,119795.48398291212
24,State,Kentucky,2001-06-30,98224.15285948444
46,State,Oregon,2001-06-30,162388.30776702563
45,State,Oklahoma,2001-06-30,90690.08970992312
11,State,Connecticut,2001-06-30,185428.0097023681
55,State,Utah,2001-06-30,180679.70043987792
19,State,Iowa,2001-06-30,99334.44557567938
42,State,Nevada,2001-06-30,168922.12352386824
6,State,Arkansas,2001-06-30,95812.21022620185
34,State,Mississippi,2001-06-30,97168.02203614714
23,State,Kansas,2001-06-30,98034.47104409548
41,State,New Mexico,2001-06-30,
38,State,Nebraska,2001-06-30,111310.20545702025
20,State,Idaho,2001-06-30,132718.1682907469
61,State,West Virginia,2001-06-30,80115.21093467233
18,State,Hawaii,2001-06-30,209684.1010788648
39,State,New Hampshire,2001-06-30,162693.61663626911
28,State,Maine,2001-06-30,125769.12923339968
50,State,Rhode Island,2001-06-30,154728.63616973287
35,State,Montana,2001-06-30,
13,State,Delaware,2001-06-30,163762.19353683616
52,State,South Dakota,2001-06-30,111258.08571611166
37,State,North Dakota,2001-06-30,
3,State,Alaska,2001-06-30,161687.06795510653
12,State,District of Columbia,2001-06-30,183895.00555808257
58,State,Vermont,2001-06-30,132076.4569265059
62,State,Wyoming,2001-06-30,
9,State,California,2001-07-31,230867.45764950465
54,State,Texas,2001-07-31,118050.66268350312
14,State,Florida,2001-07-31,122030.76241095657
43,State,New York,2001-07-31,172734.19133175685
47,State,Pennsylvania,2001-07-31,109520.04498104755
21,State,Illinois,2001-07-31,146818.72407846423
44,State,Ohio,2001-07-31,114659.72559693508
16,State,Georgia,2001-07-31,142137.26347604356
36,State,North Carolina,2001-07-31,139668.39036081187
30,State,Michigan,2001-07-31,131433.0077442384
40,State,New Jersey,2001-07-31,197624.67487732068
56,State,Virginia,2001-07-31,141557.66885742883
59,State,Washington,2001-07-31,192528.3023224944
8,State,Arizona,2001-07-31,148399.3046636817
26,State,Massachusetts,2001-07-31,243671.50297985427
53,State,Tennessee,2001-07-31,120179.40240734098
22,State,Indiana,2001-07-31,103894.85848593862
27,State,Maryland,2001-07-31,166643.54686159766
32,State,Missouri,2001-07-31,109338.86447429864
60,State,Wisconsin,2001-07-31,133563.29300488438
10,State,Colorado,2001-07-31,212791.5288668494
31,State,Minnesota,2001-07-31,152436.41789757618
51,State,South Carolina,2001-07-31,124572.61079771344
4,State,Alabama,2001-07-31,108514.97497984282
25,State,Louisiana,2001-07-31,120221.74244135518
24,State,Kentucky,2001-07-31,98689.41524776984
46,State,Oregon,2001-07-31,162949.50691233718
45,State,Oklahoma,2001-07-31,90984.06730916136
11,State,Connecticut,2001-07-31,186760.7492437138
55,State,Utah,2001-07-31,180821.55866600797
19,State,Iowa,2001-07-31,99737.02216508296
42,State,Nevada,2001-07-31,169867.94767859936
6,State,Arkansas,2001-07-31,96247.49502502172
34,State,Mississippi,2001-07-31,97467.94749710769
23,State,Kansas,2001-07-31,98552.84771811952
41,State,New Mexico,2001-07-31,
38,State,Nebraska,2001-07-31,111282.39895865256
20,State,Idaho,2001-07-31,133129.16260318132
61,State,West Virginia,2001-07-31,80436.42364667695
18,State,Hawaii,2001-07-31,210934.8241922121
39,State,New Hampshire,2001-07-31,164831.86758455457
28,State,Maine,2001-07-31,127151.00471148714
50,State,Rhode Island,2001-07-31,156348.94653433876
35,State,Montana,2001-07-31,
13,State,Delaware,2001-07-31,164483.77490202265
52,State,South Dakota,2001-07-31,111557.77029197842
37,State,North Dakota,2001-07-31,
3,State,Alaska,2001-07-31,164158.70023356224
12,State,District of Columbia,2001-07-31,185856.26833078417
58,State,Vermont,2001-07-31,132939.246732422
62,State,Wyoming,2001-07-31,
9,State,California,2001-08-31,233160.77539668433
54,State,Texas,2001-08-31,118195.50620962775
14,State,Florida,2001-08-31,123123.05675875774
43,State,New York,2001-08-31,174027.33124060495
47,State,Pennsylvania,2001-08-31,110079.26751155192
21,State,Illinois,2001-08-31,147967.34318733247
44,State,Ohio,2001-08-31,115082.41338476968
16,State,Georgia,2001-08-31,142861.23637991675
36,State,North Carolina,2001-08-31,140021.56961008036
30,State,Michigan,2001-08-31,132059.44985915502
40,State,New Jersey,2001-08-31,199691.52851219513
56,State,Virginia,2001-08-31,142641.5785230122
59,State,Washington,2001-08-31,193340.3282623357
8,State,Arizona,2001-08-31,149017.89880955798
26,State,Massachusetts,2001-08-31,246881.4638758558
53,State,Tennessee,2001-08-31,120508.15366969716
22,State,Indiana,2001-08-31,104280.28005296893
27,State,Maryland,2001-08-31,167921.9384463355
32,State,Missouri,2001-08-31,109993.38931236754
60,State,Wisconsin,2001-08-31,134301.45752533295
10,State,Colorado,2001-08-31,214419.27875476648
31,State,Minnesota,2001-08-31,154118.96730151292
51,State,South Carolina,2001-08-31,124977.110837423
4,State,Alabama,2001-08-31,108784.23437320087
25,State,Louisiana,2001-08-31,120701.94932783527
24,State,Kentucky,2001-08-31,99100.27019540285
46,State,Oregon,2001-08-31,163587.92210997178
45,State,Oklahoma,2001-08-31,91312.48538582238
11,State,Connecticut,2001-08-31,188486.12018023964
55,State,Utah,2001-08-31,181097.68358274395
19,State,Iowa,2001-08-31,100177.05041036732
42,State,Nevada,2001-08-31,170832.69162547638
6,State,Arkansas,2001-08-31,96609.8939321952
34,State,Mississippi,2001-08-31,97808.60511272404
23,State,Kansas,2001-08-31,99039.12890798273
41,State,New Mexico,2001-08-31,
38,State,Nebraska,2001-08-31,111455.08383139948
20,State,Idaho,2001-08-31,133627.21465278303
61,State,West Virginia,2001-08-31,80734.14411689925
18,State,Hawaii,2001-08-31,212154.90506278732
39,State,New Hampshire,2001-08-31,166785.11704783695
28,State,Maine,2001-08-31,128335.9909646111
50,State,Rhode Island,2001-08-31,158286.43618581726
35,State,Montana,2001-08-31,
13,State,Delaware,2001-08-31,165248.05018256875
52,State,South Dakota,2001-08-31,111629.42239102228
37,State,North Dakota,2001-08-31,
3,State,Alaska,2001-08-31,165947.43228159877
12,State,District of Columbia,2001-08-31,188018.3548675122
58,State,Vermont,2001-08-31,133733.0987227686
62,State,Wyoming,2001-08-31,
9,State,California,2001-09-30,235386.6551277413
54,State,Texas,2001-09-30,118347.84161538236
14,State,Florida,2001-09-30,124255.4525313564
43,State,New York,2001-09-30,175292.0785303067
47,State,Pennsylvania,2001-09-30,110645.28092052792
21,State,Illinois,2001-09-30,149285.74113504836
44,State,Ohio,2001-09-30,115513.53104502482
16,State,Georgia,2001-09-30,143582.64368033563
36,State,North Carolina,2001-09-30,140382.6184307972
30,State,Michigan,2001-09-30,132740.57551675526
40,State,New Jersey,2001-09-30,201907.81296903535
56,State,Virginia,2001-09-30,143759.04343404717
59,State,Washington,2001-09-30,194077.7143766044
8,State,Arizona,2001-09-30,149640.52424555694
26,State,Massachusetts,2001-09-30,249999.8257391973
53,State,Tennessee,2001-09-30,120856.50496873831
22,State,Indiana,2001-09-30,104486.21860711194
27,State,Maryland,2001-09-30,169231.44526659898
32,State,Missouri,2001-09-30,110622.4483709561
60,State,Wisconsin,2001-09-30,135043.82962381002
10,State,Colorado,2001-09-30,215948.46739135683
31,State,Minnesota,2001-09-30,155914.8137851275
51,State,South Carolina,2001-09-30,125323.15995094107
4,State,Alabama,2001-09-30,109086.77770649556
25,State,Louisiana,2001-09-30,121188.15868212376
24,State,Kentucky,2001-09-30,99453.68930450156
46,State,Oregon,2001-09-30,164186.59820384523
45,State,Oklahoma,2001-09-30,91657.62135475744
11,State,Connecticut,2001-09-30,190396.213998902
55,State,Utah,2001-09-30,181354.0863688533
19,State,Iowa,2001-09-30,100616.39882218972
42,State,Nevada,2001-09-30,171828.37414125216
6,State,Arkansas,2001-09-30,96920.74905281464
34,State,Mississippi,2001-09-30,98122.0319750061
23,State,Kansas,2001-09-30,99476.09997145704
41,State,New Mexico,2001-09-30,
38,State,Nebraska,2001-09-30,111696.19633711057
20,State,Idaho,2001-09-30,134164.3272355441
61,State,West Virginia,2001-09-30,80987.0314688505
18,State,Hawaii,2001-09-30,213504.2743907666
39,State,New Hampshire,2001-09-30,168747.9694361606
28,State,Maine,2001-09-30,129460.50643996212
50,State,Rhode Island,2001-09-30,160415.70006071814
35,State,Montana,2001-09-30,
13,State,Delaware,2001-09-30,166060.73205342173
52,State,South Dakota,2001-09-30,111723.02678555684
37,State,North Dakota,2001-09-30,
3,State,Alaska,2001-09-30,167203.70239740165
12,State,District of Columbia,2001-09-30,190316.74263897084
58,State,Vermont,2001-09-30,134534.56336289624
62,State,Wyoming,2001-09-30,
9,State,California,2001-10-31,237467.90059118776
54,State,Texas,2001-10-31,118507.18112003048
14,State,Florida,2001-10-31,125390.95555889
43,State,New York,2001-10-31,176623.27019296086
47,State,Pennsylvania,2001-10-31,111165.39205135754
21,State,Illinois,2001-10-31,150802.4966960943
44,State,Ohio,2001-10-31,115927.22905676453
16,State,Georgia,2001-10-31,144295.8670540069
36,State,North Carolina,2001-10-31,140780.0312098438
30,State,Michigan,2001-10-31,133430.16195431384
40,State,New Jersey,2001-10-31,204220.2521039853
56,State,Virginia,2001-10-31,144828.9173849651
59,State,Washington,2001-10-31,194901.1204137141
8,State,Arizona,2001-10-31,150313.26953928298
26,State,Massachusetts,2001-10-31,253324.06964064183
53,State,Tennessee,2001-10-31,121238.8475721474
22,State,Indiana,2001-10-31,104801.57252017123
27,State,Maryland,2001-10-31,170480.10786087727
32,State,Missouri,2001-10-31,111279.5325190272
60,State,Wisconsin,2001-10-31,135764.9166519515
10,State,Colorado,2001-10-31,217284.7275672989
31,State,Minnesota,2001-10-31,157770.0621447157
51,State,South Carolina,2001-10-31,125646.3347921776
4,State,Alabama,2001-10-31,109434.5283191332
25,State,Louisiana,2001-10-31,121664.867642727
24,State,Kentucky,2001-10-31,99764.58826949964
46,State,Oregon,2001-10-31,164763.66652163747
45,State,Oklahoma,2001-10-31,91980.98504615668
11,State,Connecticut,2001-10-31,192549.3551904721
55,State,Utah,2001-10-31,181623.43972841967
19,State,Iowa,2001-10-31,101063.0397539811
42,State,Nevada,2001-10-31,172839.64444494585
6,State,Arkansas,2001-10-31,97119.99079876248
34,State,Mississippi,2001-10-31,98607.13080704288
23,State,Kansas,2001-10-31,99906.26004006412
41,State,New Mexico,2001-10-31,
38,State,Nebraska,2001-10-31,111928.40523776897
20,State,Idaho,2001-10-31,134669.4825401984
61,State,West Virginia,2001-10-31,81258.81395970813
18,State,Hawaii,2001-10-31,214884.05665176947
39,State,New Hampshire,2001-10-31,170632.3626276194
28,State,Maine,2001-10-31,130471.69010717394
50,State,Rhode Island,2001-10-31,162793.68915463655
35,State,Montana,2001-10-31,
13,State,Delaware,2001-10-31,166928.549680808
52,State,South Dakota,2001-10-31,111937.24824505852
37,State,North Dakota,2001-10-31,
3,State,Alaska,2001-10-31,168039.98573014664
12,State,District of Columbia,2001-10-31,192621.5508989875
58,State,Vermont,2001-10-31,135396.28745540464
62,State,Wyoming,2001-10-31,
9,State,California,2001-11-30,239423.10002231717
54,State,Texas,2001-11-30,118623.60053787834
14,State,Florida,2001-11-30,126479.9466003938
43,State,New York,2001-11-30,178016.7993803867
47,State,Pennsylvania,2001-11-30,111693.53709801046
21,State,Illinois,2001-11-30,151959.81149623988
44,State,Ohio,2001-11-30,116301.07599415776
16,State,Georgia,2001-11-30,144942.23494913089
36,State,North Carolina,2001-11-30,141090.36962584153
30,State,Michigan,2001-11-30,134056.02424871747
40,State,New Jersey,2001-11-30,206335.17229679076
56,State,Virginia,2001-11-30,145936.1898921378
59,State,Washington,2001-11-30,195625.13169047024
8,State,Arizona,2001-11-30,151010.31716270928
26,State,Massachusetts,2001-11-30,256589.87149319207
53,State,Tennessee,2001-11-30,121552.12297572174
22,State,Indiana,2001-11-30,105047.6291801462
27,State,Maryland,2001-11-30,171702.58399305874
32,State,Missouri,2001-11-30,111979.64204981046
60,State,Wisconsin,2001-11-30,136450.72492860764
10,State,Colorado,2001-11-30,218373.63876845213
31,State,Minnesota,2001-11-30,159535.71705126017
51,State,South Carolina,2001-11-30,125984.90786605827
4,State,Alabama,2001-11-30,109775.50624124386
25,State,Louisiana,2001-11-30,122121.3702550438
24,State,Kentucky,2001-11-30,100061.518724131
46,State,Oregon,2001-11-30,165277.61199199493
45,State,Oklahoma,2001-11-30,92247.60158373608
11,State,Connecticut,2001-11-30,194430.70565384685
55,State,Utah,2001-11-30,181820.2848328341
19,State,Iowa,2001-11-30,101494.77875630152
42,State,Nevada,2001-11-30,173784.74597516132
6,State,Arkansas,2001-11-30,97257.21273309272
34,State,Mississippi,2001-11-30,98970.87542589412
23,State,Kansas,2001-11-30,100322.19221502816
41,State,New Mexico,2001-11-30,
38,State,Nebraska,2001-11-30,112157.05589768285
20,State,Idaho,2001-11-30,134990.5614343052
61,State,West Virginia,2001-11-30,81422.81346400913
18,State,Hawaii,2001-11-30,216108.98253281516
39,State,New Hampshire,2001-11-30,172450.27677022325
28,State,Maine,2001-11-30,131671.5257863884
50,State,Rhode Island,2001-11-30,164920.068212637
35,State,Montana,2001-11-30,
13,State,Delaware,2001-11-30,167831.29443352993
52,State,South Dakota,2001-11-30,112192.62588948084
37,State,North Dakota,2001-11-30,
3,State,Alaska,2001-11-30,169000.01099425694
12,State,District of Columbia,2001-11-30,194821.6011824048
58,State,Vermont,2001-11-30,136420.65634486984
62,State,Wyoming,2001-11-30,
9,State,California,2001-12-31,241251.46410896248
54,State,Texas,2001-12-31,118717.65384266328
14,State,Florida,2001-12-31,127547.97438083711
43,State,New York,2001-12-31,179496.45123344086
47,State,Pennsylvania,2001-12-31,112193.11945235444
21,State,Illinois,2001-12-31,152816.18163539868
44,State,Ohio,2001-12-31,116639.1772833906
16,State,Georgia,2001-12-31,145544.7003558112
36,State,North Carolina,2001-12-31,141362.3994881813
30,State,Michigan,2001-12-31,134635.24359671865
40,State,New Jersey,2001-12-31,208241.1330473365
56,State,Virginia,2001-12-31,146987.1262221626
59,State,Washington,2001-12-31,196510.05137525225
8,State,Arizona,2001-12-31,151662.0711196552
26,State,Massachusetts,2001-12-31,259664.18358941204
53,State,Tennessee,2001-12-31,121790.41779295674
22,State,Indiana,2001-12-31,105383.00461998656
27,State,Maryland,2001-12-31,172944.36098359665
32,State,Missouri,2001-12-31,112690.26767763877
60,State,Wisconsin,2001-12-31,137109.19807314486
10,State,Colorado,2001-12-31,219228.9184232225
31,State,Minnesota,2001-12-31,161046.7205063659
51,State,South Carolina,2001-12-31,126323.7131114952
4,State,Alabama,2001-12-31,110028.79089476104
25,State,Louisiana,2001-12-31,122526.52949256322
24,State,Kentucky,2001-12-31,100329.50351768
46,State,Oregon,2001-12-31,165820.91360993675
45,State,Oklahoma,2001-12-31,92485.08148300344
11,State,Connecticut,2001-12-31,195989.89683382216
55,State,Utah,2001-12-31,181909.11402497403
19,State,Iowa,2001-12-31,101937.11515697389
42,State,Nevada,2001-12-31,174763.27224530574
6,State,Arkansas,2001-12-31,97338.03987421602
34,State,Mississippi,2001-12-31,99257.62280652276
23,State,Kansas,2001-12-31,100748.86200385862
41,State,New Mexico,2001-12-31,
38,State,Nebraska,2001-12-31,112406.50998147832
20,State,Idaho,2001-12-31,135274.35426611197
61,State,West Virginia,2001-12-31,81536.24248774066
18,State,Hawaii,2001-12-31,217200.75607659985
39,State,New Hampshire,2001-12-31,174252.12915163476
28,State,Maine,2001-12-31,132837.3128501528
50,State,Rhode Island,2001-12-31,166994.0807365796
35,State,Montana,2001-12-31,
13,State,Delaware,2001-12-31,168753.43126942363
52,State,South Dakota,2001-12-31,112362.3969440078
37,State,North Dakota,2001-12-31,
3,State,Alaska,2001-12-31,170082.31710971092
12,State,District of Columbia,2001-12-31,197052.9307936642
58,State,Vermont,2001-12-31,137490.2312039472
62,State,Wyoming,2001-12-31,
9,State,California,2002-01-31,242728.7104784928
54,State,Texas,2002-01-31,118749.74554168392
14,State,Florida,2002-01-31,128512.2845746645
43,State,New York,2002-01-31,180957.335706152
47,State,Pennsylvania,2002-01-31,112690.19064635767
21,State,Illinois,2002-01-31,153407.34866446047
44,State,Ohio,2002-01-31,116925.29431315784
16,State,Georgia,2002-01-31,146057.43220324084
36,State,North Carolina,2002-01-31,141590.32314799062
30,State,Michigan,2002-01-31,135233.5973856214
40,State,New Jersey,2002-01-31,210024.65999439717
56,State,Virginia,2002-01-31,147973.2594895777
59,State,Washington,2002-01-31,197257.82831526708
8,State,Arizona,2002-01-31,152207.09908788453
26,State,Massachusetts,2002-01-31,262164.15283868014
53,State,Tennessee,2002-01-31,121961.6561594513
22,State,Indiana,2002-01-31,105431.88272509488
27,State,Maryland,2002-01-31,174193.08648690608
32,State,Missouri,2002-01-31,113338.34603926683
60,State,Wisconsin,2002-01-31,137731.79901451754
10,State,Colorado,2002-01-31,219714.25213332343
31,State,Minnesota,2002-01-31,162301.37555162373
51,State,South Carolina,2002-01-31,126581.6894173888
4,State,Alabama,2002-01-31,110178.41526696384
25,State,Louisiana,2002-01-31,122835.13986407286
24,State,Kentucky,2002-01-31,100552.02990605084
46,State,Oregon,2002-01-31,166341.53345836222
45,State,Oklahoma,2002-01-31,92711.41477985065
11,State,Connecticut,2002-01-31,197221.5060386196
55,State,Utah,2002-01-31,181931.06590104368
19,State,Iowa,2002-01-31,102227.81512702673
42,State,Nevada,2002-01-31,175646.80583269487
6,State,Arkansas,2002-01-31,97431.81749181764
34,State,Mississippi,2002-01-31,99399.66166583014
23,State,Kansas,2002-01-31,101152.93272311152
41,State,New Mexico,2002-01-31,
38,State,Nebraska,2002-01-31,112714.63398307218
20,State,Idaho,2002-01-31,135456.22102843295
61,State,West Virginia,2002-01-31,81628.78234822564
18,State,Hawaii,2002-01-31,217976.88790385737
39,State,New Hampshire,2002-01-31,176051.00844529594
28,State,Maine,2002-01-31,134166.37200584626
50,State,Rhode Island,2002-01-31,168687.44934657865
35,State,Montana,2002-01-31,
13,State,Delaware,2002-01-31,169694.6932738333
52,State,South Dakota,2002-01-31,112496.12031978104
37,State,North Dakota,2002-01-31,
3,State,Alaska,2002-01-31,170875.553508213
12,State,District of Columbia,2002-01-31,199191.32356168635
58,State,Vermont,2002-01-31,138606.02269958516
62,State,Wyoming,2002-01-31,
9,State,California,2002-02-28,244239.00952850183
54,State,Texas,2002-02-28,118838.7101891728
14,State,Florida,2002-02-28,129404.28367823252
43,State,New York,2002-02-28,182283.60713982105
47,State,Pennsylvania,2002-02-28,113182.4887363406
21,State,Illinois,2002-02-28,154098.74830367873
44,State,Ohio,2002-02-28,117160.12797287056
16,State,Georgia,2002-02-28,146551.29932932355
36,State,North Carolina,2002-02-28,141783.13033282536
30,State,Michigan,2002-02-28,135746.30600283472
40,State,New Jersey,2002-02-28,211861.30372676847
56,State,Virginia,2002-02-28,148950.89322546156
59,State,Washington,2002-02-28,197986.10064865975
8,State,Arizona,2002-02-28,152700.61951103612
26,State,Massachusetts,2002-02-28,264305.62479200965
53,State,Tennessee,2002-02-28,122146.94188369944
22,State,Indiana,2002-02-28,105418.35073494898
27,State,Maryland,2002-02-28,175398.5468240819
32,State,Missouri,2002-02-28,113954.98907258578
60,State,Wisconsin,2002-02-28,138308.34196922887
10,State,Colorado,2002-02-28,220149.53417318608
31,State,Minnesota,2002-02-28,163348.54874657013
51,State,South Carolina,2002-02-28,126737.04711152687
4,State,Alabama,2002-02-28,110340.0118631455
25,State,Louisiana,2002-02-28,123180.66726000416
24,State,Kentucky,2002-02-28,100773.19016643734
46,State,Oregon,2002-02-28,166849.28192840316
45,State,Oklahoma,2002-02-28,92990.51874157808
11,State,Connecticut,2002-02-28,198346.07797831937
55,State,Utah,2002-02-28,181848.62640233443
19,State,Iowa,2002-02-28,102419.21223800372
42,State,Nevada,2002-02-28,176424.87905547197
6,State,Arkansas,2002-02-28,97581.41062457366
34,State,Mississippi,2002-02-28,99447.68137778172
23,State,Kansas,2002-02-28,101490.31722683928
41,State,New Mexico,2002-02-28,
38,State,Nebraska,2002-02-28,113010.42091223598
20,State,Idaho,2002-02-28,135721.9181137485
61,State,West Virginia,2002-02-28,81838.13294379231
18,State,Hawaii,2002-02-28,218986.8034882154
39,State,New Hampshire,2002-02-28,177777.61041780407
28,State,Maine,2002-02-28,135507.6721660235
50,State,Rhode Island,2002-02-28,170435.7951659033
35,State,Montana,2002-02-28,
13,State,Delaware,2002-02-28,170640.6881638732
52,State,South Dakota,2002-02-28,112974.96106582186
37,State,North Dakota,2002-02-28,
3,State,Alaska,2002-02-28,171510.4281493663
12,State,District of Columbia,2002-02-28,201335.99302091775
58,State,Vermont,2002-02-28,139710.45198156053
62,State,Wyoming,2002-02-28,
9,State,California,2002-03-31,246006.7764686941
54,State,Texas,2002-03-31,119061.64297024278
14,State,Florida,2002-03-31,130276.39455924364
43,State,New York,2002-03-31,183408.4111215158
47,State,Pennsylvania,2002-03-31,113695.78260887736
21,State,Illinois,2002-03-31,154938.7777937431
44,State,Ohio,2002-03-31,117385.78776342266
16,State,Georgia,2002-03-31,147000.14948809112
36,State,North Carolina,2002-03-31,141966.58661936436
30,State,Michigan,2002-03-31,136197.33492927355
40,State,New Jersey,2002-03-31,213737.82870720385
56,State,Virginia,2002-03-31,149976.38458029015
59,State,Washington,2002-03-31,198626.0031522092
8,State,Arizona,2002-03-31,153236.61217440516
26,State,Massachusetts,2002-03-31,266487.0423366297
53,State,Tennessee,2002-03-31,122338.84097601574
22,State,Indiana,2002-03-31,105244.54877252912
27,State,Maryland,2002-03-31,176608.84105826798
32,State,Missouri,2002-03-31,114486.40835653548
60,State,Wisconsin,2002-03-31,138834.1066212384
10,State,Colorado,2002-03-31,220772.33399266715
31,State,Minnesota,2002-03-31,164314.18272399876
51,State,South Carolina,2002-03-31,126872.03270753198
4,State,Alabama,2002-03-31,110476.11529750576
25,State,Louisiana,2002-03-31,123582.4545686579
24,State,Kentucky,2002-03-31,100980.75595828512
46,State,Oregon,2002-03-31,167346.10565884624
45,State,Oklahoma,2002-03-31,93254.46162838716
11,State,Connecticut,2002-03-31,199643.62185378445
55,State,Utah,2002-03-31,181900.23873027717
19,State,Iowa,2002-03-31,102516.39131189894
42,State,Nevada,2002-03-31,177281.03712462145
6,State,Arkansas,2002-03-31,97770.57030199234
34,State,Mississippi,2002-03-31,99489.4333114072
23,State,Kansas,2002-03-31,101792.86733990448
41,State,New Mexico,2002-03-31,
38,State,Nebraska,2002-03-31,113378.2475550638
20,State,Idaho,2002-03-31,135925.80506517898
61,State,West Virginia,2002-03-31,82134.84416848519
18,State,Hawaii,2002-03-31,220144.2200716494
39,State,New Hampshire,2002-03-31,179310.43898206562
28,State,Maine,2002-03-31,136925.80961089474
50,State,Rhode Island,2002-03-31,172146.00630991845
35,State,Montana,2002-03-31,
13,State,Delaware,2002-03-31,171650.2098929773
52,State,South Dakota,2002-03-31,113355.34908189673
37,State,North Dakota,2002-03-31,
3,State,Alaska,2002-03-31,172039.39160336382
12,State,District of Columbia,2002-03-31,203327.79912793133
58,State,Vermont,2002-03-31,140849.59347569704
62,State,Wyoming,2002-03-31,
9,State,California,2002-04-30,248392.11509252564
54,State,Texas,2002-04-30,119453.6811711963
14,State,Florida,2002-04-30,131257.68038175258
43,State,New York,2002-04-30,184517.209200702
47,State,Pennsylvania,2002-04-30,114260.62858903017
21,State,Illinois,2002-04-30,155723.08838666978
44,State,Ohio,2002-04-30,117613.90847543949
16,State,Georgia,2002-04-30,147479.30445723547
36,State,North Carolina,2002-04-30,142087.27548739585
30,State,Michigan,2002-04-30,136527.84099197944
40,State,New Jersey,2002-04-30,215628.77658088543
56,State,Virginia,2002-04-30,151135.2711894577
59,State,Washington,2002-04-30,199211.5480459301
8,State,Arizona,2002-04-30,153831.97472079005
26,State,Massachusetts,2002-04-30,268808.95874543156
53,State,Tennessee,2002-04-30,122512.4330371064
22,State,Indiana,2002-04-30,105093.87064096816
27,State,Maryland,2002-04-30,177968.14280297884
32,State,Missouri,2002-04-30,114993.17619659168
60,State,Wisconsin,2002-04-30,139337.64073709326
10,State,Colorado,2002-04-30,221580.7420844903
31,State,Minnesota,2002-04-30,165234.05497835274
51,State,South Carolina,2002-04-30,126997.64679924188
4,State,Alabama,2002-04-30,110630.22320974457
25,State,Louisiana,2002-04-30,124055.73300062052
24,State,Kentucky,2002-04-30,101193.7213628316
46,State,Oregon,2002-04-30,167860.45410045484
45,State,Oklahoma,2002-04-30,93534.1809273542
11,State,Connecticut,2002-04-30,201175.02930724135
55,State,Utah,2002-04-30,182030.23110131177
19,State,Iowa,2002-04-30,102778.02354923346
42,State,Nevada,2002-04-30,178256.9058233303
6,State,Arkansas,2002-04-30,97990.25830968596
34,State,Mississippi,2002-04-30,99446.44560515096
23,State,Kansas,2002-04-30,102074.77836317744
41,State,New Mexico,2002-04-30,135817.89945022375
38,State,Nebraska,2002-04-30,113678.15885858495
20,State,Idaho,2002-04-30,136147.07991014523
61,State,West Virginia,2002-04-30,82389.98264844873
18,State,Hawaii,2002-04-30,221628.06074144228
39,State,New Hampshire,2002-04-30,180937.15741194753
28,State,Maine,2002-04-30,138384.6462442548
50,State,Rhode Island,2002-04-30,174109.11994270716
35,State,Montana,2002-04-30,
13,State,Delaware,2002-04-30,172708.72630893637
52,State,South Dakota,2002-04-30,113617.09716544989
37,State,North Dakota,2002-04-30,
3,State,Alaska,2002-04-30,172907.6030687905
12,State,District of Columbia,2002-04-30,205640.2300577589
58,State,Vermont,2002-04-30,141946.87590994762
62,State,Wyoming,2002-04-30,146050.93006312387
9,State,California,2002-05-31,251177.27635694176
54,State,Texas,2002-05-31,119915.54822345714
14,State,Florida,2002-05-31,132334.34508904023
43,State,New York,2002-05-31,185699.1956989017
47,State,Pennsylvania,2002-05-31,114877.82109694312
21,State,Illinois,2002-05-31,156554.80187541715
44,State,Ohio,2002-05-31,117884.07452968428
16,State,Georgia,2002-05-31,147968.0926565123
36,State,North Carolina,2002-05-31,142274.6212925823
30,State,Michigan,2002-05-31,136865.3075362942
40,State,New Jersey,2002-05-31,217590.28116633111
56,State,Virginia,2002-05-31,152328.741567101
59,State,Washington,2002-05-31,199724.54230979344
8,State,Arizona,2002-05-31,154436.2294841161
26,State,Massachusetts,2002-05-31,271315.88002223073
53,State,Tennessee,2002-05-31,122706.17302065845
22,State,Indiana,2002-05-31,105130.04475333076
27,State,Maryland,2002-05-31,179669.26588317324
32,State,Missouri,2002-05-31,115523.01433587402
60,State,Wisconsin,2002-05-31,139869.02576214145
10,State,Colorado,2002-05-31,222494.22814477517
31,State,Minnesota,2002-05-31,166426.19709026357
51,State,South Carolina,2002-05-31,127219.38554646305
4,State,Alabama,2002-05-31,110826.404064529
25,State,Louisiana,2002-05-31,124925.75189500923
24,State,Kentucky,2002-05-31,101390.93623927106
46,State,Oregon,2002-05-31,168512.15868572946
45,State,Oklahoma,2002-05-31,93779.81246598843
11,State,Connecticut,2002-05-31,202985.61547922212
55,State,Utah,2002-05-31,182143.6833702051
19,State,Iowa,2002-05-31,103172.3847880446
42,State,Nevada,2002-05-31,179357.49448301576
6,State,Arkansas,2002-05-31,98274.60714681956
34,State,Mississippi,2002-05-31,99558.62959268932
23,State,Kansas,2002-05-31,102087.47792496136
41,State,New Mexico,2002-05-31,136048.56528401264
38,State,Nebraska,2002-05-31,114095.0932521927
20,State,Idaho,2002-05-31,136392.79515420258
61,State,West Virginia,2002-05-31,82607.36017799347
18,State,Hawaii,2002-05-31,222939.32189553088
39,State,New Hampshire,2002-05-31,182496.8929658922
28,State,Maine,2002-05-31,139774.0995404898
50,State,Rhode Island,2002-05-31,176394.8486886151
35,State,Montana,2002-05-31,
13,State,Delaware,2002-05-31,173756.33945098254
52,State,South Dakota,2002-05-31,113723.57408529242
37,State,North Dakota,2002-05-31,
3,State,Alaska,2002-05-31,173686.98217242557
12,State,District of Columbia,2002-05-31,208243.25895200076
58,State,Vermont,2002-05-31,142975.47898770755
62,State,Wyoming,2002-05-31,144752.73777723056
9,State,California,2002-06-30,254267.4275426649
54,State,Texas,2002-06-30,120433.0075499384
14,State,Florida,2002-06-30,133460.05412886778
43,State,New York,2002-06-30,187071.66563860024
47,State,Pennsylvania,2002-06-30,115557.3643860563
21,State,Illinois,2002-06-30,157375.1173384462
44,State,Ohio,2002-06-30,118186.53818593029
16,State,Georgia,2002-06-30,148468.74059403318
36,State,North Carolina,2002-06-30,142471.1305779321
30,State,Michigan,2002-06-30,137238.69713943932
40,State,New Jersey,2002-06-30,219792.61653553863
56,State,Virginia,2002-06-30,153646.97706941018
59,State,Washington,2002-06-30,200183.63578051157
8,State,Arizona,2002-06-30,155115.71664572047
26,State,Massachusetts,2002-06-30,273921.99632417253
53,State,Tennessee,2002-06-30,122928.04421996653
22,State,Indiana,2002-06-30,105398.21225723578
27,State,Maryland,2002-06-30,181619.16820848803
32,State,Missouri,2002-06-30,116133.92409565389
60,State,Wisconsin,2002-06-30,140446.46159761824
10,State,Colorado,2002-06-30,223267.88840896983
31,State,Minnesota,2002-06-30,167648.97733138342
51,State,South Carolina,2002-06-30,127456.6125314021
4,State,Alabama,2002-06-30,111070.53230055828
25,State,Louisiana,2002-06-30,125749.86259529433
24,State,Kentucky,2002-06-30,101610.3936982485
46,State,Oregon,2002-06-30,169290.7672337727
45,State,Oklahoma,2002-06-30,94030.8626886347
11,State,Connecticut,2002-06-30,205051.0915327234
55,State,Utah,2002-06-30,182244.2504175589
19,State,Iowa,2002-06-30,103686.52547936352
42,State,Nevada,2002-06-30,180285.58019851716
6,State,Arkansas,2002-06-30,98614.1867181616
34,State,Mississippi,2002-06-30,99749.49744419864
23,State,Kansas,2002-06-30,102016.40677605612
41,State,New Mexico,2002-06-30,136150.73957189373
38,State,Nebraska,2002-06-30,114425.94120676376
20,State,Idaho,2002-06-30,136755.78656020007
61,State,West Virginia,2002-06-30,82816.03047760244
18,State,Hawaii,2002-06-30,224384.512821004
39,State,New Hampshire,2002-06-30,184241.30057426347
28,State,Maine,2002-06-30,141221.124773841
50,State,Rhode Island,2002-06-30,178929.3273552697
35,State,Montana,2002-06-30,
13,State,Delaware,2002-06-30,174872.09105528583
52,State,South Dakota,2002-06-30,114085.99944530644
37,State,North Dakota,2002-06-30,
3,State,Alaska,2002-06-30,174315.61838685905
12,State,District of Columbia,2002-06-30,211135.53231954455
58,State,Vermont,2002-06-30,143980.5939028382
62,State,Wyoming,2002-06-30,144161.19204807203
9,State,California,2002-07-31,257842.3848027188
54,State,Texas,2002-07-31,120958.9993423218
14,State,Florida,2002-07-31,134606.13191823234
43,State,New York,2002-07-31,188545.9401419696
47,State,Pennsylvania,2002-07-31,116317.88507008772
21,State,Illinois,2002-07-31,158361.43943137635
44,State,Ohio,2002-07-31,118539.7840171473
16,State,Georgia,2002-07-31,148941.1517293361
36,State,North Carolina,2002-07-31,142739.3605983817
30,State,Michigan,2002-07-31,137601.19413690965
40,State,New Jersey,2002-07-31,222265.7554264327
56,State,Virginia,2002-07-31,155045.97532851042
59,State,Washington,2002-07-31,200766.28253943028
8,State,Arizona,2002-07-31,155850.9461157923
26,State,Massachusetts,2002-07-31,276869.69679843035
53,State,Tennessee,2002-07-31,123187.96544963072
22,State,Indiana,2002-07-31,105763.31496079266
27,State,Maryland,2002-07-31,183786.18209281043
32,State,Missouri,2002-07-31,116797.08856909689
60,State,Wisconsin,2002-07-31,141052.41384131438
10,State,Colorado,2002-07-31,224019.1291095085
31,State,Minnesota,2002-07-31,168980.85340460567
51,State,South Carolina,2002-07-31,127795.1220891497
4,State,Alabama,2002-07-31,111354.30060951487
25,State,Louisiana,2002-07-31,126618.51550033156
24,State,Kentucky,2002-07-31,101883.35353545596
46,State,Oregon,2002-07-31,170142.7828965575
45,State,Oklahoma,2002-07-31,94299.1771653015
11,State,Connecticut,2002-07-31,207250.70264506032
55,State,Utah,2002-07-31,182342.0847665613
19,State,Iowa,2002-07-31,104146.88381852332
42,State,Nevada,2002-07-31,181133.59419999216
6,State,Arkansas,2002-07-31,99008.2610887887
34,State,Mississippi,2002-07-31,100082.34958513446
23,State,Kansas,2002-07-31,101915.90781832772
41,State,New Mexico,2002-07-31,136501.76452488
38,State,Nebraska,2002-07-31,114790.11720190196
20,State,Idaho,2002-07-31,137123.2713163288
61,State,West Virginia,2002-07-31,83073.82440909334
18,State,Hawaii,2002-07-31,226148.9556322758
39,State,New Hampshire,2002-07-31,186000.5702309847
28,State,Maine,2002-07-31,142678.09380877865
50,State,Rhode Island,2002-07-31,181766.5925395264
35,State,Montana,2002-07-31,
13,State,Delaware,2002-07-31,176016.78304063654
52,State,South Dakota,2002-07-31,114520.95959564524
37,State,North Dakota,2002-07-31,
3,State,Alaska,2002-07-31,174880.82926138226
12,State,District of Columbia,2002-07-31,213963.7921255815
58,State,Vermont,2002-07-31,144886.92786039275
62,State,Wyoming,2002-07-31,143257.67902274316
9,State,California,2002-08-31,261690.72241497156
54,State,Texas,2002-08-31,121514.84349090303
14,State,Florida,2002-08-31,135830.9527663479
43,State,New York,2002-08-31,190192.13984385296
47,State,Pennsylvania,2002-08-31,117176.23456610412
21,State,Illinois,2002-08-31,159616.5158394951
44,State,Ohio,2002-08-31,118908.28654477053
16,State,Georgia,2002-08-31,149395.78913307688
36,State,North Carolina,2002-08-31,143005.60529491052
30,State,Michigan,2002-08-31,138009.81037130117
40,State,New Jersey,2002-08-31,225284.7445937152
56,State,Virginia,2002-08-31,156538.12476107074
59,State,Washington,2002-08-31,201466.1028060769
8,State,Arizona,2002-08-31,156687.42609867256
26,State,Massachusetts,2002-08-31,279998.0438032725
53,State,Tennessee,2002-08-31,123426.23250798722
22,State,Indiana,2002-08-31,105953.96163325792
27,State,Maryland,2002-08-31,186008.3917087633
32,State,Missouri,2002-08-31,117407.80176764129
60,State,Wisconsin,2002-08-31,141730.85346196665
10,State,Colorado,2002-08-31,224550.40580714363
31,State,Minnesota,2002-08-31,170188.3866919363
51,State,South Carolina,2002-08-31,128122.1911649034
4,State,Alabama,2002-08-31,111609.41022884146
25,State,Louisiana,2002-08-31,126781.28167912096
24,State,Kentucky,2002-08-31,102183.58369205851
46,State,Oregon,2002-08-31,170851.1116894061
45,State,Oklahoma,2002-08-31,94583.87341139682
11,State,Connecticut,2002-08-31,209396.40224030332
55,State,Utah,2002-08-31,182370.44137037973
19,State,Iowa,2002-08-31,104550.70800291564
42,State,Nevada,2002-08-31,181922.39605164295
6,State,Arkansas,2002-08-31,99352.94361742074
34,State,Mississippi,2002-08-31,100383.49759522673
23,State,Kansas,2002-08-31,101895.02927845196
41,State,New Mexico,2002-08-31,136884.48948922174
38,State,Nebraska,2002-08-31,115103.01202114372
20,State,Idaho,2002-08-31,137464.05717493242
61,State,West Virginia,2002-08-31,83373.76062986268
18,State,Hawaii,2002-08-31,228427.371711142
39,State,New Hampshire,2002-08-31,188033.1346654133
28,State,Maine,2002-08-31,144053.15341500173
50,State,Rhode Island,2002-08-31,185117.26399565072
35,State,Montana,2002-08-31,
13,State,Delaware,2002-08-31,177254.15316188903
52,State,South Dakota,2002-08-31,114922.5939676356
37,State,North Dakota,2002-08-31,
3,State,Alaska,2002-08-31,175467.42140669076
12,State,District of Columbia,2002-08-31,216638.5257902559
58,State,Vermont,2002-08-31,145724.56741240728
62,State,Wyoming,2002-08-31,143339.76163286666
9,State,California,2002-09-30,265578.67361452244
54,State,Texas,2002-09-30,122004.73374997888
14,State,Florida,2002-09-30,137042.71062187283
43,State,New York,2002-09-30,191888.25482100956
47,State,Pennsylvania,2002-09-30,118066.97526602956
21,State,Illinois,2002-09-30,161004.64023356166
44,State,Ohio,2002-09-30,119279.38753736932
16,State,Georgia,2002-09-30,149861.1589101414
36,State,North Carolina,2002-09-30,143274.2678505414
30,State,Michigan,2002-09-30,138398.68465739995
40,State,New Jersey,2002-09-30,228638.7555130952
56,State,Virginia,2002-09-30,158030.09004166254
59,State,Washington,2002-09-30,202161.6679824835
8,State,Arizona,2002-09-30,157410.1004072782
26,State,Massachusetts,2002-09-30,283446.8418878776
53,State,Tennessee,2002-09-30,123674.41313524572
22,State,Indiana,2002-09-30,105990.1458757836
27,State,Maryland,2002-09-30,188182.12509669617
32,State,Missouri,2002-09-30,118029.67106344445
60,State,Wisconsin,2002-09-30,142430.64298349776
10,State,Colorado,2002-09-30,225104.27800175184
31,State,Minnesota,2002-09-30,171443.38643894927
51,State,South Carolina,2002-09-30,128448.51761162456
4,State,Alabama,2002-09-30,111880.22936057084
25,State,Louisiana,2002-09-30,126903.33815615252
24,State,Kentucky,2002-09-30,102502.81913494696
46,State,Oregon,2002-09-30,171466.10338416378
45,State,Oklahoma,2002-09-30,94892.19103468028
11,State,Connecticut,2002-09-30,211314.0353169532
55,State,Utah,2002-09-30,182243.70892970776
19,State,Iowa,2002-09-30,104864.2799543958
42,State,Nevada,2002-09-30,182654.3695911773
6,State,Arkansas,2002-09-30,99706.2626212262
34,State,Mississippi,2002-09-30,100735.10225021077
23,State,Kansas,2002-09-30,101922.83470288118
41,State,New Mexico,2002-09-30,137339.90688951485
38,State,Nebraska,2002-09-30,115442.83751203724
20,State,Idaho,2002-09-30,137791.5547664205
61,State,West Virginia,2002-09-30,83673.18358563707
18,State,Hawaii,2002-09-30,231176.7500537997
39,State,New Hampshire,2002-09-30,190194.88185759448
28,State,Maine,2002-09-30,145369.83084191656
50,State,Rhode Island,2002-09-30,189096.71137011575
35,State,Montana,2002-09-30,
13,State,Delaware,2002-09-30,178417.16349075502
52,State,South Dakota,2002-09-30,115432.0690249858
37,State,North Dakota,2002-09-30,
3,State,Alaska,2002-09-30,176108.91907595005
12,State,District of Columbia,2002-09-30,219418.6917548403
58,State,Vermont,2002-09-30,146453.38465431493
62,State,Wyoming,2002-09-30,143922.57688694666
9,State,California,2002-10-31,269268.23870696995
54,State,Texas,2002-10-31,122425.13733395614
14,State,Florida,2002-10-31,138252.87946204675
43,State,New York,2002-10-31,193579.2941866823
47,State,Pennsylvania,2002-10-31,118939.6325068418
21,State,Illinois,2002-10-31,162500.20714150384
44,State,Ohio,2002-10-31,119651.2340642854
16,State,Georgia,2002-10-31,150350.26520493298
36,State,North Carolina,2002-10-31,143539.57241709073
30,State,Michigan,2002-10-31,138855.548941846
40,State,New Jersey,2002-10-31,232166.29181067887
56,State,Virginia,2002-10-31,159477.70036009364
59,State,Washington,2002-10-31,202842.1652801351
8,State,Arizona,2002-10-31,158135.62262301464
26,State,Massachusetts,2002-10-31,287422.5873051092
53,State,Tennessee,2002-10-31,123959.57696111318
22,State,Indiana,2002-10-31,106138.87603759232
27,State,Maryland,2002-10-31,190254.70800398485
32,State,Missouri,2002-10-31,118698.8028649866
60,State,Wisconsin,2002-10-31,143210.23109307626
10,State,Colorado,2002-10-31,225658.3769744262
31,State,Minnesota,2002-10-31,172663.44269977833
51,State,South Carolina,2002-10-31,128756.89221501608
4,State,Alabama,2002-10-31,112150.87040306808
25,State,Louisiana,2002-10-31,127013.28484321148
24,State,Kentucky,2002-10-31,102807.22278914393
46,State,Oregon,2002-10-31,172039.79070628152
45,State,Oklahoma,2002-10-31,95188.81205683984
11,State,Connecticut,2002-10-31,213572.36746582657
55,State,Utah,2002-10-31,181883.34919761049
19,State,Iowa,2002-10-31,105215.24488935556
42,State,Nevada,2002-10-31,183572.29791318136
6,State,Arkansas,2002-10-31,100098.28790644163
34,State,Mississippi,2002-10-31,101155.20486653164
23,State,Kansas,2002-10-31,101954.59699716198
41,State,New Mexico,2002-10-31,137740.2785200559
38,State,Nebraska,2002-10-31,115815.40319573402
20,State,Idaho,2002-10-31,138126.88645942925
61,State,West Virginia,2002-10-31,84059.96349697327
18,State,Hawaii,2002-10-31,233878.8673497406
39,State,New Hampshire,2002-10-31,192568.7865424128
28,State,Maine,2002-10-31,146571.93021135064
50,State,Rhode Island,2002-10-31,192990.506986839
35,State,Montana,2002-10-31,
13,State,Delaware,2002-10-31,179610.7441537831
52,State,South Dakota,2002-10-31,115778.30140634604
37,State,North Dakota,2002-10-31,
3,State,Alaska,2002-10-31,176617.3556850128
12,State,District of Columbia,2002-10-31,222397.2001995332
58,State,Vermont,2002-10-31,147218.56300671634
62,State,Wyoming,2002-10-31,144446.7950680407
9,State,California,2002-11-30,272883.0176134727
54,State,Texas,2002-11-30,122782.9575897684
14,State,Florida,2002-11-30,139402.52480550154
43,State,New York,2002-11-30,195222.46649407875
47,State,Pennsylvania,2002-11-30,119690.31148155774
21,State,Illinois,2002-11-30,163537.68677349653
44,State,Ohio,2002-11-30,120036.57339669218
16,State,Georgia,2002-11-30,150795.49674671466
36,State,North Carolina,2002-11-30,143782.8350508277
30,State,Michigan,2002-11-30,139293.65815436502
40,State,New Jersey,2002-11-30,235422.94474938168
56,State,Virginia,2002-11-30,160840.6368430396
59,State,Washington,2002-11-30,203482.05714219552
8,State,Arizona,2002-11-30,158791.3489548848
26,State,Massachusetts,2002-11-30,291601.0209362732
53,State,Tennessee,2002-11-30,124239.80418917576
22,State,Indiana,2002-11-30,106364.32316626694
27,State,Maryland,2002-11-30,192152.19891095572
32,State,Missouri,2002-11-30,119391.70197923326
60,State,Wisconsin,2002-11-30,143935.15752967016
10,State,Colorado,2002-11-30,226180.2921712211
31,State,Minnesota,2002-11-30,173914.6464831305
51,State,South Carolina,2002-11-30,129087.0424693618
4,State,Alabama,2002-11-30,112436.95255277782
25,State,Louisiana,2002-11-30,127447.7076127662
24,State,Kentucky,2002-11-30,103105.81841778236
46,State,Oregon,2002-11-30,172714.36902826422
45,State,Oklahoma,2002-11-30,95477.4747751828
11,State,Connecticut,2002-11-30,216120.02460814267
55,State,Utah,2002-11-30,181633.49108956775
19,State,Iowa,2002-11-30,105609.27914211
42,State,Nevada,2002-11-30,184689.0272939527
6,State,Arkansas,2002-11-30,100504.3006185131
34,State,Mississippi,2002-11-30,101542.62378115076
23,State,Kansas,2002-11-30,102481.33632533318
41,State,New Mexico,2002-11-30,138107.09899181314
38,State,Nebraska,2002-11-30,116172.42849314488
20,State,Idaho,2002-11-30,138411.23628740947
61,State,West Virginia,2002-11-30,84321.3419504951
18,State,Hawaii,2002-11-30,236335.67766568277
39,State,New Hampshire,2002-11-30,194844.77581167396
28,State,Maine,2002-11-30,147826.96828397756
50,State,Rhode Island,2002-11-30,196333.3244335992
35,State,Montana,2002-11-30,
13,State,Delaware,2002-11-30,180791.18653347576
52,State,South Dakota,2002-11-30,116004.69163317388
37,State,North Dakota,2002-11-30,
3,State,Alaska,2002-11-30,177206.4374715461
12,State,District of Columbia,2002-11-30,225976.3090100726
58,State,Vermont,2002-11-30,148031.1824604682
62,State,Wyoming,2002-11-30,144902.73909775636
9,State,California,2002-12-31,276447.54688746465
54,State,Texas,2002-12-31,123087.83218091528
14,State,Florida,2002-12-31,140648.04576360696
43,State,New York,2002-12-31,196923.9749503678
47,State,Pennsylvania,2002-12-31,120404.4413228596
21,State,Illinois,2002-12-31,164435.0103916434
44,State,Ohio,2002-12-31,120418.9583839206
16,State,Georgia,2002-12-31,151170.87700961044
36,State,North Carolina,2002-12-31,144032.45845233396
30,State,Michigan,2002-12-31,139737.27012816598
40,State,New Jersey,2002-12-31,238465.67298386415
56,State,Virginia,2002-12-31,162105.78228762068
59,State,Washington,2002-12-31,203966.6782746689
8,State,Arizona,2002-12-31,159516.0287244006
26,State,Massachusetts,2002-12-31,295589.8894162615
53,State,Tennessee,2002-12-31,124514.32606099769
22,State,Indiana,2002-12-31,106645.82757684542
27,State,Maryland,2002-12-31,194067.56985098904
32,State,Missouri,2002-12-31,120023.50547243426
60,State,Wisconsin,2002-12-31,144638.11391422627
10,State,Colorado,2002-12-31,226465.6482611473
31,State,Minnesota,2002-12-31,175272.02568478207
51,State,South Carolina,2002-12-31,129426.79636981452
4,State,Alabama,2002-12-31,112728.50442031128
25,State,Louisiana,2002-12-31,127980.27772681646
24,State,Kentucky,2002-12-31,103368.31033748356
46,State,Oregon,2002-12-31,173389.29438403502
45,State,Oklahoma,2002-12-31,95748.78007399496
11,State,Connecticut,2002-12-31,218614.226437357
55,State,Utah,2002-12-31,181393.0570573045
19,State,Iowa,2002-12-31,106048.7659828018
42,State,Nevada,2002-12-31,185949.07924692627
6,State,Arkansas,2002-12-31,100888.28669554649
34,State,Mississippi,2002-12-31,101857.86679727376
23,State,Kansas,2002-12-31,103057.71694627235
41,State,New Mexico,2002-12-31,138431.20715672418
38,State,Nebraska,2002-12-31,116558.27910619404
20,State,Idaho,2002-12-31,138585.74642223908
61,State,West Virginia,2002-12-31,84515.57349804482
18,State,Hawaii,2002-12-31,238289.280200531
39,State,New Hampshire,2002-12-31,197111.0551319689
28,State,Maine,2002-12-31,149109.93824157686
50,State,Rhode Island,2002-12-31,199059.27897970623
35,State,Montana,2002-12-31,
13,State,Delaware,2002-12-31,182079.6500346952
52,State,South Dakota,2002-12-31,116127.93876840976
37,State,North Dakota,2002-12-31,
3,State,Alaska,2002-12-31,177835.60447033946
12,State,District of Columbia,2002-12-31,229710.54221231156
58,State,Vermont,2002-12-31,148916.7115573657
62,State,Wyoming,2002-12-31,145129.6905628383
9,State,California,2003-01-31,279597.21255960484
54,State,Texas,2003-01-31,123321.6029369394
14,State,Florida,2003-01-31,141875.9002908149
43,State,New York,2003-01-31,198585.9487749537
47,State,Pennsylvania,2003-01-31,121088.50598184863
21,State,Illinois,2003-01-31,165146.30781711242
44,State,Ohio,2003-01-31,120768.79634160725
16,State,Georgia,2003-01-31,151489.38445881207
36,State,North Carolina,2003-01-31,144274.60240481247
30,State,Michigan,2003-01-31,140153.99360520008
40,State,New Jersey,2003-01-31,241378.57335878248
56,State,Virginia,2003-01-31,163217.03837739365
59,State,Washington,2003-01-31,204512.69467203048
8,State,Arizona,2003-01-31,160193.5448663239
26,State,Massachusetts,2003-01-31,298812.7251500887
53,State,Tennessee,2003-01-31,124717.61120616876
22,State,Indiana,2003-01-31,106738.28652657571
27,State,Maryland,2003-01-31,195859.64055701415
32,State,Missouri,2003-01-31,120569.29460457336
60,State,Wisconsin,2003-01-31,145219.85935580768
10,State,Colorado,2003-01-31,226560.3163039805
31,State,Minnesota,2003-01-31,176637.4981177065
51,State,South Carolina,2003-01-31,129760.3005206677
4,State,Alabama,2003-01-31,112981.85743681026
25,State,Louisiana,2003-01-31,128517.66422913413
24,State,Kentucky,2003-01-31,103602.77950147656
46,State,Oregon,2003-01-31,174035.87369393426
45,State,Oklahoma,2003-01-31,95991.47431375894
11,State,Connecticut,2003-01-31,220699.04843362377
55,State,Utah,2003-01-31,181222.431698674
19,State,Iowa,2003-01-31,106428.6884200108
42,State,Nevada,2003-01-31,187192.3357007265
6,State,Arkansas,2003-01-31,101153.39576136944
34,State,Mississippi,2003-01-31,102019.87906734546
23,State,Kansas,2003-01-31,103665.47379464073
41,State,New Mexico,2003-01-31,138761.34762750473
38,State,Nebraska,2003-01-31,116975.78740666532
20,State,Idaho,2003-01-31,138718.43869924665
61,State,West Virginia,2003-01-31,84622.69390181852
18,State,Hawaii,2003-01-31,240342.6258113384
39,State,New Hampshire,2003-01-31,199276.05777359864
28,State,Maine,2003-01-31,150499.16966846873
50,State,Rhode Island,2003-01-31,201589.13607440764
35,State,Montana,2003-01-31,
13,State,Delaware,2003-01-31,183430.49184676423
52,State,South Dakota,2003-01-31,116598.6575511206
37,State,North Dakota,2003-01-31,
3,State,Alaska,2003-01-31,178254.42584648138
12,State,District of Columbia,2003-01-31,233084.7133015924
58,State,Vermont,2003-01-31,149806.27090617988
62,State,Wyoming,2003-01-31,145473.46579559112
9,State,California,2003-02-28,282533.6846078925
54,State,Texas,2003-02-28,123475.89625387924
14,State,Florida,2003-02-28,143137.69445720248
43,State,New York,2003-02-28,200202.86196081527
47,State,Pennsylvania,2003-02-28,121776.58571364832
21,State,Illinois,2003-02-28,166034.69661916912
44,State,Ohio,2003-02-28,121089.35110613944
16,State,Georgia,2003-02-28,151781.7398661947
36,State,North Carolina,2003-02-28,144495.92050692774
30,State,Michigan,2003-02-28,140517.12788322975
40,State,New Jersey,2003-02-28,244202.97366595105
56,State,Virginia,2003-02-28,164338.10218706436
59,State,Washington,2003-02-28,205054.2676512003
8,State,Arizona,2003-02-28,160913.02119283704
26,State,Massachusetts,2003-02-28,301773.62302163517
53,State,Tennessee,2003-02-28,124949.71395309432
22,State,Indiana,2003-02-28,106750.92430516634
27,State,Maryland,2003-02-28,197681.0516053458
32,State,Missouri,2003-02-28,121109.30805741654
60,State,Wisconsin,2003-02-28,145766.027020461
10,State,Colorado,2003-02-28,226613.20253211353
31,State,Minnesota,2003-02-28,177887.163595642
51,State,South Carolina,2003-02-28,130123.06333651493
4,State,Alabama,2003-02-28,113267.62178765604
25,State,Louisiana,2003-02-28,128987.50765699748
24,State,Kentucky,2003-02-28,103851.42584808893
46,State,Oregon,2003-02-28,174620.47274690916
45,State,Oklahoma,2003-02-28,96236.23042873308
11,State,Connecticut,2003-02-28,222285.1625602753
55,State,Utah,2003-02-28,181177.51355280416
19,State,Iowa,2003-02-28,106748.42393826856
42,State,Nevada,2003-02-28,188422.33268961383
6,State,Arkansas,2003-02-28,101433.58443785278
34,State,Mississippi,2003-02-28,102159.32329132115
23,State,Kansas,2003-02-28,103975.16363511323
41,State,New Mexico,2003-02-28,139014.1984789384
38,State,Nebraska,2003-02-28,117398.12946702764
20,State,Idaho,2003-02-28,138919.0867962211
61,State,West Virginia,2003-02-28,84910.38077991497
18,State,Hawaii,2003-02-28,242817.85941097676
39,State,New Hampshire,2003-02-28,201455.365923661
28,State,Maine,2003-02-28,151819.84101257927
50,State,Rhode Island,2003-02-28,204271.501267476
35,State,Montana,2003-02-28,
13,State,Delaware,2003-02-28,184887.0540999853
52,State,South Dakota,2003-02-28,117454.45318332936
37,State,North Dakota,2003-02-28,
3,State,Alaska,2003-02-28,178528.39853825467
12,State,District of Columbia,2003-02-28,235989.954013676
58,State,Vermont,2003-02-28,150746.44929835296
62,State,Wyoming,2003-02-28,145866.54013645928
9,State,California,2003-03-31,285644.15722283046
54,State,Texas,2003-03-31,123650.30262900732
14,State,Florida,2003-03-31,144431.61211579104
43,State,New York,2003-03-31,201928.36491927897
47,State,Pennsylvania,2003-03-31,122434.2647012123
21,State,Illinois,2003-03-31,166881.63496033335
44,State,Ohio,2003-03-31,121379.85619259327
16,State,Georgia,2003-03-31,152100.5141059407
36,State,North Carolina,2003-03-31,144702.23922769088
30,State,Michigan,2003-03-31,140737.40978710298
40,State,New Jersey,2003-03-31,246949.60763156353
56,State,Virginia,2003-03-31,165528.70306059788
59,State,Washington,2003-03-31,205891.91604292035
8,State,Arizona,2003-03-31,161574.77726151608
26,State,Massachusetts,2003-03-31,304720.42249342817
53,State,Tennessee,2003-03-31,125169.41025487673
22,State,Indiana,2003-03-31,106710.1745096201
27,State,Maryland,2003-03-31,199503.99514180503
32,State,Missouri,2003-03-31,121634.96406146884
60,State,Wisconsin,2003-03-31,146373.22752874426
10,State,Colorado,2003-03-31,226902.98383719448
31,State,Minnesota,2003-03-31,179024.18256093012
51,State,South Carolina,2003-03-31,130474.37559993051
4,State,Alabama,2003-03-31,113560.5160111675
25,State,Louisiana,2003-03-31,129342.7312816395
24,State,Kentucky,2003-03-31,104113.29112931593
46,State,Oregon,2003-03-31,175247.6252172636
45,State,Oklahoma,2003-03-31,96502.03862344284
11,State,Connecticut,2003-03-31,223995.4986172828
55,State,Utah,2003-03-31,181121.3080700702
19,State,Iowa,2003-03-31,106989.07352603885
42,State,Nevada,2003-03-31,189768.43438469633
6,State,Arkansas,2003-03-31,101711.53621054604
34,State,Mississippi,2003-03-31,102361.0803717016
23,State,Kansas,2003-03-31,103969.37408347
41,State,New Mexico,2003-03-31,139210.02365454147
38,State,Nebraska,2003-03-31,117878.67485770934
20,State,Idaho,2003-03-31,139014.03976958935
61,State,West Virginia,2003-03-31,85281.12530905676
18,State,Hawaii,2003-03-31,245821.10504800253
39,State,New Hampshire,2003-03-31,203685.30954265385
28,State,Maine,2003-03-31,153012.92176490204
50,State,Rhode Island,2003-03-31,207164.71567304563
35,State,Montana,2003-03-31,
13,State,Delaware,2003-03-31,186420.69627844295
52,State,South Dakota,2003-03-31,118031.88681664484
37,State,North Dakota,2003-03-31,
3,State,Alaska,2003-03-31,178704.86231372342
12,State,District of Columbia,2003-03-31,238666.66078403775
58,State,Vermont,2003-03-31,151693.45109105273
62,State,Wyoming,2003-03-31,146172.86105986568
9,State,California,2003-04-30,289259.6481902379
54,State,Texas,2003-04-30,123854.88287126106
14,State,Florida,2003-04-30,145873.224791143
43,State,New York,2003-04-30,203628.48173106308
47,State,Pennsylvania,2003-04-30,123129.59526874823
21,State,Illinois,2003-04-30,167821.10346224977
44,State,Ohio,2003-04-30,121681.04688244984
16,State,Georgia,2003-04-30,152419.96714999023
36,State,North Carolina,2003-04-30,144876.33350980835
30,State,Michigan,2003-04-30,140941.3929817276
40,State,New Jersey,2003-04-30,249673.80480856285
56,State,Virginia,2003-04-30,166915.88958288528
59,State,Washington,2003-04-30,206822.58775142385
8,State,Arizona,2003-04-30,162310.13979312766
26,State,Massachusetts,2003-04-30,307915.77968520817
53,State,Tennessee,2003-04-30,125432.60663724104
22,State,Indiana,2003-04-30,106750.445869491
27,State,Maryland,2003-04-30,201494.6371081865
32,State,Missouri,2003-04-30,122167.14836633328
60,State,Wisconsin,2003-04-30,147026.8185468279
10,State,Colorado,2003-04-30,227255.98318559208
31,State,Minnesota,2003-04-30,180101.87447830802
51,State,South Carolina,2003-04-30,130754.47526652504
4,State,Alabama,2003-04-30,113922.20021787744
25,State,Louisiana,2003-04-30,129474.92424802808
24,State,Kentucky,2003-04-30,104391.02543745472
46,State,Oregon,2003-04-30,175943.171305844
45,State,Oklahoma,2003-04-30,96817.12847896232
11,State,Connecticut,2003-04-30,225936.4526217889
55,State,Utah,2003-04-30,181253.41386185124
19,State,Iowa,2003-04-30,107231.35747438546
42,State,Nevada,2003-04-30,191167.429892618
6,State,Arkansas,2003-04-30,102055.19307494292
34,State,Mississippi,2003-04-30,102649.08493165926
23,State,Kansas,2003-04-30,103621.86233694904
41,State,New Mexico,2003-04-30,139346.47866563927
38,State,Nebraska,2003-04-30,118300.68361292296
20,State,Idaho,2003-04-30,139379.08877111835
61,State,West Virginia,2003-04-30,85691.21926087275
18,State,Hawaii,2003-04-30,248895.04542987864
39,State,New Hampshire,2003-04-30,205749.705025035
28,State,Maine,2003-04-30,153995.36349800785
50,State,Rhode Island,2003-04-30,210200.47712395413
35,State,Montana,2003-04-30,
13,State,Delaware,2003-04-30,188031.3880140969
52,State,South Dakota,2003-04-30,118300.64555261056
37,State,North Dakota,2003-04-30,
3,State,Alaska,2003-04-30,179125.04843392575
12,State,District of Columbia,2003-04-30,241679.0818063222
58,State,Vermont,2003-04-30,152588.40585834766
62,State,Wyoming,2003-04-30,146545.30776324144
9,State,California,2003-05-31,293274.89386270265
54,State,Texas,2003-05-31,124086.98658274792
14,State,Florida,2003-05-31,147395.95836321902
43,State,New York,2003-05-31,205368.29667584723
47,State,Pennsylvania,2003-05-31,123980.71104525228
21,State,Illinois,2003-05-31,168699.2753069947
44,State,Ohio,2003-05-31,122003.44339544834
16,State,Georgia,2003-05-31,152736.8741773032
36,State,North Carolina,2003-05-31,145080.15554579254
30,State,Michigan,2003-05-31,141296.30512646883
40,State,New Jersey,2003-05-31,252514.9078982887
56,State,Virginia,2003-05-31,168443.70082976538
59,State,Washington,2003-05-31,207990.89934590913
8,State,Arizona,2003-05-31,163069.69129198167
26,State,Massachusetts,2003-05-31,311118.63201174745
53,State,Tennessee,2003-05-31,125719.02407918766
22,State,Indiana,2003-05-31,106916.92824486677
27,State,Maryland,2003-05-31,203701.25109590043
32,State,Missouri,2003-05-31,122759.42026351062
60,State,Wisconsin,2003-05-31,147844.77979016825
10,State,Colorado,2003-05-31,227522.49762740292
31,State,Minnesota,2003-05-31,181322.506118348
51,State,South Carolina,2003-05-31,131038.09158579393
4,State,Alabama,2003-05-31,114244.1035191534
25,State,Louisiana,2003-05-31,129502.53310176618
24,State,Kentucky,2003-05-31,104677.40756929248
46,State,Oregon,2003-05-31,176750.1816939013
45,State,Oklahoma,2003-05-31,97109.92406174728
11,State,Connecticut,2003-05-31,228302.801471505
55,State,Utah,2003-05-31,181418.4248508349
19,State,Iowa,2003-05-31,107492.35975802422
42,State,Nevada,2003-05-31,192795.1236036163
6,State,Arkansas,2003-05-31,102471.41435483305
34,State,Mississippi,2003-05-31,102941.4388231942
23,State,Kansas,2003-05-31,103401.93777826508
41,State,New Mexico,2003-05-31,139549.0482697481
38,State,Nebraska,2003-05-31,118833.65291409854
20,State,Idaho,2003-05-31,139834.4610822995
61,State,West Virginia,2003-05-31,86093.72137768847
18,State,Hawaii,2003-05-31,252166.31241779457
39,State,New Hampshire,2003-05-31,207957.8323663124
28,State,Maine,2003-05-31,155296.18313537477
50,State,Rhode Island,2003-05-31,213489.48738959865
35,State,Montana,2003-05-31,
13,State,Delaware,2003-05-31,189711.11506214525
52,State,South Dakota,2003-05-31,118118.75506410764
37,State,North Dakota,2003-05-31,
3,State,Alaska,2003-05-31,179946.4120106711
12,State,District of Columbia,2003-05-31,244902.0689599615
58,State,Vermont,2003-05-31,153528.6705638763
62,State,Wyoming,2003-05-31,147303.21772251072
9,State,California,2003-06-30,296988.87133648066
54,State,Texas,2003-06-30,124320.8908966651
14,State,Florida,2003-06-30,148906.8552793453
43,State,New York,2003-06-30,207093.7331471014
47,State,Pennsylvania,2003-06-30,125008.70981105271
21,State,Illinois,2003-06-30,169561.44916037397
44,State,Ohio,2003-06-30,122389.41239447834
16,State,Georgia,2003-06-30,153037.39414295394
36,State,North Carolina,2003-06-30,145284.96775140738
30,State,Michigan,2003-06-30,141796.76819149038
40,State,New Jersey,2003-06-30,255578.24881932585
56,State,Virginia,2003-06-30,170065.18050408355
59,State,Washington,2003-06-30,209163.03367735332
8,State,Arizona,2003-06-30,163909.48988298498
26,State,Massachusetts,2003-06-30,314029.7473409343
53,State,Tennessee,2003-06-30,126043.91247735666
22,State,Indiana,2003-06-30,107216.992239587
27,State,Maryland,2003-06-30,206229.3183841956
32,State,Missouri,2003-06-30,123430.5926239775
60,State,Wisconsin,2003-06-30,148758.64098695375
10,State,Colorado,2003-06-30,227654.17326036352
31,State,Minnesota,2003-06-30,182519.87052162105
51,State,South Carolina,2003-06-30,131367.60417490374
4,State,Alabama,2003-06-30,114535.72441376808
25,State,Louisiana,2003-06-30,129598.41217954742
24,State,Kentucky,2003-06-30,104965.83383211058
46,State,Oregon,2003-06-30,177658.29208830057
45,State,Oklahoma,2003-06-30,97371.37953507698
11,State,Connecticut,2003-06-30,230756.49863051897
55,State,Utah,2003-06-30,181744.9669674595
19,State,Iowa,2003-06-30,107805.58901840448
42,State,Nevada,2003-06-30,194432.20786917637
6,State,Arkansas,2003-06-30,102918.22857519664
34,State,Mississippi,2003-06-30,103192.6560335464
23,State,Kansas,2003-06-30,103461.7586196707
41,State,New Mexico,2003-06-30,139935.7096031584
38,State,Nebraska,2003-06-30,119282.59596426909
20,State,Idaho,2003-06-30,140420.92049601322
61,State,West Virginia,2003-06-30,86505.25782312389
18,State,Hawaii,2003-06-30,255596.58164384952
39,State,New Hampshire,2003-06-30,210078.3131761592
28,State,Maine,2003-06-30,156760.0829695875
50,State,Rhode Island,2003-06-30,217069.77325318495
35,State,Montana,2003-06-30,
13,State,Delaware,2003-06-30,191327.3148072818
52,State,South Dakota,2003-06-30,118205.7214537662
37,State,North Dakota,2003-06-30,
3,State,Alaska,2003-06-30,181122.9643634834
12,State,District of Columbia,2003-06-30,248247.8166495516
58,State,Vermont,2003-06-30,154529.21996238202
62,State,Wyoming,2003-06-30,148381.40270692753
9,State,California,2003-07-31,300909.9290072822
54,State,Texas,2003-07-31,124551.53903723444
14,State,Florida,2003-07-31,150402.69126651302
43,State,New York,2003-07-31,208903.78787905377
47,State,Pennsylvania,2003-07-31,126137.77638120398
21,State,Illinois,2003-07-31,170379.29253803103
44,State,Ohio,2003-07-31,122832.52386594268
16,State,Georgia,2003-07-31,153338.31738163714
36,State,North Carolina,2003-07-31,145535.44114024917
30,State,Michigan,2003-07-31,142328.5383556677
40,State,New Jersey,2003-07-31,258831.9570326919
56,State,Virginia,2003-07-31,171838.49021437785
59,State,Washington,2003-07-31,210387.00061438253
8,State,Arizona,2003-07-31,164781.21690348492
26,State,Massachusetts,2003-07-31,316432.69642779016
53,State,Tennessee,2003-07-31,126373.11816267356
22,State,Indiana,2003-07-31,107567.63072242624
27,State,Maryland,2003-07-31,208955.40919758487
32,State,Missouri,2003-07-31,124125.84675002257
60,State,Wisconsin,2003-07-31,149800.54672240026
10,State,Colorado,2003-07-31,227798.73508653
31,State,Minnesota,2003-07-31,183810.37434470013
51,State,South Carolina,2003-07-31,131840.30269260172
4,State,Alabama,2003-07-31,114812.06727299228
25,State,Louisiana,2003-07-31,129869.61731581476
24,State,Kentucky,2003-07-31,105265.90965459072
46,State,Oregon,2003-07-31,178691.00157070343
45,State,Oklahoma,2003-07-31,97609.04911504762
11,State,Connecticut,2003-07-31,233186.19299481573
55,State,Utah,2003-07-31,181991.92597672623
19,State,Iowa,2003-07-31,108195.54321200948
42,State,Nevada,2003-07-31,196309.17794060707
6,State,Arkansas,2003-07-31,103412.59877909906
34,State,Mississippi,2003-07-31,103304.7531674228
23,State,Kansas,2003-07-31,104001.56963273084
41,State,New Mexico,2003-07-31,140475.59778220905
38,State,Nebraska,2003-07-31,119835.75685909612
20,State,Idaho,2003-07-31,140851.01241479127
61,State,West Virginia,2003-07-31,86933.50132498884
18,State,Hawaii,2003-07-31,259047.35074545175
39,State,New Hampshire,2003-07-31,212199.99000733744
28,State,Maine,2003-07-31,158500.4927825849
50,State,Rhode Island,2003-07-31,220996.29224661423
35,State,Montana,2003-07-31,
13,State,Delaware,2003-07-31,192938.82350377916
52,State,South Dakota,2003-07-31,118496.01028083295
37,State,North Dakota,2003-07-31,
3,State,Alaska,2003-07-31,182985.68143796283
12,State,District of Columbia,2003-07-31,251550.42160408024
58,State,Vermont,2003-07-31,155615.51119593193
62,State,Wyoming,2003-07-31,149431.95841442797
9,State,California,2003-08-31,305039.6372111063
54,State,Texas,2003-08-31,124819.67348652876
14,State,Florida,2003-08-31,151932.12569375176
43,State,New York,2003-08-31,210958.72854113497
47,State,Pennsylvania,2003-08-31,127226.70897678989
21,State,Illinois,2003-08-31,171539.66107894448
44,State,Ohio,2003-08-31,123350.77460030017
16,State,Georgia,2003-08-31,153708.53365348923
36,State,North Carolina,2003-08-31,145845.39221996142
30,State,Michigan,2003-08-31,142860.77231791694
40,State,New Jersey,2003-08-31,262230.17034408276
56,State,Virginia,2003-08-31,173671.93704277131
59,State,Washington,2003-08-31,211778.3546550586
8,State,Arizona,2003-08-31,165718.24650319762
26,State,Massachusetts,2003-08-31,318724.04121484957
53,State,Tennessee,2003-08-31,126716.15347362694
22,State,Indiana,2003-08-31,107875.71130378135
27,State,Maryland,2003-08-31,211772.22452094613
32,State,Missouri,2003-08-31,124816.02171576682
60,State,Wisconsin,2003-08-31,150993.4422704455
10,State,Colorado,2003-08-31,227999.3910470599
31,State,Minnesota,2003-08-31,185053.87717458577
51,State,South Carolina,2003-08-31,132328.10775110594
4,State,Alabama,2003-08-31,115109.7916889569
25,State,Louisiana,2003-08-31,130386.80146803168
24,State,Kentucky,2003-08-31,105575.17283964196
46,State,Oregon,2003-08-31,179839.4382593724
45,State,Oklahoma,2003-08-31,97879.79881398696
11,State,Connecticut,2003-08-31,235430.15961911296
55,State,Utah,2003-08-31,182145.36741614933
19,State,Iowa,2003-08-31,108674.6904131766
42,State,Nevada,2003-08-31,198272.41875911332
6,State,Arkansas,2003-08-31,103860.19954477438
34,State,Mississippi,2003-08-31,103534.1878423617
23,State,Kansas,2003-08-31,104569.93234489736
41,State,New Mexico,2003-08-31,141081.55358153442
38,State,Nebraska,2003-08-31,120328.4542589045
20,State,Idaho,2003-08-31,141231.76289301677
61,State,West Virginia,2003-08-31,87250.49814135562
18,State,Hawaii,2003-08-31,262552.60815254756
39,State,New Hampshire,2003-08-31,214200.03786339785
28,State,Maine,2003-08-31,160355.44115516145
50,State,Rhode Island,2003-08-31,224609.56621526575
35,State,Montana,2003-08-31,
13,State,Delaware,2003-08-31,194596.8692505772
52,State,South Dakota,2003-08-31,119116.97547143478
37,State,North Dakota,2003-08-31,
3,State,Alaska,2003-08-31,184637.37873256044
12,State,District of Columbia,2003-08-31,254699.96894959515
58,State,Vermont,2003-08-31,157159.51366742537
62,State,Wyoming,2003-08-31,150276.01399171934
9,State,California,2003-09-30,309627.2331339301
54,State,Texas,2003-09-30,125062.8827486321
14,State,Florida,2003-09-30,153519.8710651953
43,State,New York,2003-09-30,213183.6391976385
47,State,Pennsylvania,2003-09-30,128295.19950763472
21,State,Illinois,2003-09-30,172964.4732557901
44,State,Ohio,2003-09-30,123881.0029186514
16,State,Georgia,2003-09-30,154107.65293767324
36,State,North Carolina,2003-09-30,146178.79954741013
30,State,Michigan,2003-09-30,143430.6000201289
40,State,New Jersey,2003-09-30,265447.3453494425
56,State,Virginia,2003-09-30,175566.1463841596
59,State,Washington,2003-09-30,213211.3216228575
8,State,Arizona,2003-09-30,166764.1696582811
26,State,Massachusetts,2003-09-30,321233.5562822188
53,State,Tennessee,2003-09-30,127067.89277969154
22,State,Indiana,2003-09-30,108092.24236771728
27,State,Maryland,2003-09-30,214600.84872231897
32,State,Missouri,2003-09-30,125497.95327144816
60,State,Wisconsin,2003-09-30,152259.9775818688
10,State,Colorado,2003-09-30,228261.7875354551
31,State,Minnesota,2003-09-30,186390.21293709835
51,State,South Carolina,2003-09-30,132815.6719861416
4,State,Alabama,2003-09-30,115433.07677827276
25,State,Louisiana,2003-09-30,130938.15462633908
24,State,Kentucky,2003-09-30,105925.4981206453
46,State,Oregon,2003-09-30,180982.62275095587
45,State,Oklahoma,2003-09-30,98186.4846663475
11,State,Connecticut,2003-09-30,237837.47600802977
55,State,Utah,2003-09-30,182243.16972838287
19,State,Iowa,2003-09-30,109186.9041371012
42,State,Nevada,2003-09-30,200583.26773608616
6,State,Arkansas,2003-09-30,104336.1040336279
34,State,Mississippi,2003-09-30,103784.00583561462
23,State,Kansas,2003-09-30,105211.11277358056
41,State,New Mexico,2003-09-30,141597.33252146057
38,State,Nebraska,2003-09-30,120890.21628953952
20,State,Idaho,2003-09-30,141658.50849302494
61,State,West Virginia,2003-09-30,87520.878894281
18,State,Hawaii,2003-09-30,265971.92736052425
39,State,New Hampshire,2003-09-30,216399.6781470311
28,State,Maine,2003-09-30,162389.540644813
50,State,Rhode Island,2003-09-30,227869.39508099537
35,State,Montana,2003-09-30,
13,State,Delaware,2003-09-30,196446.00381030617
52,State,South Dakota,2003-09-30,119987.16253316763
37,State,North Dakota,2003-09-30,
3,State,Alaska,2003-09-30,186409.29404970145
12,State,District of Columbia,2003-09-30,257767.72738920513
58,State,Vermont,2003-09-30,159027.85524901852
62,State,Wyoming,2003-09-30,150959.8227449565
9,State,California,2003-10-31,314095.88190194237
54,State,Texas,2003-10-31,125310.54832821264
14,State,Florida,2003-10-31,155128.43539178092
43,State,New York,2003-10-31,215473.39286343424
47,State,Pennsylvania,2003-10-31,129305.23607978749
21,State,Illinois,2003-10-31,174543.77651482567
44,State,Ohio,2003-10-31,124397.6478195549
16,State,Georgia,2003-10-31,154510.3101307874
36,State,North Carolina,2003-10-31,146512.77482528632
30,State,Michigan,2003-10-31,144081.30821961223
40,State,New Jersey,2003-10-31,268376.59854808584
56,State,Virginia,2003-10-31,177495.3021427639
59,State,Washington,2003-10-31,214628.50898246665
8,State,Arizona,2003-10-31,167803.69291571915
26,State,Massachusetts,2003-10-31,323963.4614326164
53,State,Tennessee,2003-10-31,127444.21855851891
22,State,Indiana,2003-10-31,108380.16937319342
27,State,Maryland,2003-10-31,217442.4470080944
32,State,Missouri,2003-10-31,126218.38403799248
60,State,Wisconsin,2003-10-31,153599.0437849413
10,State,Colorado,2003-10-31,228506.10937909217
31,State,Minnesota,2003-10-31,187640.15867670564
51,State,South Carolina,2003-10-31,133282.1430802436
4,State,Alabama,2003-10-31,115720.03921335482
25,State,Louisiana,2003-10-31,131589.9106660762
24,State,Kentucky,2003-10-31,106284.8296705476
46,State,Oregon,2003-10-31,182164.68544745576
45,State,Oklahoma,2003-10-31,98472.33478923564
11,State,Connecticut,2003-10-31,240013.0100903343
55,State,Utah,2003-10-31,182353.99737500693
19,State,Iowa,2003-10-31,109706.91076059209
42,State,Nevada,2003-10-31,203072.36954074167
6,State,Arkansas,2003-10-31,104785.42245279756
34,State,Mississippi,2003-10-31,104201.65140788809
23,State,Kansas,2003-10-31,105747.1615552204
41,State,New Mexico,2003-10-31,142122.70861364418
38,State,Nebraska,2003-10-31,121399.74132107911
20,State,Idaho,2003-10-31,142020.8239805254
61,State,West Virginia,2003-10-31,87719.61256418748
18,State,Hawaii,2003-10-31,270289.7987101569
39,State,New Hampshire,2003-10-31,218741.24447663393
28,State,Maine,2003-10-31,164517.4788178008
50,State,Rhode Island,2003-10-31,230987.74919743696
35,State,Montana,2003-10-31,
13,State,Delaware,2003-10-31,198263.52751961723
52,State,South Dakota,2003-10-31,121005.59512064222
37,State,North Dakota,2003-10-31,
3,State,Alaska,2003-10-31,188006.55897987876
12,State,District of Columbia,2003-10-31,261186.6094604682
58,State,Vermont,2003-10-31,161148.27707291488
62,State,Wyoming,2003-10-31,151662.27485273537
9,State,California,2003-11-30,318401.78458205657
54,State,Texas,2003-11-30,125489.3438453402
14,State,Florida,2003-11-30,156706.41887353107
43,State,New York,2003-11-30,217475.7311500876
47,State,Pennsylvania,2003-11-30,130220.57218149792
21,State,Illinois,2003-11-30,175746.31899779802
44,State,Ohio,2003-11-30,124830.03932850577
16,State,Georgia,2003-11-30,154867.07883359466
36,State,North Carolina,2003-11-30,146810.80178019186
30,State,Michigan,2003-11-30,144669.44345177736
40,State,New Jersey,2003-11-30,270912.5863146342
56,State,Virginia,2003-11-30,179368.1857393879
59,State,Washington,2003-11-30,215808.87249373607
8,State,Arizona,2003-11-30,168706.30059659143
26,State,Massachusetts,2003-11-30,326704.6158819689
53,State,Tennessee,2003-11-30,127791.34166203746
22,State,Indiana,2003-11-30,108641.04431313313
27,State,Maryland,2003-11-30,220101.75902725488
32,State,Missouri,2003-11-30,126903.5392741125
60,State,Wisconsin,2003-11-30,154629.68966716572
10,State,Colorado,2003-11-30,228874.5151398153
31,State,Minnesota,2003-11-30,188892.45935567515
51,State,South Carolina,2003-11-30,133735.4209951875
4,State,Alabama,2003-11-30,116010.11942415766
25,State,Louisiana,2003-11-30,132121.9556666274
24,State,Kentucky,2003-11-30,106617.13261108016
46,State,Oregon,2003-11-30,183231.00139913548
45,State,Oklahoma,2003-11-30,98719.45407577154
11,State,Connecticut,2003-11-30,242401.14264057568
55,State,Utah,2003-11-30,182535.67212905668
19,State,Iowa,2003-11-30,110188.86534784216
42,State,Nevada,2003-11-30,205992.257452604
6,State,Arkansas,2003-11-30,105211.44994359864
34,State,Mississippi,2003-11-30,104499.20542174742
23,State,Kansas,2003-11-30,106059.28630289435
41,State,New Mexico,2003-11-30,142705.93734434995
38,State,Nebraska,2003-11-30,121910.6472173418
20,State,Idaho,2003-11-30,142263.1325453316
61,State,West Virginia,2003-11-30,88001.44134887306
18,State,Hawaii,2003-11-30,274935.17126910953
39,State,New Hampshire,2003-11-30,220820.80408084168
28,State,Maine,2003-11-30,166254.8633553351
50,State,Rhode Island,2003-11-30,234150.0711845488
35,State,Montana,2003-11-30,
13,State,Delaware,2003-11-30,199904.810133255
52,State,South Dakota,2003-11-30,121757.15357496648
37,State,North Dakota,2003-11-30,
3,State,Alaska,2003-11-30,189491.25064122185
12,State,District of Columbia,2003-11-30,264212.01867283584
58,State,Vermont,2003-11-30,162557.59133092465
62,State,Wyoming,2003-11-30,152325.90948461535
9,State,California,2003-12-31,322565.6224213213
54,State,Texas,2003-12-31,125640.7016514596
14,State,Florida,2003-12-31,158216.19244390453
43,State,New York,2003-12-31,219271.61021283263
47,State,Pennsylvania,2003-12-31,131035.85858114714
21,State,Illinois,2003-12-31,176681.31137403753
44,State,Ohio,2003-12-31,125214.66855575908
16,State,Georgia,2003-12-31,155236.44016828368
36,State,North Carolina,2003-12-31,147136.9156814145
30,State,Michigan,2003-12-31,145224.20204167053
40,State,New Jersey,2003-12-31,273282.6932789712
56,State,Virginia,2003-12-31,181170.33929898837
59,State,Washington,2003-12-31,217009.36322958485
8,State,Arizona,2003-12-31,169485.73933414518
26,State,Massachusetts,2003-12-31,329268.01506399055
53,State,Tennessee,2003-12-31,128114.2681299717
22,State,Indiana,2003-12-31,108911.46514295715
27,State,Maryland,2003-12-31,222579.22112298515
32,State,Missouri,2003-12-31,127598.30520439363
60,State,Wisconsin,2003-12-31,155467.8916493758
10,State,Colorado,2003-12-31,229277.22970434625
31,State,Minnesota,2003-12-31,190094.70227240957
51,State,South Carolina,2003-12-31,134191.33122436728
4,State,Alabama,2003-12-31,116279.62299680297
25,State,Louisiana,2003-12-31,132643.496202165
24,State,Kentucky,2003-12-31,106909.9398870649
46,State,Oregon,2003-12-31,184251.53756079427
45,State,Oklahoma,2003-12-31,98955.79006374897
11,State,Connecticut,2003-12-31,244671.23677624544
55,State,Utah,2003-12-31,182737.26899865837
19,State,Iowa,2003-12-31,110636.9452916475
42,State,Nevada,2003-12-31,209018.03071139255
6,State,Arkansas,2003-12-31,105595.00222826464
34,State,Mississippi,2003-12-31,104722.75909751556
23,State,Kansas,2003-12-31,106317.02828376857
41,State,New Mexico,2003-12-31,143476.22101353807
38,State,Nebraska,2003-12-31,122404.81028630682
20,State,Idaho,2003-12-31,142549.2495560963
61,State,West Virginia,2003-12-31,88347.56385847607
18,State,Hawaii,2003-12-31,279089.9847655713
39,State,New Hampshire,2003-12-31,222550.30063135535
28,State,Maine,2003-12-31,167870.59568492897
50,State,Rhode Island,2003-12-31,237433.75269012497
35,State,Montana,2003-12-31,
13,State,Delaware,2003-12-31,201330.1844561677
52,State,South Dakota,2003-12-31,122152.34580205468
37,State,North Dakota,2003-12-31,
3,State,Alaska,2003-12-31,190794.52486100924
12,State,District of Columbia,2003-12-31,266941.49010383216
58,State,Vermont,2003-12-31,163663.70323512203
62,State,Wyoming,2003-12-31,152872.64308669884
9,State,California,2004-01-31,326876.20078427915
54,State,Texas,2004-01-31,126019.4377056952
14,State,Florida,2004-01-31,159663.61898148002
43,State,New York,2004-01-31,221019.7405808813
47,State,Pennsylvania,2004-01-31,131758.89121362838
21,State,Illinois,2004-01-31,177530.7675899123
44,State,Ohio,2004-01-31,125539.34552195808
16,State,Georgia,2004-01-31,155555.9204497398
36,State,North Carolina,2004-01-31,147469.99414596014
30,State,Michigan,2004-01-31,145745.45448693648
40,State,New Jersey,2004-01-31,275639.0449256147
56,State,Virginia,2004-01-31,182815.08444827332
59,State,Washington,2004-01-31,218280.23679367185
8,State,Arizona,2004-01-31,170183.89464728872
26,State,Massachusetts,2004-01-31,331663.3694339976
53,State,Tennessee,2004-01-31,128420.54868938887
22,State,Indiana,2004-01-31,109074.50541018094
27,State,Maryland,2004-01-31,224840.81229942993
32,State,Missouri,2004-01-31,128219.33873256612
60,State,Wisconsin,2004-01-31,156158.23535329205
10,State,Colorado,2004-01-31,229635.6705769822
31,State,Minnesota,2004-01-31,191236.3180111583
51,State,South Carolina,2004-01-31,134619.5718564544
4,State,Alabama,2004-01-31,116559.25682552037
25,State,Louisiana,2004-01-31,133148.73661462616
24,State,Kentucky,2004-01-31,107166.86218489904
46,State,Oregon,2004-01-31,185062.4005199813
45,State,Oklahoma,2004-01-31,99233.02477595018
11,State,Connecticut,2004-01-31,246833.74134339092
55,State,Utah,2004-01-31,182928.19584277505
19,State,Iowa,2004-01-31,110992.2795203221
42,State,Nevada,2004-01-31,212395.49373412612
6,State,Arkansas,2004-01-31,105984.69779440008
34,State,Mississippi,2004-01-31,104903.7911230271
23,State,Kansas,2004-01-31,106474.07283440362
41,State,New Mexico,2004-01-31,144171.57491913196
38,State,Nebraska,2004-01-31,122912.16068723
20,State,Idaho,2004-01-31,142882.6735359338
61,State,West Virginia,2004-01-31,88811.78829816756
18,State,Hawaii,2004-01-31,282887.81322558277
39,State,New Hampshire,2004-01-31,224198.32379311472
28,State,Maine,2004-01-31,169470.33080947204
50,State,Rhode Island,2004-01-31,240348.41177723827
35,State,Montana,2004-01-31,
13,State,Delaware,2004-01-31,202764.72395081352
52,State,South Dakota,2004-01-31,122331.9493014585
37,State,North Dakota,2004-01-31,
3,State,Alaska,2004-01-31,191096.46337571857
12,State,District of Columbia,2004-01-31,269707.9321596145
58,State,Vermont,2004-01-31,164605.63616662854
62,State,Wyoming,2004-01-31,153331.86395570892
9,State,California,2004-02-29,331731.17475631513
54,State,Texas,2004-02-29,126871.97144008872
14,State,Florida,2004-02-29,161096.98834631298
43,State,New York,2004-02-29,222676.42261915823
47,State,Pennsylvania,2004-02-29,132591.7296608689
21,State,Illinois,2004-02-29,178457.4268118213
44,State,Ohio,2004-02-29,125869.74941440654
16,State,Georgia,2004-02-29,155876.30066912144
36,State,North Carolina,2004-02-29,147803.3570547516
30,State,Michigan,2004-02-29,146158.14324876617
40,State,New Jersey,2004-02-29,278063.52903897315
56,State,Virginia,2004-02-29,184617.19134085457
59,State,Washington,2004-02-29,219580.37444204048
8,State,Arizona,2004-02-29,171066.17120921196
26,State,Massachusetts,2004-02-29,334059.1399313587
53,State,Tennessee,2004-02-29,128756.87335511128
22,State,Indiana,2004-02-29,109192.38378219068
27,State,Maryland,2004-02-29,227216.15782176316
32,State,Missouri,2004-02-29,128725.79447530596
60,State,Wisconsin,2004-02-29,156964.6362461448
10,State,Colorado,2004-02-29,229934.70597678583
31,State,Minnesota,2004-02-29,192386.9760523982
51,State,South Carolina,2004-02-29,135068.53413771885
4,State,Alabama,2004-02-29,116824.7648335127
25,State,Louisiana,2004-02-29,133700.73069171372
24,State,Kentucky,2004-02-29,107428.91128684882
46,State,Oregon,2004-02-29,185911.6167629292
45,State,Oklahoma,2004-02-29,99548.89741989427
11,State,Connecticut,2004-02-29,248609.47446205435
55,State,Utah,2004-02-29,183222.4658229293
19,State,Iowa,2004-02-29,111240.30546654807
42,State,Nevada,2004-02-29,215887.4292808976
6,State,Arkansas,2004-02-29,106458.5968307354
34,State,Mississippi,2004-02-29,105120.85002935654
23,State,Kansas,2004-02-29,106688.33304798068
41,State,New Mexico,2004-02-29,144914.34826716705
38,State,Nebraska,2004-02-29,123436.17412079863
20,State,Idaho,2004-02-29,143370.71906713428
61,State,West Virginia,2004-02-29,89341.68270667658
18,State,Hawaii,2004-02-29,287112.6128088575
39,State,New Hampshire,2004-02-29,225933.1644279981
28,State,Maine,2004-02-29,171359.01178848455
50,State,Rhode Island,2004-02-29,243466.05429117577
35,State,Montana,2004-02-29,
13,State,Delaware,2004-02-29,204230.45621394063
52,State,South Dakota,2004-02-29,122786.24404905085
37,State,North Dakota,2004-02-29,
3,State,Alaska,2004-02-29,191715.20087692063
12,State,District of Columbia,2004-02-29,272657.7705999717
58,State,Vermont,2004-02-29,166009.28427160103
62,State,Wyoming,2004-02-29,153809.46683711876
9,State,California,2004-03-31,337268.8144418751
54,State,Texas,2004-03-31,128221.53169614686
14,State,Florida,2004-03-31,162667.39678531393
43,State,New York,2004-03-31,224065.0813423678
47,State,Pennsylvania,2004-03-31,133428.7156416284
21,State,Illinois,2004-03-31,179413.28382154336
44,State,Ohio,2004-03-31,126205.50070405335
16,State,Georgia,2004-03-31,156186.6613413385
36,State,North Carolina,2004-03-31,148101.65118080887
30,State,Michigan,2004-03-31,146554.73151726843
40,State,New Jersey,2004-03-31,280737.50670312345
56,State,Virginia,2004-03-31,186714.5946999163
59,State,Washington,2004-03-31,220947.44899711048
8,State,Arizona,2004-03-31,172139.46044982818
26,State,Massachusetts,2004-03-31,336547.3476468494
53,State,Tennessee,2004-03-31,129129.46178143872
22,State,Indiana,2004-03-31,109342.43096040952
27,State,Maryland,2004-03-31,229607.27050855372
32,State,Missouri,2004-03-31,129111.38528806844
60,State,Wisconsin,2004-03-31,157794.4316776645
10,State,Colorado,2004-03-31,230283.18346248692
31,State,Minnesota,2004-03-31,193513.7895408148
51,State,South Carolina,2004-03-31,135541.9491782114
4,State,Alabama,2004-03-31,117122.15173485588
25,State,Louisiana,2004-03-31,134319.81929117578
24,State,Kentucky,2004-03-31,107661.78832029251
46,State,Oregon,2004-03-31,186904.80206612832
45,State,Oklahoma,2004-03-31,99849.4447458554
11,State,Connecticut,2004-03-31,250307.61819951748
55,State,Utah,2004-03-31,183559.41859808136
19,State,Iowa,2004-03-31,111467.14150295936
42,State,Nevada,2004-03-31,220846.11619980383
6,State,Arkansas,2004-03-31,107003.4738201042
34,State,Mississippi,2004-03-31,105414.23925580912
23,State,Kansas,2004-03-31,107040.52933866507
41,State,New Mexico,2004-03-31,145479.6961787047
38,State,Nebraska,2004-03-31,124011.97119840248
20,State,Idaho,2004-03-31,143934.96041980266
61,State,West Virginia,2004-03-31,89970.1491385881
18,State,Hawaii,2004-03-31,291802.60399161186
39,State,New Hampshire,2004-03-31,227762.58912686424
28,State,Maine,2004-03-31,173338.72190497236
50,State,Rhode Island,2004-03-31,246433.0956801907
35,State,Montana,2004-03-31,
13,State,Delaware,2004-03-31,205747.6827924907
52,State,South Dakota,2004-03-31,123379.99067087418
37,State,North Dakota,2004-03-31,
3,State,Alaska,2004-03-31,192154.31502703027
12,State,District of Columbia,2004-03-31,276183.34439259366
58,State,Vermont,2004-03-31,167518.37746939957
62,State,Wyoming,2004-03-31,154440.36752941762
9,State,California,2004-04-30,343625.8960031408
54,State,Texas,2004-04-30,129560.78994226552
14,State,Florida,2004-04-30,164458.08411511648
43,State,New York,2004-04-30,225445.12799040787
47,State,Pennsylvania,2004-04-30,134358.4836790474
21,State,Illinois,2004-04-30,180478.57773832884
44,State,Ohio,2004-04-30,126535.34807564838
16,State,Georgia,2004-04-30,156604.62739293606
36,State,North Carolina,2004-04-30,148410.24966120798
30,State,Michigan,2004-04-30,146839.73762556908
40,State,New Jersey,2004-04-30,283630.6690644881
56,State,Virginia,2004-04-30,189225.49227433885
59,State,Washington,2004-04-30,222530.85654796497
8,State,Arizona,2004-04-30,173443.73963482192
26,State,Massachusetts,2004-04-30,339305.5710665002
53,State,Tennessee,2004-04-30,129548.18687155738
22,State,Indiana,2004-04-30,109483.79624322656
27,State,Maryland,2004-04-30,232406.3633159399
32,State,Missouri,2004-04-30,129430.7571646272
60,State,Wisconsin,2004-04-30,158777.14424625973
10,State,Colorado,2004-04-30,230797.52582568084
31,State,Minnesota,2004-04-30,194803.17797387115
51,State,South Carolina,2004-04-30,136005.0067884701
4,State,Alabama,2004-04-30,117425.95594893182
25,State,Louisiana,2004-04-30,134931.89810364982
24,State,Kentucky,2004-04-30,107856.2634424708
46,State,Oregon,2004-04-30,188154.0185691592
45,State,Oklahoma,2004-04-30,100134.29115284658
11,State,Connecticut,2004-04-30,252369.93255794057
55,State,Utah,2004-04-30,183962.6162987761
19,State,Iowa,2004-04-30,111751.60334014338
42,State,Nevada,2004-04-30,226221.5750256693
6,State,Arkansas,2004-04-30,107606.56930787412
34,State,Mississippi,2004-04-30,105699.64926713104
23,State,Kansas,2004-04-30,107642.2986561986
41,State,New Mexico,2004-04-30,146030.60825272903
38,State,Nebraska,2004-04-30,124556.82888651098
20,State,Idaho,2004-04-30,144589.4218268581
61,State,West Virginia,2004-04-30,90529.15911532
18,State,Hawaii,2004-04-30,297125.72212431586
39,State,New Hampshire,2004-04-30,229758.66246852264
28,State,Maine,2004-04-30,175214.3670038198
50,State,Rhode Island,2004-04-30,249557.5428747927
35,State,Montana,2004-04-30,
13,State,Delaware,2004-04-30,207612.30571023535
52,State,South Dakota,2004-04-30,123885.4561947948
37,State,North Dakota,2004-04-30,
3,State,Alaska,2004-04-30,193287.96587743273
12,State,District of Columbia,2004-04-30,279679.6747117134
58,State,Vermont,2004-04-30,169156.8444686289
62,State,Wyoming,2004-04-30,155289.06554492906
9,State,California,2004-05-31,350945.5415808798
54,State,Texas,2004-05-31,130667.49764478044
14,State,Florida,2004-05-31,166554.48133082807
43,State,New York,2004-05-31,227069.43285676555
47,State,Pennsylvania,2004-05-31,135452.78939318188
21,State,Illinois,2004-05-31,181671.89968796275
44,State,Ohio,2004-05-31,126881.59475308355
16,State,Georgia,2004-05-31,157068.52679885653
36,State,North Carolina,2004-05-31,148719.6769874545
30,State,Michigan,2004-05-31,147207.5773802947
40,State,New Jersey,2004-05-31,287017.89109859214
56,State,Virginia,2004-05-31,192232.44194203537
59,State,Washington,2004-05-31,224563.5853139868
8,State,Arizona,2004-05-31,175032.1850729898
26,State,Massachusetts,2004-05-31,342124.8059957014
53,State,Tennessee,2004-05-31,129971.53966631212
22,State,Indiana,2004-05-31,109806.9889488724
27,State,Maryland,2004-05-31,235603.33545721276
32,State,Missouri,2004-05-31,129861.5190481717
60,State,Wisconsin,2004-05-31,160023.5426626871
10,State,Colorado,2004-05-31,231468.077059941
31,State,Minnesota,2004-05-31,196168.8118481764
51,State,South Carolina,2004-05-31,136587.98363528657
4,State,Alabama,2004-05-31,117800.6023190038
25,State,Louisiana,2004-05-31,135466.1504418397
24,State,Kentucky,2004-05-31,108066.97678616324
46,State,Oregon,2004-05-31,189709.57810647393
45,State,Oklahoma,2004-05-31,100407.81907490728
11,State,Connecticut,2004-05-31,254929.65632246868
55,State,Utah,2004-05-31,184183.00594061048
19,State,Iowa,2004-05-31,112096.0938609886
42,State,Nevada,2004-05-31,232977.7302015789
6,State,Arkansas,2004-05-31,108172.1891493528
34,State,Mississippi,2004-05-31,105993.43677297705
23,State,Kansas,2004-05-31,108268.57026881562
41,State,New Mexico,2004-05-31,146666.85196829424
38,State,Nebraska,2004-05-31,125178.46747340272
20,State,Idaho,2004-05-31,145316.96190105626
61,State,West Virginia,2004-05-31,91049.24741058948
18,State,Hawaii,2004-05-31,302467.11676026456
39,State,New Hampshire,2004-05-31,232023.18722786495
28,State,Maine,2004-05-31,177496.54736404843
50,State,Rhode Island,2004-05-31,252928.1582970987
35,State,Montana,2004-05-31,
13,State,Delaware,2004-05-31,209854.850008974
52,State,South Dakota,2004-05-31,124480.89453002968
37,State,North Dakota,2004-05-31,
3,State,Alaska,2004-05-31,194518.43952462173
12,State,District of Columbia,2004-05-31,283841.88755584304
58,State,Vermont,2004-05-31,171214.40508968773
62,State,Wyoming,2004-05-31,156457.59627880037
9,State,California,2004-06-30,359114.3720413257
54,State,Texas,2004-06-30,131377.81682658335
14,State,Florida,2004-06-30,168932.5451416422
43,State,New York,2004-06-30,229073.4394388407
47,State,Pennsylvania,2004-06-30,136744.51079887108
21,State,Illinois,2004-06-30,183049.07706869268
44,State,Ohio,2004-06-30,127243.241918604
16,State,Georgia,2004-06-30,157535.52986795272
36,State,North Carolina,2004-06-30,149096.56100148158
30,State,Michigan,2004-06-30,147598.70447539302
40,State,New Jersey,2004-06-30,290710.48781547515
56,State,Virginia,2004-06-30,195661.9070186621
59,State,Washington,2004-06-30,226929.3723218585
8,State,Arizona,2004-06-30,176812.27465889734
26,State,Massachusetts,2004-06-30,344795.89702122094
53,State,Tennessee,2004-06-30,130417.6350234357
22,State,Indiana,2004-06-30,110209.03923209076
27,State,Maryland,2004-06-30,239522.61066647503
32,State,Missouri,2004-06-30,130391.43358816754
60,State,Wisconsin,2004-06-30,161483.5842742543
10,State,Colorado,2004-06-30,232174.2579311262
31,State,Minnesota,2004-06-30,197681.8389304528
51,State,South Carolina,2004-06-30,137248.60577104706
4,State,Alabama,2004-06-30,118269.60250974011
25,State,Louisiana,2004-06-30,136055.3871373788
24,State,Kentucky,2004-06-30,108322.98326711872
46,State,Oregon,2004-06-30,191445.6313450156
45,State,Oklahoma,2004-06-30,100679.48046899446
11,State,Connecticut,2004-06-30,257867.90589322092
55,State,Utah,2004-06-30,184409.972165153
19,State,Iowa,2004-06-30,112489.80898618713
42,State,Nevada,2004-06-30,240200.6068943015
6,State,Arkansas,2004-06-30,108737.16791583155
34,State,Mississippi,2004-06-30,106264.53272627656
23,State,Kansas,2004-06-30,108782.89843507868
41,State,New Mexico,2004-06-30,147570.21840115113
38,State,Nebraska,2004-06-30,125748.9800141176
20,State,Idaho,2004-06-30,146163.22301060462
61,State,West Virginia,2004-06-30,91546.10809542632
18,State,Hawaii,2004-06-30,309151.477297386
39,State,New Hampshire,2004-06-30,234437.46626423355
28,State,Maine,2004-06-30,180071.7145659839
50,State,Rhode Island,2004-06-30,256890.7454567443
35,State,Montana,2004-06-30,
13,State,Delaware,2004-06-30,212584.76108489893
52,State,South Dakota,2004-06-30,125273.27606268
37,State,North Dakota,2004-06-30,
3,State,Alaska,2004-06-30,195986.95149504225
12,State,District of Columbia,2004-06-30,288360.57908322284
58,State,Vermont,2004-06-30,173454.2886449313
62,State,Wyoming,2004-06-30,157897.02126281252
9,State,California,2004-07-31,367465.9277307952
54,State,Texas,2004-07-31,132041.80099573891
14,State,Florida,2004-07-31,171574.44823694282
43,State,New York,2004-07-31,231327.127914864
47,State,Pennsylvania,2004-07-31,138260.9193612856
21,State,Illinois,2004-07-31,184378.79765231535
44,State,Ohio,2004-07-31,127649.39508736786
16,State,Georgia,2004-07-31,157985.87018288695
36,State,North Carolina,2004-07-31,149495.70836910114
30,State,Michigan,2004-07-31,148060.1194631257
40,State,New Jersey,2004-07-31,294668.584414399
56,State,Virginia,2004-07-31,199553.6302156784
59,State,Washington,2004-07-31,229329.95580767092
8,State,Arizona,2004-07-31,
26,State,Massachusetts,2004-07-31,347492.6769123644
53,State,Tennessee,2004-07-31,130901.5267151108
22,State,Indiana,2004-07-31,110668.60721656792
27,State,Maryland,2004-07-31,243901.494080026
32,State,Missouri,2004-07-31,131048.8403898814
60,State,Wisconsin,2004-07-31,163124.02082913156
10,State,Colorado,2004-07-31,232823.13146154388
31,State,Minnesota,2004-07-31,199127.07131642025
51,State,South Carolina,2004-07-31,138037.55153446586
4,State,Alabama,2004-07-31,118828.35939111844
25,State,Louisiana,2004-07-31,136650.26128876465
24,State,Kentucky,2004-07-31,108656.83492664342
46,State,Oregon,2004-07-31,193404.8907221475
45,State,Oklahoma,2004-07-31,100954.7778047766
11,State,Connecticut,2004-07-31,260889.03935079408
55,State,Utah,2004-07-31,184622.415971039
19,State,Iowa,2004-07-31,112882.15192791024
42,State,Nevada,2004-07-31,249823.56053206397
6,State,Arkansas,2004-07-31,109284.29336703564
34,State,Mississippi,2004-07-31,106583.49127036314
23,State,Kansas,2004-07-31,109099.61757615244
41,State,New Mexico,2004-07-31,148656.05632714726
38,State,Nebraska,2004-07-31,126393.38680796408
20,State,Idaho,2004-07-31,147095.95056766737
61,State,West Virginia,2004-07-31,92184.65751020976
18,State,Hawaii,2004-07-31,316493.8704405309
39,State,New Hampshire,2004-07-31,236571.15848560896
28,State,Maine,2004-07-31,182910.27550733252
50,State,Rhode Island,2004-07-31,261089.0903039286
35,State,Montana,2004-07-31,
13,State,Delaware,2004-07-31,215412.9847797164
52,State,South Dakota,2004-07-31,126350.02655410505
37,State,North Dakota,2004-07-31,
3,State,Alaska,2004-07-31,197536.17755961348
12,State,District of Columbia,2004-07-31,293664.6556681753
58,State,Vermont,2004-07-31,175565.34499414897
62,State,Wyoming,2004-07-31,159403.20754052085
9,State,California,2004-08-31,375436.2534672714
54,State,Texas,2004-08-31,132645.7595704402
14,State,Florida,2004-08-31,174483.85202927212
43,State,New York,2004-08-31,233645.59083337025
47,State,Pennsylvania,2004-08-31,139742.58353850842
21,State,Illinois,2004-08-31,185847.29690831993
44,State,Ohio,2004-08-31,128030.83889179611
16,State,Georgia,2004-08-31,158502.01912156015
36,State,North Carolina,2004-08-31,149930.68658357565
30,State,Michigan,2004-08-31,148537.65326715744
40,State,New Jersey,2004-08-31,298774.48355095554
56,State,Virginia,2004-08-31,203647.56424934336
59,State,Washington,2004-08-31,231645.4382300976
8,State,Arizona,2004-08-31,181675.37553543993
26,State,Massachusetts,2004-08-31,350244.64517309587
53,State,Tennessee,2004-08-31,131422.09789777143
22,State,Indiana,2004-08-31,111091.86429953128
27,State,Maryland,2004-08-31,248725.19690713627
32,State,Missouri,2004-08-31,131649.0161781593
60,State,Wisconsin,2004-08-31,164524.01244434316
10,State,Colorado,2004-08-31,233413.06581695456
31,State,Minnesota,2004-08-31,200428.2345167139
51,State,South Carolina,2004-08-31,138765.37443877783
4,State,Alabama,2004-08-31,119359.91168655758
25,State,Louisiana,2004-08-31,137455.42149788814
24,State,Kentucky,2004-08-31,108983.8399141025
46,State,Oregon,2004-08-31,195343.8430572078
45,State,Oklahoma,2004-08-31,101286.66388115304
11,State,Connecticut,2004-08-31,263782.13873217563
55,State,Utah,2004-08-31,184855.22562798217
19,State,Iowa,2004-08-31,113306.39779949014
42,State,Nevada,2004-08-31,258947.7105944641
6,State,Arkansas,2004-08-31,109857.75200973293
34,State,Mississippi,2004-08-31,106995.79190303588
23,State,Kansas,2004-08-31,109453.93101823276
41,State,New Mexico,2004-08-31,149636.28928208232
38,State,Nebraska,2004-08-31,126938.56119368294
20,State,Idaho,2004-08-31,147987.80965803377
61,State,West Virginia,2004-08-31,92871.64833265023
18,State,Hawaii,2004-08-31,323912.9685988608
39,State,New Hampshire,2004-08-31,238609.25239938768
28,State,Maine,2004-08-31,184862.3694249495
50,State,Rhode Island,2004-08-31,264985.9867556813
35,State,Montana,2004-08-31,
13,State,Delaware,2004-08-31,218210.31371818736
52,State,South Dakota,2004-08-31,127307.4866302146
37,State,North Dakota,2004-08-31,
3,State,Alaska,2004-08-31,198958.79073932627
12,State,District of Columbia,2004-08-31,298700.99380615685
58,State,Vermont,2004-08-31,177020.8890380476
62,State,Wyoming,2004-08-31,160932.70439031752
9,State,California,2004-09-30,382984.43243498495
54,State,Texas,2004-09-30,133327.71169109436
14,State,Florida,2004-09-30,177438.1700065397
43,State,New York,2004-09-30,236086.5870540609
47,State,Pennsylvania,2004-09-30,141222.1577714976
21,State,Illinois,2004-09-30,187273.6181489544
44,State,Ohio,2004-09-30,128399.02894919486
16,State,Georgia,2004-09-30,159065.60680824475
36,State,North Carolina,2004-09-30,150397.1573841117
30,State,Michigan,2004-09-30,149006.30678205175
40,State,New Jersey,2004-09-30,302829.97328346013
56,State,Virginia,2004-09-30,207747.3619154879
59,State,Washington,2004-09-30,233803.8002706368
8,State,Arizona,2004-09-30,184256.26175493465
26,State,Massachusetts,2004-09-30,353488.268271623
53,State,Tennessee,2004-09-30,131967.9548767275
22,State,Indiana,2004-09-30,111398.06727293368
27,State,Maryland,2004-09-30,253515.33754501233
32,State,Missouri,2004-09-30,132167.08996227267
60,State,Wisconsin,2004-09-30,165804.93317648245
10,State,Colorado,2004-09-30,233769.96191159333
31,State,Minnesota,2004-09-30,201649.51111770223
51,State,South Carolina,2004-09-30,139528.0846989686
4,State,Alabama,2004-09-30,119847.82567489016
25,State,Louisiana,2004-09-30,138197.07144236032
24,State,Kentucky,2004-09-30,109306.58120832384
46,State,Oregon,2004-09-30,197210.9525990427
45,State,Oklahoma,2004-09-30,101692.2060822202
11,State,Connecticut,2004-09-30,266586.08253535774
55,State,Utah,2004-09-30,185031.34239093613
19,State,Iowa,2004-09-30,113704.28500991252
42,State,Nevada,2004-09-30,269189.29369241116
6,State,Arkansas,2004-09-30,110445.46322371844
34,State,Mississippi,2004-09-30,107543.5201378232
23,State,Kansas,2004-09-30,110396.6111865106
41,State,New Mexico,2004-09-30,150382.42115078843
38,State,Nebraska,2004-09-30,127330.51243689556
20,State,Idaho,2004-09-30,148767.68859948436
61,State,West Virginia,2004-09-30,93555.03157593172
18,State,Hawaii,2004-09-30,330160.3505753256
39,State,New Hampshire,2004-09-30,240512.5965373752
28,State,Maine,2004-09-30,186375.02807429
50,State,Rhode Island,2004-09-30,268268.76502859005
35,State,Montana,2004-09-30,
13,State,Delaware,2004-09-30,220838.0430233949
52,State,South Dakota,2004-09-30,128157.67158375093
37,State,North Dakota,2004-09-30,
3,State,Alaska,2004-09-30,200671.6596262255
12,State,District of Columbia,2004-09-30,304451.98670371936
58,State,Vermont,2004-09-30,178301.40403678184
62,State,Wyoming,2004-09-30,162359.8450906115
9,State,California,2004-10-31,390233.84923188953
54,State,Texas,2004-10-31,133962.2119508425
14,State,Florida,2004-10-31,180276.2969352719
43,State,New York,2004-10-31,238485.25594224688
47,State,Pennsylvania,2004-10-31,142510.76219504917
21,State,Illinois,2004-10-31,188820.9359076325
44,State,Ohio,2004-10-31,128746.58232376554
16,State,Georgia,2004-10-31,159669.36643134247
36,State,North Carolina,2004-10-31,150903.2632684738
30,State,Michigan,2004-10-31,149509.53891824704
40,State,New Jersey,2004-10-31,306820.6716877402
56,State,Virginia,2004-10-31,211388.49871451792
59,State,Washington,2004-10-31,235905.66832688925
8,State,Arizona,2004-10-31,186917.83326774693
26,State,Massachusetts,2004-10-31,356726.75746016204
53,State,Tennessee,2004-10-31,132538.19045461746
22,State,Indiana,2004-10-31,111781.49860327777
27,State,Maryland,2004-10-31,257915.99943100847
32,State,Missouri,2004-10-31,132640.96641791766
60,State,Wisconsin,2004-10-31,166943.97912781246
10,State,Colorado,2004-10-31,234145.1114921748
31,State,Minnesota,2004-10-31,202767.36959700988
51,State,South Carolina,2004-10-31,140309.57916735325
4,State,Alabama,2004-10-31,120349.72484480085
25,State,Louisiana,2004-10-31,138937.0282522178
24,State,Kentucky,2004-10-31,109662.04088735096
46,State,Oregon,2004-10-31,198957.49689305868
45,State,Oklahoma,2004-10-31,102134.85983031348
11,State,Connecticut,2004-10-31,269626.9039774522
55,State,Utah,2004-10-31,185146.02323725235
19,State,Iowa,2004-10-31,114115.0960966894
42,State,Nevada,2004-10-31,277203.3069134346
6,State,Arkansas,2004-10-31,111026.7766652605
34,State,Mississippi,2004-10-31,108188.14668659604
23,State,Kansas,2004-10-31,111564.91273092432
41,State,New Mexico,2004-10-31,151039.74381370394
38,State,Nebraska,2004-10-31,127607.76433798316
20,State,Idaho,2004-10-31,149440.1280540024
61,State,West Virginia,2004-10-31,94193.80471173274
18,State,Hawaii,2004-10-31,335940.3272231744
39,State,New Hampshire,2004-10-31,242434.6646336882
28,State,Maine,2004-10-31,187581.4974322517
50,State,Rhode Island,2004-10-31,271577.890379097
35,State,Montana,2004-10-31,
13,State,Delaware,2004-10-31,223663.6706061605
52,State,South Dakota,2004-10-31,128875.3764485952
37,State,North Dakota,2004-10-31,
3,State,Alaska,2004-10-31,202417.49279667527
12,State,District of Columbia,2004-10-31,311291.47864277166
58,State,Vermont,2004-10-31,179806.1650872313
62,State,Wyoming,2004-10-31,163631.4106402058
9,State,California,2004-11-30,396607.3277928785
54,State,Texas,2004-11-30,134529.83239582268
14,State,Florida,2004-11-30,182938.2634829468
43,State,New York,2004-11-30,240915.7133650755
47,State,Pennsylvania,2004-11-30,143814.4423990386
21,State,Illinois,2004-11-30,190146.95893370628
44,State,Ohio,2004-11-30,129099.24861733105
16,State,Georgia,2004-11-30,160199.20758028585
36,State,North Carolina,2004-11-30,151422.84906697148
30,State,Michigan,2004-11-30,149969.9020395344
40,State,New Jersey,2004-11-30,310528.01385526825
56,State,Virginia,2004-11-30,214558.5995470312
59,State,Washington,2004-11-30,238061.1867834495
8,State,Arizona,2004-11-30,189585.6295764374
26,State,Massachusetts,2004-11-30,359776.3955208881
53,State,Tennessee,2004-11-30,133085.97997762178
22,State,Indiana,2004-11-30,112119.2375069306
27,State,Maryland,2004-11-30,261953.83538460932
32,State,Missouri,2004-11-30,133159.36545305673
60,State,Wisconsin,2004-11-30,168107.89309619635
10,State,Colorado,2004-11-30,234471.83496373033
31,State,Minnesota,2004-11-30,203807.1421989648
51,State,South Carolina,2004-11-30,141142.83114378827
4,State,Alabama,2004-11-30,120947.12353752989
25,State,Louisiana,2004-11-30,139646.2968912992
24,State,Kentucky,2004-11-30,110006.9459521492
46,State,Oregon,2004-11-30,200699.88530439365
45,State,Oklahoma,2004-11-30,102496.46714971992
11,State,Connecticut,2004-11-30,272891.6800224793
55,State,Utah,2004-11-30,185197.6096830376
19,State,Iowa,2004-11-30,114448.85919543328
42,State,Nevada,2004-11-30,284482.1662929093
6,State,Arkansas,2004-11-30,111588.16297187634
34,State,Mississippi,2004-11-30,108726.87015785895
23,State,Kansas,2004-11-30,112735.20014036389
41,State,New Mexico,2004-11-30,151643.26545350737
38,State,Nebraska,2004-11-30,127863.2506614112
20,State,Idaho,2004-11-30,150140.35392773608
61,State,West Virginia,2004-11-30,94819.3897513975
18,State,Hawaii,2004-11-30,341375.84124263684
39,State,New Hampshire,2004-11-30,244415.39445016836
28,State,Maine,2004-11-30,189388.0150136687
50,State,Rhode Island,2004-11-30,274667.348986185
35,State,Montana,2004-11-30,
13,State,Delaware,2004-11-30,227061.9509511032
52,State,South Dakota,2004-11-30,129553.4491259877
37,State,North Dakota,2004-11-30,
3,State,Alaska,2004-11-30,204222.72519323128
12,State,District of Columbia,2004-11-30,318290.8867197929
58,State,Vermont,2004-11-30,181523.55343144457
62,State,Wyoming,2004-11-30,164748.06089662423
9,State,California,2004-12-31,402765.0037735109
54,State,Texas,2004-12-31,135025.9058021767
14,State,Florida,2004-12-31,185650.7960727335
43,State,New York,2004-12-31,243238.5766200701
47,State,Pennsylvania,2004-12-31,145087.7012491359
21,State,Illinois,2004-12-31,191441.64285259825
44,State,Ohio,2004-12-31,129431.21370162324
16,State,Georgia,2004-12-31,160663.34038332372
36,State,North Carolina,2004-12-31,151937.44285300517
30,State,Michigan,2004-12-31,150413.94922496885
40,State,New Jersey,2004-12-31,313997.1837732452
56,State,Virginia,2004-12-31,217606.16090718016
59,State,Washington,2004-12-31,240462.45394636373
8,State,Arizona,2004-12-31,192774.16602651705
26,State,Massachusetts,2004-12-31,362330.91721629794
53,State,Tennessee,2004-12-31,133629.28277797918
22,State,Indiana,2004-12-31,112490.23572361356
27,State,Maryland,2004-12-31,265815.709937027
32,State,Missouri,2004-12-31,133729.20682877398
60,State,Wisconsin,2004-12-31,169229.31112155368
10,State,Colorado,2004-12-31,235005.7247162868
31,State,Minnesota,2004-12-31,204833.4952427883
51,State,South Carolina,2004-12-31,141957.9024935847
4,State,Alabama,2004-12-31,121592.48845940753
25,State,Louisiana,2004-12-31,140335.77267555762
24,State,Kentucky,2004-12-31,110345.80571989616
46,State,Oregon,2004-12-31,202394.106594083
45,State,Oklahoma,2004-12-31,102832.00081698266
11,State,Connecticut,2004-12-31,275925.41164796526
55,State,Utah,2004-12-31,185172.94598556127
19,State,Iowa,2004-12-31,114830.51008221829
42,State,Nevada,2004-12-31,289474.98163668945
6,State,Arkansas,2004-12-31,112122.50996675728
34,State,Mississippi,2004-12-31,109112.64776839085
23,State,Kansas,2004-12-31,113360.0249766955
41,State,New Mexico,2004-12-31,152288.0912941896
38,State,Nebraska,2004-12-31,128257.90656331058
20,State,Idaho,2004-12-31,150862.1816253458
61,State,West Virginia,2004-12-31,95424.13306214608
18,State,Hawaii,2004-12-31,347482.00041207875
39,State,New Hampshire,2004-12-31,246463.05673773465
28,State,Maine,2004-12-31,191335.39562674696
50,State,Rhode Island,2004-12-31,277875.07326806214
35,State,Montana,2004-12-31,
13,State,Delaware,2004-12-31,231269.88744779257
52,State,South Dakota,2004-12-31,130096.68720954616
37,State,North Dakota,2004-12-31,
3,State,Alaska,2004-12-31,205919.87176673033
12,State,District of Columbia,2004-12-31,323550.99234952446
58,State,Vermont,2004-12-31,183386.9856742894
62,State,Wyoming,2004-12-31,165964.95323485078
9,State,California,2005-01-31,408244.9566865003
54,State,Texas,2005-01-31,135554.2470825851
14,State,Florida,2005-01-31,188436.15308666532
43,State,New York,2005-01-31,245452.91377875183
47,State,Pennsylvania,2005-01-31,146399.41119423826
21,State,Illinois,2005-01-31,192530.88142397476
44,State,Ohio,2005-01-31,129784.00570453756
16,State,Georgia,2005-01-31,161020.0196800387
36,State,North Carolina,2005-01-31,152336.21814782222
30,State,Michigan,2005-01-31,150862.45770795995
40,State,New Jersey,2005-01-31,317292.2088720579
56,State,Virginia,2005-01-31,220698.2157404276
59,State,Washington,2005-01-31,242934.0214434139
8,State,Arizona,2005-01-31,196226.37852063216
26,State,Massachusetts,2005-01-31,364653.9886435043
53,State,Tennessee,2005-01-31,134133.4730206879
22,State,Indiana,2005-01-31,113140.32576390072
27,State,Maryland,2005-01-31,269701.2096157253
32,State,Missouri,2005-01-31,134278.6039608158
60,State,Wisconsin,2005-01-31,169941.6398937175
10,State,Colorado,2005-01-31,235599.5009684884
31,State,Minnesota,2005-01-31,206054.34123893885
51,State,South Carolina,2005-01-31,142755.8875507031
4,State,Alabama,2005-01-31,122147.03317727498
25,State,Louisiana,2005-01-31,140793.2635779065
24,State,Kentucky,2005-01-31,110683.96924379312
46,State,Oregon,2005-01-31,203935.5345830023
45,State,Oklahoma,2005-01-31,103200.0169147901
11,State,Connecticut,2005-01-31,278311.6185702758
55,State,Utah,2005-01-31,185127.81898569805
19,State,Iowa,2005-01-31,115154.77308765009
42,State,Nevada,2005-01-31,293482.6522157676
6,State,Arkansas,2005-01-31,112763.80464258965
34,State,Mississippi,2005-01-31,109339.34387703464
23,State,Kansas,2005-01-31,113906.44973083744
41,State,New Mexico,2005-01-31,152916.13575134848
38,State,Nebraska,2005-01-31,128710.53129660874
20,State,Idaho,2005-01-31,151717.8207611532
61,State,West Virginia,2005-01-31,96083.2287579745
18,State,Hawaii,2005-01-31,352560.16803535866
39,State,New Hampshire,2005-01-31,248519.54734525667
28,State,Maine,2005-01-31,193974.30166349272
50,State,Rhode Island,2005-01-31,280963.9279630225
35,State,Montana,2005-01-31,
13,State,Delaware,2005-01-31,234747.94384859595
52,State,South Dakota,2005-01-31,130743.6078412191
37,State,North Dakota,2005-01-31,
3,State,Alaska,2005-01-31,207402.69655553
12,State,District of Columbia,2005-01-31,326077.43083259044
58,State,Vermont,2005-01-31,185167.54229696977
62,State,Wyoming,2005-01-31,167197.54856800655
9,State,California,2005-02-28,414184.38387750526
54,State,Texas,2005-02-28,135998.75921699032
14,State,Florida,2005-02-28,191414.68181322588
43,State,New York,2005-02-28,247610.24823226905
47,State,Pennsylvania,2005-02-28,147463.5459519859
21,State,Illinois,2005-02-28,193726.57676442535
44,State,Ohio,2005-02-28,130157.94364308054
16,State,Georgia,2005-02-28,161352.5885996297
36,State,North Carolina,2005-02-28,152763.94386103985
30,State,Michigan,2005-02-28,151226.53752930104
40,State,New Jersey,2005-02-28,320422.3509491683
56,State,Virginia,2005-02-28,223720.6937843829
59,State,Washington,2005-02-28,245160.35302094975
8,State,Arizona,2005-02-28,200444.4991583669
26,State,Massachusetts,2005-02-28,367371.403320253
53,State,Tennessee,2005-02-28,134725.60452567026
22,State,Indiana,2005-02-28,113985.9506894701
27,State,Maryland,2005-02-28,273443.4273061424
32,State,Missouri,2005-02-28,134781.7456451298
60,State,Wisconsin,2005-02-28,170445.2338526663
10,State,Colorado,2005-02-28,236061.75213196583
31,State,Minnesota,2005-02-28,207392.69917197185
51,State,South Carolina,2005-02-28,143548.06402306238
4,State,Alabama,2005-02-28,122583.2623111311
25,State,Louisiana,2005-02-28,141109.18956672875
24,State,Kentucky,2005-02-28,111061.44516210032
46,State,Oregon,2005-02-28,205582.71263818897
45,State,Oklahoma,2005-02-28,103578.97185517824
11,State,Connecticut,2005-02-28,280232.46214684134
55,State,Utah,2005-02-28,185332.40656897044
19,State,Iowa,2005-02-28,115518.30127423214
42,State,Nevada,2005-02-28,298856.4461301356
6,State,Arkansas,2005-02-28,113517.1864865283
34,State,Mississippi,2005-02-28,109665.52347420772
23,State,Kansas,2005-02-28,114399.60949090392
41,State,New Mexico,2005-02-28,153534.709564389
38,State,Nebraska,2005-02-28,129151.68982109684
20,State,Idaho,2005-02-28,152729.0433168415
61,State,West Virginia,2005-02-28,96797.43220271716
18,State,Hawaii,2005-02-28,358315.06937988644
39,State,New Hampshire,2005-02-28,250445.0769842904
28,State,Maine,2005-02-28,196540.35413204588
50,State,Rhode Island,2005-02-28,284001.0319349379
35,State,Montana,2005-02-28,163571.9079386935
13,State,Delaware,2005-02-28,237242.6321538548
52,State,South Dakota,2005-02-28,131526.71194445508
37,State,North Dakota,2005-02-28,
3,State,Alaska,2005-02-28,208646.3605661981
12,State,District of Columbia,2005-02-28,329587.2052810005
58,State,Vermont,2005-02-28,186970.6605322423
62,State,Wyoming,2005-02-28,168189.28379734533
9,State,California,2005-03-31,420427.6801460655
54,State,Texas,2005-03-31,136394.84575727934
14,State,Florida,2005-03-31,194754.227719806
43,State,New York,2005-03-31,249595.2283589868
47,State,Pennsylvania,2005-03-31,148482.452811974
21,State,Illinois,2005-03-31,194931.04941128407
44,State,Ohio,2005-03-31,130541.34399441868
16,State,Georgia,2005-03-31,161694.78798756216
36,State,North Carolina,2005-03-31,153164.66828216158
30,State,Michigan,2005-03-31,151563.01253050836
40,State,New Jersey,2005-03-31,323635.7013017413
56,State,Virginia,2005-03-31,226929.24289631553
59,State,Washington,2005-03-31,247628.34465698895
8,State,Arizona,2005-03-31,204927.9226943696
26,State,Massachusetts,2005-03-31,370266.5433925363
53,State,Tennessee,2005-03-31,135395.46987345896
22,State,Indiana,2005-03-31,114894.3348395441
27,State,Maryland,2005-03-31,277148.55046712747
32,State,Missouri,2005-03-31,135258.41619967474
60,State,Wisconsin,2005-03-31,170920.22920742034
10,State,Colorado,2005-03-31,236528.47206045408
31,State,Minnesota,2005-03-31,208550.95578148583
51,State,South Carolina,2005-03-31,144439.13055189652
4,State,Alabama,2005-03-31,122910.95858929685
25,State,Louisiana,2005-03-31,141328.26176021146
24,State,Kentucky,2005-03-31,111516.46361765808
46,State,Oregon,2005-03-31,207583.039884567
45,State,Oklahoma,2005-03-31,103941.48389555368
11,State,Connecticut,2005-03-31,282473.6947704014
55,State,Utah,2005-03-31,185719.9118514083
19,State,Iowa,2005-03-31,115837.63348270486
42,State,Nevada,2005-03-31,304726.0391815765
6,State,Arkansas,2005-03-31,114352.6195650146
34,State,Mississippi,2005-03-31,110104.06267784856
23,State,Kansas,2005-03-31,114858.00247805536
41,State,New Mexico,2005-03-31,154320.4862521407
38,State,Nebraska,2005-03-31,129677.2729189581
20,State,Idaho,2005-03-31,153994.13305972578
61,State,West Virginia,2005-03-31,97402.21898961595
18,State,Hawaii,2005-03-31,364345.9681983046
39,State,New Hampshire,2005-03-31,252418.76109490087
28,State,Maine,2005-03-31,198957.5580407605
50,State,Rhode Island,2005-03-31,286721.1864205021
35,State,Montana,2005-03-31,163554.96738393296
13,State,Delaware,2005-03-31,239181.18850107284
52,State,South Dakota,2005-03-31,132314.71600701628
37,State,North Dakota,2005-03-31,
3,State,Alaska,2005-03-31,209605.33614451904
12,State,District of Columbia,2005-03-31,334578.50924732187
58,State,Vermont,2005-03-31,188768.3978668297
62,State,Wyoming,2005-03-31,168942.47541678065
9,State,California,2005-04-30,427467.54571435414
54,State,Texas,2005-04-30,136743.97063049694
14,State,Florida,2005-04-30,198690.21350086937
43,State,New York,2005-04-30,251690.15941646535
47,State,Pennsylvania,2005-04-30,149590.9505027155
21,State,Illinois,2005-04-30,196253.99580473604
44,State,Ohio,2005-04-30,130903.42720931648
16,State,Georgia,2005-04-30,162175.84204619695
36,State,North Carolina,2005-04-30,153696.43120088146
30,State,Michigan,2005-04-30,151835.96275883517
40,State,New Jersey,2005-04-30,327319.37523320765
56,State,Virginia,2005-04-30,230581.8002484862
59,State,Washington,2005-04-30,250577.86321646083
8,State,Arizona,2005-04-30,210303.57920816191
26,State,Massachusetts,2005-04-30,373349.8808322349
53,State,Tennessee,2005-04-30,136157.3642839942
22,State,Indiana,2005-04-30,115463.78545883576
27,State,Maryland,2005-04-30,281462.77060766326
32,State,Missouri,2005-04-30,135743.95088872578
60,State,Wisconsin,2005-04-30,171785.93653423814
10,State,Colorado,2005-04-30,237050.37813331065
31,State,Minnesota,2005-04-30,209786.9963410792
51,State,South Carolina,2005-04-30,145337.7497470701
4,State,Alabama,2005-04-30,123245.29299155636
25,State,Louisiana,2005-04-30,141824.42521139537
24,State,Kentucky,2005-04-30,112001.25338988836
46,State,Oregon,2005-04-30,210329.08387002873
45,State,Oklahoma,2005-04-30,104266.81444612032
11,State,Connecticut,2005-04-30,285129.7973617421
55,State,Utah,2005-04-30,186355.08412235125
19,State,Iowa,2005-04-30,116271.9741605312
42,State,Nevada,2005-04-30,312432.50706594257
6,State,Arkansas,2005-04-30,115175.23580719972
34,State,Mississippi,2005-04-30,110661.97198266046
23,State,Kansas,2005-04-30,115199.39508163616
41,State,New Mexico,2005-04-30,155188.1117470687
38,State,Nebraska,2005-04-30,130160.09548817696
20,State,Idaho,2005-04-30,155282.3675635805
61,State,West Virginia,2005-04-30,97936.8190339368
18,State,Hawaii,2005-04-30,372119.8430297566
39,State,New Hampshire,2005-04-30,254686.4781333661
28,State,Maine,2005-04-30,200529.15386980388
50,State,Rhode Island,2005-04-30,289795.4339426835
35,State,Montana,2005-04-30,164083.6849956733
13,State,Delaware,2005-04-30,241492.2258712127
52,State,South Dakota,2005-04-30,133042.09736599083
37,State,North Dakota,2005-04-30,
3,State,Alaska,2005-04-30,210715.4658849456
12,State,District of Columbia,2005-04-30,341215.5362102968
58,State,Vermont,2005-04-30,190954.4637153443
62,State,Wyoming,2005-04-30,169466.1749215941
9,State,California,2005-05-31,434315.3941213325
54,State,Texas,2005-05-31,137123.71685984256
14,State,Florida,2005-05-31,203082.16899140892
43,State,New York,2005-05-31,253914.7173246093
47,State,Pennsylvania,2005-05-31,150925.4002179147
21,State,Illinois,2005-05-31,197605.06861919747
44,State,Ohio,2005-05-31,131214.3340432277
16,State,Georgia,2005-05-31,162772.10464542583
36,State,North Carolina,2005-05-31,154263.55464700738
30,State,Michigan,2005-05-31,152166.2279853645
40,State,New Jersey,2005-05-31,331383.45283310005
56,State,Virginia,2005-05-31,234958.37443838493
59,State,Washington,2005-05-31,254054.59688069817
8,State,Arizona,2005-05-31,216559.9911905752
26,State,Massachusetts,2005-05-31,376014.22163259354
53,State,Tennessee,2005-05-31,136942.6225182428
22,State,Indiana,2005-05-31,115988.13856356038
27,State,Maryland,2005-05-31,286370.58110278804
32,State,Missouri,2005-05-31,136320.52807393586
60,State,Wisconsin,2005-05-31,172953.91581191617
10,State,Colorado,2005-05-31,237766.6533371579
31,State,Minnesota,2005-05-31,211066.17164342903
51,State,South Carolina,2005-05-31,146249.82604328182
4,State,Alabama,2005-05-31,123610.24789953112
25,State,Louisiana,2005-05-31,142401.57689745422
24,State,Kentucky,2005-05-31,112483.6828885884
46,State,Oregon,2005-05-31,213467.61236054575
45,State,Oklahoma,2005-05-31,104607.528273576
11,State,Connecticut,2005-05-31,288121.0572974487
55,State,Utah,2005-05-31,186942.09966665617
19,State,Iowa,2005-05-31,116850.1369465455
42,State,Nevada,2005-05-31,318159.7228636591
6,State,Arkansas,2005-05-31,115959.72771613151
34,State,Mississippi,2005-05-31,111184.25187328632
23,State,Kansas,2005-05-31,115624.32261342205
41,State,New Mexico,2005-05-31,156155.7621473946
38,State,Nebraska,2005-05-31,130708.0227387894
20,State,Idaho,2005-05-31,156785.8790105588
61,State,West Virginia,2005-05-31,98546.41062334744
18,State,Hawaii,2005-05-31,380326.2509811104
39,State,New Hampshire,2005-05-31,256841.8667905835
28,State,Maine,2005-05-31,201829.51175496532
50,State,Rhode Island,2005-05-31,292625.89355103805
35,State,Montana,2005-05-31,164903.3970523817
13,State,Delaware,2005-05-31,244804.92722945617
52,State,South Dakota,2005-05-31,133691.89847515503
37,State,North Dakota,2005-05-31,
3,State,Alaska,2005-05-31,212307.12093171023
12,State,District of Columbia,2005-05-31,346774.74314998236
58,State,Vermont,2005-05-31,192968.4405133516
62,State,Wyoming,2005-05-31,170391.53912337913
9,State,California,2005-06-30,440647.7314371842
54,State,Texas,2005-06-30,137538.7232271183
14,State,Florida,2005-06-30,207843.2549146663
43,State,New York,2005-06-30,256213.32110525205
47,State,Pennsylvania,2005-06-30,152469.1740375505
21,State,Illinois,2005-06-30,198967.00717186727
44,State,Ohio,2005-06-30,131525.7097775774
16,State,Georgia,2005-06-30,163452.5792847591
36,State,North Carolina,2005-06-30,154959.4352304232
30,State,Michigan,2005-06-30,152428.57605511745
40,State,New Jersey,2005-06-30,335683.91841872054
56,State,Virginia,2005-06-30,239399.7349954077
59,State,Washington,2005-06-30,258094.0102406248
8,State,Arizona,2005-06-30,224434.64959149077
26,State,Massachusetts,2005-06-30,377842.4580625561
53,State,Tennessee,2005-06-30,137771.7062336868
22,State,Indiana,2005-06-30,116628.0186347651
27,State,Maryland,2005-06-30,292061.79991671955
32,State,Missouri,2005-06-30,136933.00641275305
60,State,Wisconsin,2005-06-30,174285.83269080103
10,State,Colorado,2005-06-30,238436.11124086683
31,State,Minnesota,2005-06-30,212357.7328993872
51,State,South Carolina,2005-06-30,147199.5542112496
4,State,Alabama,2005-06-30,124059.51893512468
25,State,Louisiana,2005-06-30,143204.20015752618
24,State,Kentucky,2005-06-30,112924.94802924656
46,State,Oregon,2005-06-30,216958.5685958968
45,State,Oklahoma,2005-06-30,104917.93882990423
11,State,Connecticut,2005-06-30,291115.48063987616
55,State,Utah,2005-06-30,187611.13415613424
19,State,Iowa,2005-06-30,117573.36713992276
42,State,Nevada,2005-06-30,322640.3755922595
6,State,Arkansas,2005-06-30,116739.7835784399
34,State,Mississippi,2005-06-30,111839.72831921928
23,State,Kansas,2005-06-30,115703.03519395132
41,State,New Mexico,2005-06-30,157221.59381131773
38,State,Nebraska,2005-06-30,131111.0410109853
20,State,Idaho,2005-06-30,158687.51507545463
61,State,West Virginia,2005-06-30,99326.26780715695
18,State,Hawaii,2005-06-30,389242.5683138095
39,State,New Hampshire,2005-06-30,258677.43061011215
28,State,Maine,2005-06-30,202910.90013502943
50,State,Rhode Island,2005-06-30,295145.26011433365
35,State,Montana,2005-06-30,166033.80114279283
13,State,Delaware,2005-06-30,247567.79906656657
52,State,South Dakota,2005-06-30,134447.99735789266
37,State,North Dakota,2005-06-30,
3,State,Alaska,2005-06-30,213729.0442845928
12,State,District of Columbia,2005-06-30,351876.79298706556
58,State,Vermont,2005-06-30,194768.6248064946
62,State,Wyoming,2005-06-30,171490.21477586927
9,State,California,2005-07-31,446706.2608194363
54,State,Texas,2005-07-31,137905.97859769894
14,State,Florida,2005-07-31,212924.06871081408
43,State,New York,2005-07-31,258632.104604698
47,State,Pennsylvania,2005-07-31,154121.0262169144
21,State,Illinois,2005-07-31,200272.40881369336
44,State,Ohio,2005-07-31,131818.32027424997
16,State,Georgia,2005-07-31,164091.40808451734
36,State,North Carolina,2005-07-31,155729.252074649
30,State,Michigan,2005-07-31,152617.32736577804
40,State,New Jersey,2005-07-31,339826.8058340704
56,State,Virginia,2005-07-31,243746.54036023343
59,State,Washington,2005-07-31,262541.616709966
8,State,Arizona,2005-07-31,233322.58191883995
26,State,Massachusetts,2005-07-31,378939.67063225294
53,State,Tennessee,2005-07-31,138683.95370897328
22,State,Indiana,2005-07-31,117321.72864285676
27,State,Maryland,2005-07-31,298198.2089924353
32,State,Missouri,2005-07-31,137560.69069234654
60,State,Wisconsin,2005-07-31,175654.12346310823
10,State,Colorado,2005-07-31,239050.78785109145
31,State,Minnesota,2005-07-31,213384.37036669688
51,State,South Carolina,2005-07-31,148321.6357578246
4,State,Alabama,2005-07-31,124577.14185130548
25,State,Louisiana,2005-07-31,144119.28714677275
24,State,Kentucky,2005-07-31,113351.828945592
46,State,Oregon,2005-07-31,220641.380867212
45,State,Oklahoma,2005-07-31,105229.2058298057
11,State,Connecticut,2005-07-31,294029.3111415247
55,State,Utah,2005-07-31,188392.24871391617
19,State,Iowa,2005-07-31,118372.87225752987
42,State,Nevada,2005-07-31,325489.8523469716
6,State,Arkansas,2005-07-31,117543.84515675482
34,State,Mississippi,2005-07-31,112439.02236639922
23,State,Kansas,2005-07-31,115761.01351852878
41,State,New Mexico,2005-07-31,158615.1691408383
38,State,Nebraska,2005-07-31,131556.13454740195
20,State,Idaho,2005-07-31,161013.44097495716
61,State,West Virginia,2005-07-31,100181.3109622382
18,State,Hawaii,2005-07-31,398469.7623206593
39,State,New Hampshire,2005-07-31,260133.90380747445
28,State,Maine,2005-07-31,204043.6631738512
50,State,Rhode Island,2005-07-31,297082.5945044291
35,State,Montana,2005-07-31,167028.58198829487
13,State,Delaware,2005-07-31,250002.1050535687
52,State,South Dakota,2005-07-31,135166.98092511183
37,State,North Dakota,2005-07-31,
3,State,Alaska,2005-07-31,215321.3295150388
12,State,District of Columbia,2005-07-31,357417.62538991636
58,State,Vermont,2005-07-31,196350.22668547128
62,State,Wyoming,2005-07-31,172944.9177604382
9,State,California,2005-08-31,452851.8602199896
54,State,Texas,2005-08-31,138249.72157396842
14,State,Florida,2005-08-31,218175.3459034184
43,State,New York,2005-08-31,261160.70461976048
47,State,Pennsylvania,2005-08-31,155851.86525987522
21,State,Illinois,2005-08-31,201711.5915458674
44,State,Ohio,2005-08-31,132136.4247746034
16,State,Georgia,2005-08-31,164710.0526051773
36,State,North Carolina,2005-08-31,156570.2977527814
30,State,Michigan,2005-08-31,152823.62427789264
40,State,New Jersey,2005-08-31,343891.1776670415
56,State,Virginia,2005-08-31,247668.6958272044
59,State,Washington,2005-08-31,267513.4423380196
8,State,Arizona,2005-08-31,242093.1057249026
26,State,Massachusetts,2005-08-31,379553.21155330254
53,State,Tennessee,2005-08-31,139620.24407916976
22,State,Indiana,2005-08-31,117867.60331683698
27,State,Maryland,2005-08-31,304481.7021487567
32,State,Missouri,2005-08-31,138175.2282988778
60,State,Wisconsin,2005-08-31,176975.39416318844
10,State,Colorado,2005-08-31,239642.86062082657
31,State,Minnesota,2005-08-31,214132.59214310793
51,State,South Carolina,2005-08-31,149505.154473687
4,State,Alabama,2005-08-31,125123.2425625266
25,State,Louisiana,2005-08-31,145279.92175283562
24,State,Kentucky,2005-08-31,113763.62240818118
46,State,Oregon,2005-08-31,224652.52207346613
45,State,Oklahoma,2005-08-31,105547.40605075116
11,State,Connecticut,2005-08-31,297065.35050053144
55,State,Utah,2005-08-31,189337.6966494051
19,State,Iowa,2005-08-31,119111.41493443772
42,State,Nevada,2005-08-31,328950.279238759
6,State,Arkansas,2005-08-31,118284.45307203292
34,State,Mississippi,2005-08-31,113230.05033508468
23,State,Kansas,2005-08-31,115792.34633294768
41,State,New Mexico,2005-08-31,160283.40157315368
38,State,Nebraska,2005-08-31,131913.99966325963
20,State,Idaho,2005-08-31,163858.09286467984
61,State,West Virginia,2005-08-31,100699.98736738328
18,State,Hawaii,2005-08-31,407649.1028665248
39,State,New Hampshire,2005-08-31,261577.93319013357
28,State,Maine,2005-08-31,205121.29148027024
50,State,Rhode Island,2005-08-31,299296.07282200974
35,State,Montana,2005-08-31,168384.2838978026
13,State,Delaware,2005-08-31,252162.99241619153
52,State,South Dakota,2005-08-31,135986.07943621083
37,State,North Dakota,2005-08-31,
3,State,Alaska,2005-08-31,216910.85475154535
12,State,District of Columbia,2005-08-31,363724.81590391
58,State,Vermont,2005-08-31,198147.6662656271
62,State,Wyoming,2005-08-31,174162.32071099614
9,State,California,2005-09-30,459025.6689028028
54,State,Texas,2005-09-30,138593.85938630227
14,State,Florida,2005-09-30,223322.24481622732
43,State,New York,2005-09-30,263815.53600920754
47,State,Pennsylvania,2005-09-30,157478.3093393665
21,State,Illinois,2005-09-30,203362.0987556399
44,State,Ohio,2005-09-30,132441.9412000963
16,State,Georgia,2005-09-30,165328.00134509103
36,State,North Carolina,2005-09-30,157392.86933017868
30,State,Michigan,2005-09-30,153077.45230232622
40,State,New Jersey,2005-09-30,347750.6349357007
56,State,Virginia,2005-09-30,251543.03283894583
59,State,Washington,2005-09-30,272260.9307226774
8,State,Arizona,2005-09-30,250966.3028266429
26,State,Massachusetts,2005-09-30,380579.2829022754
53,State,Tennessee,2005-09-30,140542.22527722834
22,State,Indiana,2005-09-30,118236.674823838
27,State,Maryland,2005-09-30,309917.8851614991
32,State,Missouri,2005-09-30,138795.20190449673
60,State,Wisconsin,2005-09-30,178134.77089609206
10,State,Colorado,2005-09-30,240198.82435368584
31,State,Minnesota,2005-09-30,214925.76069164524
51,State,South Carolina,2005-09-30,150660.8821997818
4,State,Alabama,2005-09-30,125687.06735956622
25,State,Louisiana,2005-09-30,146453.40821937748
24,State,Kentucky,2005-09-30,114155.06026177092
46,State,Oregon,2005-09-30,228830.1616094469
45,State,Oklahoma,2005-09-30,105908.67983412258
11,State,Connecticut,2005-09-30,300082.33860229293
55,State,Utah,2005-09-30,190399.33408831045
19,State,Iowa,2005-09-30,119721.11508487958
42,State,Nevada,2005-09-30,331981.7601218705
6,State,Arkansas,2005-09-30,119038.31513817984
34,State,Mississippi,2005-09-30,114054.38624823945
23,State,Kansas,2005-09-30,116171.31145171006
41,State,New Mexico,2005-09-30,162225.14642431194
38,State,Nebraska,2005-09-30,132291.36896493298
20,State,Idaho,2005-09-30,166780.09696558907
61,State,West Virginia,2005-09-30,101108.46715264591
18,State,Hawaii,2005-09-30,416309.68176909705
39,State,New Hampshire,2005-09-30,263083.35799448396
28,State,Maine,2005-09-30,206294.12519183973
50,State,Rhode Island,2005-09-30,301781.589257647
35,State,Montana,2005-09-30,169980.60818143628
13,State,Delaware,2005-09-30,254932.6291543766
52,State,South Dakota,2005-09-30,136909.6658629323
37,State,North Dakota,2005-09-30,
3,State,Alaska,2005-09-30,218923.18520872408
12,State,District of Columbia,2005-09-30,369741.4357738237
58,State,Vermont,2005-09-30,200263.5306297091
62,State,Wyoming,2005-09-30,175385.20048735503
9,State,California,2005-10-31,465085.6225899193
54,State,Texas,2005-10-31,138872.78339093897
14,State,Florida,2005-10-31,228062.44992413904
43,State,New York,2005-10-31,266517.1343157487
47,State,Pennsylvania,2005-10-31,158961.40045794865
21,State,Illinois,2005-10-31,205158.5419581648
44,State,Ohio,2005-10-31,132752.76099101407
16,State,Georgia,2005-10-31,165946.26915370414
36,State,North Carolina,2005-10-31,158255.25207402173
30,State,Michigan,2005-10-31,153355.9925505497
40,State,New Jersey,2005-10-31,351581.4635098357
56,State,Virginia,2005-10-31,254998.63286907057
59,State,Washington,2005-10-31,276555.97552538343
8,State,Arizona,2005-10-31,258703.4610841069
26,State,Massachusetts,2005-10-31,381820.4052810597
53,State,Tennessee,2005-10-31,141395.38986486942
22,State,Indiana,2005-10-31,118546.33669331369
27,State,Maryland,2005-10-31,314744.92598966876
32,State,Missouri,2005-10-31,139450.19393096026
60,State,Wisconsin,2005-10-31,179095.69004820302
10,State,Colorado,2005-10-31,240826.26665132504
31,State,Minnesota,2005-10-31,215693.15122304155
51,State,South Carolina,2005-10-31,151746.86968419535
4,State,Alabama,2005-10-31,126350.1995678534
25,State,Louisiana,2005-10-31,147770.0089983951
24,State,Kentucky,2005-10-31,114472.00834725304
46,State,Oregon,2005-10-31,232803.0839608054
45,State,Oklahoma,2005-10-31,106239.38416447146
11,State,Connecticut,2005-10-31,303166.24336695625
55,State,Utah,2005-10-31,191525.7743980348
19,State,Iowa,2005-10-31,120162.4106766458
42,State,Nevada,2005-10-31,334274.1569639631
6,State,Arkansas,2005-10-31,119789.34488265828
34,State,Mississippi,2005-10-31,115121.84855001682
23,State,Kansas,2005-10-31,116412.6773730055
41,State,New Mexico,2005-10-31,164147.19535310322
38,State,Nebraska,2005-10-31,132626.748662703
20,State,Idaho,2005-10-31,
61,State,West Virginia,2005-10-31,101420.77166210912
18,State,Hawaii,2005-10-31,423585.8944463746
39,State,New Hampshire,2005-10-31,264577.79783118836
28,State,Maine,2005-10-31,207358.282499958
50,State,Rhode Island,2005-10-31,304230.53020434035
35,State,Montana,2005-10-31,171751.03638971085
13,State,Delaware,2005-10-31,258166.94471528984
52,State,South Dakota,2005-10-31,137809.61024337713
37,State,North Dakota,2005-10-31,
3,State,Alaska,2005-10-31,221056.40596771345
12,State,District of Columbia,2005-10-31,374423.8691295493
58,State,Vermont,2005-10-31,202413.47912081215
62,State,Wyoming,2005-10-31,176652.25630762102
9,State,California,2005-11-30,470001.5989999184
54,State,Texas,2005-11-30,139198.75707757313
14,State,Florida,2005-11-30,232445.0531671744
43,State,New York,2005-11-30,268959.28970414744
47,State,Pennsylvania,2005-11-30,160322.1333702978
21,State,Illinois,2005-11-30,206588.6131450188
44,State,Ohio,2005-11-30,133059.05636022115
16,State,Georgia,2005-11-30,166547.97856672457
36,State,North Carolina,2005-11-30,159070.3917858821
30,State,Michigan,2005-11-30,153587.15742278716
40,State,New Jersey,2005-11-30,355266.53064622526
56,State,Virginia,2005-11-30,258184.04008535008
59,State,Washington,2005-11-30,280529.1878473845
8,State,Arizona,2005-11-30,265819.79334964295
26,State,Massachusetts,2005-11-30,382913.0486249747
53,State,Tennessee,2005-11-30,142190.75667128866
22,State,Indiana,2005-11-30,118803.78097278946
27,State,Maryland,2005-11-30,318529.97564022645
32,State,Missouri,2005-11-30,140071.30988935815
60,State,Wisconsin,2005-11-30,179879.19485685276
10,State,Colorado,2005-11-30,241398.3316183349
31,State,Minnesota,2005-11-30,216567.61978777417
51,State,South Carolina,2005-11-30,152785.01369886092
4,State,Alabama,2005-11-30,127170.67922965751
25,State,Louisiana,2005-11-30,149074.79989233686
24,State,Kentucky,2005-11-30,114799.0875422175
46,State,Oregon,2005-11-30,236462.66803578156
45,State,Oklahoma,2005-11-30,106597.70458638766
11,State,Connecticut,2005-11-30,306028.80822185706
55,State,Utah,2005-11-30,192823.5747196804
19,State,Iowa,2005-11-30,120560.7079531841
42,State,Nevada,2005-11-30,335601.7907530786
6,State,Arkansas,2005-11-30,120637.40412710865
34,State,Mississippi,2005-11-30,116035.18321130169
23,State,Kansas,2005-11-30,116451.48302875731
41,State,New Mexico,2005-11-30,166061.30184898523
38,State,Nebraska,2005-11-30,132981.39677234142
20,State,Idaho,2005-11-30,176951.178873328
61,State,West Virginia,2005-11-30,101921.05122503672
18,State,Hawaii,2005-11-30,430187.54480994
39,State,New Hampshire,2005-11-30,265946.50601161434
28,State,Maine,2005-11-30,208282.5694708221
50,State,Rhode Island,2005-11-30,306106.1292026756
35,State,Montana,2005-11-30,173047.12495145833
13,State,Delaware,2005-11-30,260842.3429208477
52,State,South Dakota,2005-11-30,138426.25168433992
37,State,North Dakota,2005-11-30,
3,State,Alaska,2005-11-30,223123.40930274743
12,State,District of Columbia,2005-11-30,378561.6295325465
58,State,Vermont,2005-11-30,204306.1862026509
62,State,Wyoming,2005-11-30,177897.1347022561
9,State,California,2005-12-31,474353.1455840768
54,State,Texas,2005-12-31,139464.21704886784
14,State,Florida,2005-12-31,236551.55136603283
43,State,New York,2005-12-31,271392.81846223265
47,State,Pennsylvania,2005-12-31,161599.31287669376
21,State,Illinois,2005-12-31,207807.53388153893
44,State,Ohio,2005-12-31,133337.36074265387
16,State,Georgia,2005-12-31,167113.18480932416
36,State,North Carolina,2005-12-31,159864.66784124126
30,State,Michigan,2005-12-31,153811.33786115097
40,State,New Jersey,2005-12-31,358719.2387975664
56,State,Virginia,2005-12-31,260815.2866254122
59,State,Washington,2005-12-31,284227.40108529764
8,State,Arizona,2005-12-31,270685.75286670617
26,State,Massachusetts,2005-12-31,383164.6132437734
53,State,Tennessee,2005-12-31,142964.28786254613
22,State,Indiana,2005-12-31,119016.4676892832
27,State,Maryland,2005-12-31,322425.2545356426
32,State,Missouri,2005-12-31,140661.29715230057
60,State,Wisconsin,2005-12-31,180511.28584726257
10,State,Colorado,2005-12-31,241978.33047346235
31,State,Minnesota,2005-12-31,217281.73997725724
51,State,South Carolina,2005-12-31,153846.96410744273
4,State,Alabama,2005-12-31,128080.15999407443
25,State,Louisiana,2005-12-31,150494.4278281126
24,State,Kentucky,2005-12-31,115130.4634513919
46,State,Oregon,2005-12-31,240167.57453366183
45,State,Oklahoma,2005-12-31,106954.15614386268
11,State,Connecticut,2005-12-31,308422.4816349637
55,State,Utah,2005-12-31,194194.95575066545
19,State,Iowa,2005-12-31,120940.90513349272
42,State,Nevada,2005-12-31,336324.72642615205
6,State,Arkansas,2005-12-31,121433.11545292647
34,State,Mississippi,2005-12-31,116665.81133762236
23,State,Kansas,2005-12-31,116611.8274886029
41,State,New Mexico,2005-12-31,167937.29810084403
38,State,Nebraska,2005-12-31,133266.89676984903
20,State,Idaho,2005-12-31,181341.26625984535
61,State,West Virginia,2005-12-31,102459.55365004452
18,State,Hawaii,2005-12-31,436751.0751618615
39,State,New Hampshire,2005-12-31,267231.9481350622
28,State,Maine,2005-12-31,209134.53924856265
50,State,Rhode Island,2005-12-31,307479.27832785767
35,State,Montana,2005-12-31,174198.46755088554
13,State,Delaware,2005-12-31,263092.46356510784
52,State,South Dakota,2005-12-31,138795.86803457505
37,State,North Dakota,2005-12-31,
3,State,Alaska,2005-12-31,225324.516498686
12,State,District of Columbia,2005-12-31,382436.4312781048
58,State,Vermont,2005-12-31,205994.67082139137
62,State,Wyoming,2005-12-31,179121.7046292631
9,State,California,2006-01-31,477978.72436479066
54,State,Texas,2006-01-31,139682.06011495835
14,State,Florida,2006-01-31,240347.2873334808
43,State,New York,2006-01-31,273519.9716369017
47,State,Pennsylvania,2006-01-31,162732.8368580152
21,State,Illinois,2006-01-31,208873.8948628751
44,State,Ohio,2006-01-31,133564.18513306705
16,State,Georgia,2006-01-31,167664.14080393384
36,State,North Carolina,2006-01-31,160600.31161337695
30,State,Michigan,2006-01-31,154043.8182559094
40,State,New Jersey,2006-01-31,361661.5944746626
56,State,Virginia,2006-01-31,263131.2432775409
59,State,Washington,2006-01-31,287518.3267932229
8,State,Arizona,2006-01-31,273237.47474194795
26,State,Massachusetts,2006-01-31,383018.64719474834
53,State,Tennessee,2006-01-31,143626.74764929237
22,State,Indiana,2006-01-31,119022.16449225885
27,State,Maryland,2006-01-31,325555.0983923965
32,State,Missouri,2006-01-31,141147.53704821857
60,State,Wisconsin,2006-01-31,180993.23727815165
10,State,Colorado,2006-01-31,242556.13785306187
31,State,Minnesota,2006-01-31,217888.14974926403
51,State,South Carolina,2006-01-31,154841.31724130988
4,State,Alabama,2006-01-31,129005.44511369686
25,State,Louisiana,2006-01-31,152019.42363277916
24,State,Kentucky,2006-01-31,115473.10533878957
46,State,Oregon,2006-01-31,243688.40501767537
45,State,Oklahoma,2006-01-31,107332.2722421547
11,State,Connecticut,2006-01-31,310196.6478242826
55,State,Utah,2006-01-31,195481.55116239775
19,State,Iowa,2006-01-31,121247.68527583987
42,State,Nevada,2006-01-31,337007.7086207757
6,State,Arkansas,2006-01-31,122119.07963339488
34,State,Mississippi,2006-01-31,117121.63917076965
23,State,Kansas,2006-01-31,116909.89421675626
41,State,New Mexico,2006-01-31,169736.61855460785
38,State,Nebraska,2006-01-31,133594.59779419584
20,State,Idaho,2006-01-31,183594.98710962324
61,State,West Virginia,2006-01-31,103049.55743089192
18,State,Hawaii,2006-01-31,443871.7894934954
39,State,New Hampshire,2006-01-31,268339.32356618386
28,State,Maine,2006-01-31,210027.29628745792
50,State,Rhode Island,2006-01-31,308072.8494773828
35,State,Montana,2006-01-31,174955.45275499855
13,State,Delaware,2006-01-31,265163.3140873318
52,State,South Dakota,2006-01-31,139223.1901036091
37,State,North Dakota,2006-01-31,
3,State,Alaska,2006-01-31,227241.0363860133
12,State,District of Columbia,2006-01-31,386351.3583503361
58,State,Vermont,2006-01-31,207427.23259067512
62,State,Wyoming,2006-01-31,180255.6454375224
9,State,California,2006-02-28,481203.3351011601
54,State,Texas,2006-02-28,139901.77762144836
14,State,Florida,2006-02-28,243868.89192301725
43,State,New York,2006-02-28,275465.7655546535
47,State,Pennsylvania,2006-02-28,163720.94855401458
21,State,Illinois,2006-02-28,210041.04467326295
44,State,Ohio,2006-02-28,133746.28426473847
16,State,Georgia,2006-02-28,168219.77237841216
36,State,North Carolina,2006-02-28,161326.72681799004
30,State,Michigan,2006-02-28,154259.63994883106
40,State,New Jersey,2006-02-28,364445.0936227816
56,State,Virginia,2006-02-28,265384.8210157628
59,State,Washington,2006-02-28,290912.7655407172
8,State,Arizona,2006-02-28,276501.82616514264
26,State,Massachusetts,2006-02-28,382384.9473160924
53,State,Tennessee,2006-02-28,144331.65269862497
22,State,Indiana,2006-02-28,118996.02287295186
27,State,Maryland,2006-02-28,328704.8979370623
32,State,Missouri,2006-02-28,141576.87899989774
60,State,Wisconsin,2006-02-28,181470.45573630635
10,State,Colorado,2006-02-28,242961.88044431017
31,State,Minnesota,2006-02-28,218386.6876708516
51,State,South Carolina,2006-02-28,156029.8794403034
4,State,Alabama,2006-02-28,129925.20828013968
25,State,Louisiana,2006-02-28,153577.0501059801
24,State,Kentucky,2006-02-28,115783.74094837374
46,State,Oregon,2006-02-28,246889.407735954
45,State,Oklahoma,2006-02-28,107778.03290223652
11,State,Connecticut,2006-02-28,311083.49805560225
55,State,Utah,2006-02-28,196854.19506360975
19,State,Iowa,2006-02-28,121489.94199580923
42,State,Nevada,2006-02-28,337290.3984370044
6,State,Arkansas,2006-02-28,122742.965072172
34,State,Mississippi,2006-02-28,117700.0478689968
23,State,Kansas,2006-02-28,117367.74213595364
41,State,New Mexico,2006-02-28,171526.3825683311
38,State,Nebraska,2006-02-28,133942.50413165448
20,State,Idaho,2006-02-28,185362.6654209668
61,State,West Virginia,2006-02-28,103337.85905167578
18,State,Hawaii,2006-02-28,451281.4829903837
39,State,New Hampshire,2006-02-28,268675.4569718492
28,State,Maine,2006-02-28,210580.66407939873
50,State,Rhode Island,2006-02-28,308851.9372520786
35,State,Montana,2006-02-28,176009.84902628712
13,State,Delaware,2006-02-28,267543.98149302305
52,State,South Dakota,2006-02-28,139752.22649517667
37,State,North Dakota,2006-02-28,
3,State,Alaska,2006-02-28,228387.76912064725
12,State,District of Columbia,2006-02-28,389693.0481206323
58,State,Vermont,2006-02-28,208849.0819741454
62,State,Wyoming,2006-02-28,181466.64655345675
9,State,California,2006-03-31,484274.8079359323
54,State,Texas,2006-03-31,140168.82491214745
14,State,Florida,2006-03-31,247528.63520073736
43,State,New York,2006-03-31,277072.2879175835
47,State,Pennsylvania,2006-03-31,164648.2525335838
21,State,Illinois,2006-03-31,211234.3668603975
44,State,Ohio,2006-03-31,133912.3054953455
16,State,Georgia,2006-03-31,168748.38753426814
36,State,North Carolina,2006-03-31,162106.8956064839
30,State,Michigan,2006-03-31,154381.25766074704
40,State,New Jersey,2006-03-31,367201.5397978346
56,State,Virginia,2006-03-31,267651.8772506691
59,State,Washington,2006-03-31,294407.7540111263
8,State,Arizona,2006-03-31,280572.83119809837
26,State,Massachusetts,2006-03-31,381966.1228189693
53,State,Tennessee,2006-03-31,145057.2637909494
22,State,Indiana,2006-03-31,118859.84962979711
27,State,Maryland,2006-03-31,331955.1264305786
32,State,Missouri,2006-03-31,141947.8645868452
60,State,Wisconsin,2006-03-31,181881.00736288517
10,State,Colorado,2006-03-31,243295.57249290473
31,State,Minnesota,2006-03-31,218785.73119442645
51,State,South Carolina,2006-03-31,157147.75277955263
4,State,Alabama,2006-03-31,130940.33921241784
25,State,Louisiana,2006-03-31,155167.17273420875
24,State,Kentucky,2006-03-31,116088.4888735602
46,State,Oregon,2006-03-31,249997.7433466426
45,State,Oklahoma,2006-03-31,108300.38262602956
11,State,Connecticut,2006-03-31,312439.04163612373
55,State,Utah,2006-03-31,198386.86978190977
19,State,Iowa,2006-03-31,121699.28349774338
42,State,Nevada,2006-03-31,339015.8360430282
6,State,Arkansas,2006-03-31,123357.6257718744
34,State,Mississippi,2006-03-31,118558.97258287593
23,State,Kansas,2006-03-31,117718.67089764724
41,State,New Mexico,2006-03-31,173276.69414822033
38,State,Nebraska,2006-03-31,134416.80118757873
20,State,Idaho,2006-03-31,187362.91022717033
61,State,West Virginia,2006-03-31,103440.5114338571
18,State,Hawaii,2006-03-31,457295.10232837155
39,State,New Hampshire,2006-03-31,268687.2178975453
28,State,Maine,2006-03-31,210923.3341842071
50,State,Rhode Island,2006-03-31,310013.23021401645
35,State,Montana,2006-03-31,177161.87189792792
13,State,Delaware,2006-03-31,270113.8437351584
52,State,South Dakota,2006-03-31,140215.7096692086
37,State,North Dakota,2006-03-31,
3,State,Alaska,2006-03-31,228930.97665589172
12,State,District of Columbia,2006-03-31,393083.1248424917
58,State,Vermont,2006-03-31,210479.67341387723
62,State,Wyoming,2006-03-31,182673.46257908095
9,State,California,2006-04-30,487032.5129113142
54,State,Texas,2006-04-30,140596.99433497814
14,State,Florida,2006-04-30,251603.15711056264
43,State,New York,2006-04-30,278467.66668367333
47,State,Pennsylvania,2006-04-30,165629.59331217606
21,State,Illinois,2006-04-30,212304.20263892133
44,State,Ohio,2006-04-30,134088.31085974924
16,State,Georgia,2006-04-30,169285.1989900012
36,State,North Carolina,2006-04-30,162939.988632997
30,State,Michigan,2006-04-30,154363.70008469807
40,State,New Jersey,2006-04-30,370198.37552556297
56,State,Virginia,2006-04-30,269713.7810924639
59,State,Washington,2006-04-30,298464.1271616313
8,State,Arizona,2006-04-30,285326.65455687133
26,State,Massachusetts,2006-04-30,381647.1245123027
53,State,Tennessee,2006-04-30,145894.56537934227
22,State,Indiana,2006-04-30,118844.35690656806
27,State,Maryland,2006-04-30,335690.4033448855
32,State,Missouri,2006-04-30,142314.8123935058
60,State,Wisconsin,2006-04-30,182299.8450753584
10,State,Colorado,2006-04-30,243576.5102269816
31,State,Minnesota,2006-04-30,219163.37118355453
51,State,South Carolina,2006-04-30,158334.69469996655
4,State,Alabama,2006-04-30,132017.20933201778
25,State,Louisiana,2006-04-30,156597.03576174768
24,State,Kentucky,2006-04-30,116393.19717968193
46,State,Oregon,2006-04-30,253420.1783054828
45,State,Oklahoma,2006-04-30,108825.13226698
11,State,Connecticut,2006-04-30,314011.1731641752
55,State,Utah,2006-04-30,200309.56034090705
19,State,Iowa,2006-04-30,121918.94588060548
42,State,Nevada,2006-04-30,341395.0133191712
6,State,Arkansas,2006-04-30,123994.04653180004
34,State,Mississippi,2006-04-30,119618.7437754943
23,State,Kansas,2006-04-30,118091.6611778652
41,State,New Mexico,2006-04-30,175376.16700554066
38,State,Nebraska,2006-04-30,134862.02117009423
20,State,Idaho,2006-04-30,190127.40462593664
61,State,West Virginia,2006-04-30,103350.79530761253
18,State,Hawaii,2006-04-30,463004.9402209017
39,State,New Hampshire,2006-04-30,268955.30060277676
28,State,Maine,2006-04-30,210832.79387640976
50,State,Rhode Island,2006-04-30,311880.940708891
35,State,Montana,2006-04-30,178669.67767627677
13,State,Delaware,2006-04-30,272603.714605236
52,State,South Dakota,2006-04-30,140462.15233722204
37,State,North Dakota,2006-04-30,
3,State,Alaska,2006-04-30,229482.95861045676
12,State,District of Columbia,2006-04-30,396105.68055619206
58,State,Vermont,2006-04-30,211958.3591675432
62,State,Wyoming,2006-04-30,184011.69652518452
9,State,California,2006-05-31,489772.8253790077
54,State,Texas,2006-05-31,141182.69797303315
14,State,Florida,2006-05-31,255510.65340375333
43,State,New York,2006-05-31,279785.7279491283
47,State,Pennsylvania,2006-05-31,166727.74295149845
21,State,Illinois,2006-05-31,213387.37442225692
44,State,Ohio,2006-05-31,134268.08191734742
16,State,Georgia,2006-05-31,169796.80088709525
36,State,North Carolina,2006-05-31,163845.12678228892
30,State,Michigan,2006-05-31,154225.0899918625
40,State,New Jersey,2006-05-31,373038.6997201605
56,State,Virginia,2006-05-31,271221.17702948366
59,State,Washington,2006-05-31,302558.2662142965
8,State,Arizona,2006-05-31,288472.8019800343
26,State,Massachusetts,2006-05-31,381402.6804262958
53,State,Tennessee,2006-05-31,146730.08174720386
22,State,Indiana,2006-05-31,118969.18743131496
27,State,Maryland,2006-05-31,339481.3803092305
32,State,Missouri,2006-05-31,142668.3050009217
60,State,Wisconsin,2006-05-31,182646.6627629941
10,State,Colorado,2006-05-31,244115.0164733153
31,State,Minnesota,2006-05-31,219425.8524154952
51,State,South Carolina,2006-05-31,159480.75151961963
4,State,Alabama,2006-05-31,133082.32958583595
25,State,Louisiana,2006-05-31,157702.850570928
24,State,Kentucky,2006-05-31,116671.53647214652
46,State,Oregon,2006-05-31,257257.37529682243
45,State,Oklahoma,2006-05-31,109281.7295785182
11,State,Connecticut,2006-05-31,316024.0450216008
55,State,Utah,2006-05-31,202389.81667099625
19,State,Iowa,2006-05-31,122154.05566774432
42,State,Nevada,2006-05-31,344087.48139849363
6,State,Arkansas,2006-05-31,124599.86500794132
34,State,Mississippi,2006-05-31,120455.2310843423
23,State,Kansas,2006-05-31,118425.73787725884
41,State,New Mexico,2006-05-31,177492.79372026995
38,State,Nebraska,2006-05-31,135304.58119688943
20,State,Idaho,2006-05-31,193057.79957290497
61,State,West Virginia,2006-05-31,103602.54496974718
18,State,Hawaii,2006-05-31,466602.27696060383
39,State,New Hampshire,2006-05-31,269479.5522327514
28,State,Maine,2006-05-31,210844.4064453868
50,State,Rhode Island,2006-05-31,313020.1386436406
35,State,Montana,2006-05-31,180120.31207613586
13,State,Delaware,2006-05-31,274862.11745075486
52,State,South Dakota,2006-05-31,140792.9812621485
37,State,North Dakota,2006-05-31,
3,State,Alaska,2006-05-31,230735.67611283576
12,State,District of Columbia,2006-05-31,398591.04623401986
58,State,Vermont,2006-05-31,213460.8891195717
62,State,Wyoming,2006-05-31,185745.9715198808
9,State,California,2006-06-30,491668.175494399
54,State,Texas,2006-06-30,141831.9388311992
14,State,Florida,2006-06-30,258782.12415060293
43,State,New York,2006-06-30,281147.0266217575
47,State,Pennsylvania,2006-06-30,167930.2328870405
21,State,Illinois,2006-06-30,214171.1423231828
44,State,Ohio,2006-06-30,134429.3332739518
16,State,Georgia,2006-06-30,170352.37398828843
36,State,North Carolina,2006-06-30,164748.18567461122
30,State,Michigan,2006-06-30,153994.94897611477
40,State,New Jersey,2006-06-30,375502.1972532582
56,State,Virginia,2006-06-30,272268.97338615084
59,State,Washington,2006-06-30,306421.9848709278
8,State,Arizona,2006-06-30,290211.2265887404
26,State,Massachusetts,2006-06-30,380814.61741607887
53,State,Tennessee,2006-06-30,147588.75764716743
22,State,Indiana,2006-06-30,119370.96301556152
27,State,Maryland,2006-06-30,342752.73960673745
32,State,Missouri,2006-06-30,143031.31320720786
60,State,Wisconsin,2006-06-30,182925.2924269277
10,State,Colorado,2006-06-30,244608.6244720948
31,State,Minnesota,2006-06-30,219702.8615125677
51,State,South Carolina,2006-06-30,160749.23492024717
4,State,Alabama,2006-06-30,134102.4335991555
25,State,Louisiana,2006-06-30,158646.92375425433
24,State,Kentucky,2006-06-30,116918.89722840488
46,State,Oregon,2006-06-30,261441.9677473009
45,State,Oklahoma,2006-06-30,109696.24746580892
11,State,Connecticut,2006-06-30,317219.3626343541
55,State,Utah,2006-06-30,205019.56698591812
19,State,Iowa,2006-06-30,122404.63563938445
42,State,Nevada,2006-06-30,345305.13913906104
6,State,Arkansas,2006-06-30,125186.61594768624
34,State,Mississippi,2006-06-30,121278.03286830976
23,State,Kansas,2006-06-30,118747.10798177207
41,State,New Mexico,2006-06-30,179718.84084506365
38,State,Nebraska,2006-06-30,135612.99700759168
20,State,Idaho,2006-06-30,196685.5556269492
61,State,West Virginia,2006-06-30,103984.8721276524
18,State,Hawaii,2006-06-30,469650.5203623357
39,State,New Hampshire,2006-06-30,269887.158359949
28,State,Maine,2006-06-30,210690.5305329488
50,State,Rhode Island,2006-06-30,313432.1929429604
35,State,Montana,2006-06-30,181593.83187170888
13,State,Delaware,2006-06-30,276680.5010916631
52,State,South Dakota,2006-06-30,141249.25150598935
37,State,North Dakota,2006-06-30,
3,State,Alaska,2006-06-30,232199.85681000337
12,State,District of Columbia,2006-06-30,399810.3259811031
58,State,Vermont,2006-06-30,214743.1719529267
62,State,Wyoming,2006-06-30,187687.2667712747
9,State,California,2006-07-31,492371.9716139424
54,State,Texas,2006-07-31,142479.37159502736
14,State,Florida,2006-07-31,261027.05148877428
43,State,New York,2006-07-31,282421.2073239727
47,State,Pennsylvania,2006-07-31,169043.40242294178
21,State,Illinois,2006-07-31,214768.04636694267
44,State,Ohio,2006-07-31,134573.46741529772
16,State,Georgia,2006-07-31,170937.61078740112
36,State,North Carolina,2006-07-31,165668.98417515782
30,State,Michigan,2006-07-31,153729.62029603194
40,State,New Jersey,2006-07-31,377127.4656488106
56,State,Virginia,2006-07-31,273179.938392876
59,State,Washington,2006-07-31,309985.9007128252
8,State,Arizona,2006-07-31,290557.92383389355
26,State,Massachusetts,2006-07-31,379176.1743664465
53,State,Tennessee,2006-07-31,148454.3946224544
22,State,Indiana,2006-07-31,119844.0586832272
27,State,Maryland,2006-07-31,345707.42350396124
32,State,Missouri,2006-07-31,143403.10383292675
60,State,Wisconsin,2006-07-31,183100.58839019935
10,State,Colorado,2006-07-31,244907.84925562592
31,State,Minnesota,2006-07-31,219731.9738575513
51,State,South Carolina,2006-07-31,162058.51059758922
4,State,Alabama,2006-07-31,135051.28738561823
25,State,Louisiana,2006-07-31,159427.90764095433
24,State,Kentucky,2006-07-31,117135.70277987496
46,State,Oregon,2006-07-31,265344.22023396526
45,State,Oklahoma,2006-07-31,110107.83009285318
11,State,Connecticut,2006-07-31,318050.6352162535
55,State,Utah,2006-07-31,208267.64885438827
19,State,Iowa,2006-07-31,122707.60013490706
42,State,Nevada,2006-07-31,345650.81029121106
6,State,Arkansas,2006-07-31,125741.84372990264
34,State,Mississippi,2006-07-31,121858.5408886184
23,State,Kansas,2006-07-31,119080.17876717231
41,State,New Mexico,2006-07-31,181665.28259672545
38,State,Nebraska,2006-07-31,135875.17003795973
20,State,Idaho,2006-07-31,199387.78448820152
61,State,West Virginia,2006-07-31,104363.24328017996
18,State,Hawaii,2006-07-31,471939.8644666968
39,State,New Hampshire,2006-07-31,269649.53801964526
28,State,Maine,2006-07-31,210477.90757187823
50,State,Rhode Island,2006-07-31,312799.66508596536
35,State,Montana,2006-07-31,183008.38925677587
13,State,Delaware,2006-07-31,278347.6400904947
52,State,South Dakota,2006-07-31,141852.97983031845
37,State,North Dakota,2006-07-31,
3,State,Alaska,2006-07-31,233846.11718921305
12,State,District of Columbia,2006-07-31,399636.96260339674
58,State,Vermont,2006-07-31,215987.7886978244
62,State,Wyoming,2006-07-31,189743.5075646116
9,State,California,2006-08-31,492378.1903360744
54,State,Texas,2006-08-31,143054.4306013564
14,State,Florida,2006-08-31,262500.70060696104
43,State,New York,2006-08-31,283561.13589586
47,State,Pennsylvania,2006-08-31,169944.1389920063
21,State,Illinois,2006-08-31,215213.9191385584
44,State,Ohio,2006-08-31,134666.4902601002
16,State,Georgia,2006-08-31,171542.7092265667
36,State,North Carolina,2006-08-31,166614.49523473767
30,State,Michigan,2006-08-31,153415.34019662326
40,State,New Jersey,2006-08-31,377859.2858841626
56,State,Virginia,2006-08-31,273780.9656821601
59,State,Washington,2006-08-31,313216.8700232901
8,State,Arizona,2006-08-31,289703.1795282587
26,State,Massachusetts,2006-08-31,377088.1262552268
53,State,Tennessee,2006-08-31,149337.35196422038
22,State,Indiana,2006-08-31,120296.21278269398
27,State,Maryland,2006-08-31,348042.11319500115
32,State,Missouri,2006-08-31,143736.84896250442
60,State,Wisconsin,2006-08-31,183294.99182385605
10,State,Colorado,2006-08-31,245180.17398006504
31,State,Minnesota,2006-08-31,219599.78839278023
51,State,South Carolina,2006-08-31,163247.1549806009
4,State,Alabama,2006-08-31,136029.602893044
25,State,Louisiana,2006-08-31,160307.53170647367
24,State,Kentucky,2006-08-31,117345.79438717704
46,State,Oregon,2006-08-31,268835.46941470593
45,State,Oklahoma,2006-08-31,110509.21748315374
11,State,Connecticut,2006-08-31,318349.744685062
55,State,Utah,2006-08-31,211878.97504609753
19,State,Iowa,2006-08-31,123030.34476404396
42,State,Nevada,2006-08-31,345336.7488555669
6,State,Arkansas,2006-08-31,126262.1500988336
34,State,Mississippi,2006-08-31,122729.77427705746
23,State,Kansas,2006-08-31,119517.9133813356
41,State,New Mexico,2006-08-31,183663.5514976665
38,State,Nebraska,2006-08-31,135976.029013987
20,State,Idaho,2006-08-31,201731.03626460172
61,State,West Virginia,2006-08-31,104670.69851738628
18,State,Hawaii,2006-08-31,473997.94367458887
39,State,New Hampshire,2006-08-31,269378.16123239906
28,State,Maine,2006-08-31,210467.20701130095
50,State,Rhode Island,2006-08-31,311767.4419859783
35,State,Montana,2006-08-31,184447.99881871467
13,State,Delaware,2006-08-31,279836.2617898174
52,State,South Dakota,2006-08-31,142242.4347762181
37,State,North Dakota,2006-08-31,
3,State,Alaska,2006-08-31,235730.9813503047
12,State,District of Columbia,2006-08-31,399101.2746229416
58,State,Vermont,2006-08-31,217234.3862894287
62,State,Wyoming,2006-08-31,191318.18121036887
9,State,California,2006-09-30,491323.05802641826
54,State,Texas,2006-09-30,143665.97250348146
14,State,Florida,2006-09-30,263118.1338535726
43,State,New York,2006-09-30,284297.587410757
47,State,Pennsylvania,2006-09-30,170572.01344869324
21,State,Illinois,2006-09-30,215571.6645324278
44,State,Ohio,2006-09-30,134698.7699743427
16,State,Georgia,2006-09-30,172083.68690043237
36,State,North Carolina,2006-09-30,167528.58112850704
30,State,Michigan,2006-09-30,153068.48633957485
40,State,New Jersey,2006-09-30,377965.2771889917
56,State,Virginia,2006-09-30,273869.6929513174
59,State,Washington,2006-09-30,316067.5605818422
8,State,Arizona,2006-09-30,287849.7171689466
26,State,Massachusetts,2006-09-30,374552.5071620159
53,State,Tennessee,2006-09-30,150150.62805393455
22,State,Indiana,2006-09-30,120649.6230875796
27,State,Maryland,2006-09-30,349562.60468407575
32,State,Missouri,2006-09-30,144081.58658276478
60,State,Wisconsin,2006-09-30,183583.3580326289
10,State,Colorado,2006-09-30,245240.2992237252
31,State,Minnesota,2006-09-30,219207.77696109455
51,State,South Carolina,2006-09-30,164262.77735606304
4,State,Alabama,2006-09-30,136882.32246619428
25,State,Louisiana,2006-09-30,161077.13263165523
24,State,Kentucky,2006-09-30,117632.9068744153
46,State,Oregon,2006-09-30,271057.63997529
45,State,Oklahoma,2006-09-30,110857.88338427027
11,State,Connecticut,2006-09-30,318407.77181340527
55,State,Utah,2006-09-30,215440.84847553703
19,State,Iowa,2006-09-30,123343.5713125486
42,State,Nevada,2006-09-30,344635.65242298244
6,State,Arkansas,2006-09-30,126772.1220852348
34,State,Mississippi,2006-09-30,123646.53969738848
23,State,Kansas,2006-09-30,119866.78334448782
41,State,New Mexico,2006-09-30,185569.21220559525
38,State,Nebraska,2006-09-30,136100.59579663936
20,State,Idaho,2006-09-30,203692.3871882855
61,State,West Virginia,2006-09-30,105015.44817926538
18,State,Hawaii,2006-09-30,476131.6793451021
39,State,New Hampshire,2006-09-30,268941.70870684553
28,State,Maine,2006-09-30,210752.62701502835
50,State,Rhode Island,2006-09-30,310086.596719026
35,State,Montana,2006-09-30,185650.40712624253
13,State,Delaware,2006-09-30,281121.6640854396
52,State,South Dakota,2006-09-30,142615.20957690457
37,State,North Dakota,2006-09-30,
3,State,Alaska,2006-09-30,237824.66632201205
12,State,District of Columbia,2006-09-30,398395.8606360634
58,State,Vermont,2006-09-30,218381.4745071597
62,State,Wyoming,2006-09-30,192700.5543286949
9,State,California,2006-10-31,490120.64482360263
54,State,Texas,2006-10-31,144421.4549947439
14,State,Florida,2006-10-31,263090.22616931616
43,State,New York,2006-10-31,284838.64716452797
47,State,Pennsylvania,2006-10-31,171060.87064576996
21,State,Illinois,2006-10-31,215855.65153045565
44,State,Ohio,2006-10-31,134678.48273169986
16,State,Georgia,2006-10-31,172560.9204592826
36,State,North Carolina,2006-10-31,168367.3321899559
30,State,Michigan,2006-10-31,152673.70981326586
40,State,New Jersey,2006-10-31,377506.3825947352
56,State,Virginia,2006-10-31,273570.0366673575
59,State,Washington,2006-10-31,318505.7091459727
8,State,Arizona,2006-10-31,286504.71794966044
26,State,Massachusetts,2006-10-31,372281.4578954382
53,State,Tennessee,2006-10-31,150914.54204121316
22,State,Indiana,2006-10-31,121073.21505633146
27,State,Maryland,2006-10-31,350043.31500025094
32,State,Missouri,2006-10-31,144458.48695005235
60,State,Wisconsin,2006-10-31,183932.45108230284
10,State,Colorado,2006-10-31,245149.468172456
31,State,Minnesota,2006-10-31,218893.74816389385
51,State,South Carolina,2006-10-31,165102.27495913097
4,State,Alabama,2006-10-31,137640.36978019305
25,State,Louisiana,2006-10-31,161779.1747930737
24,State,Kentucky,2006-10-31,117945.18783812685
46,State,Oregon,2006-10-31,272681.52175161836
45,State,Oklahoma,2006-10-31,111208.30886467177
11,State,Connecticut,2006-10-31,318088.9566922416
55,State,Utah,2006-10-31,218669.5078383003
19,State,Iowa,2006-10-31,123635.38326437294
42,State,Nevada,2006-10-31,343326.12389824685
6,State,Arkansas,2006-10-31,127158.56104279251
34,State,Mississippi,2006-10-31,124778.1711877775
23,State,Kansas,2006-10-31,120228.05299252873
41,State,New Mexico,2006-10-31,187418.85641153637
38,State,Nebraska,2006-10-31,136261.10103711727
20,State,Idaho,2006-10-31,203657.8502165897
61,State,West Virginia,2006-10-31,105492.3115486041
18,State,Hawaii,2006-10-31,476966.25582668
39,State,New Hampshire,2006-10-31,268172.8876952598
28,State,Maine,2006-10-31,211328.88733578092
50,State,Rhode Island,2006-10-31,308367.42954999756
35,State,Montana,2006-10-31,186809.76247874452
13,State,Delaware,2006-10-31,282450.2509174692
52,State,South Dakota,2006-10-31,142785.2259341165
37,State,North Dakota,2006-10-31,
3,State,Alaska,2006-10-31,239790.2212183432
12,State,District of Columbia,2006-10-31,397249.9254283479
58,State,Vermont,2006-10-31,219545.1078008346
62,State,Wyoming,2006-10-31,194119.77097109985
9,State,California,2006-11-30,488838.5659620749
54,State,Texas,2006-11-30,145144.96625484788
14,State,Florida,2006-11-30,262695.93696997315
43,State,New York,2006-11-30,285151.53296090366
47,State,Pennsylvania,2006-11-30,171451.54392093045
21,State,Illinois,2006-11-30,216108.48236813155
44,State,Ohio,2006-11-30,134594.9759159932
16,State,Georgia,2006-11-30,172914.55950046895
36,State,North Carolina,2006-11-30,169068.4189988175
30,State,Michigan,2006-11-30,152221.1863452124
40,State,New Jersey,2006-11-30,376734.61302574835
56,State,Virginia,2006-11-30,273210.44820640143
59,State,Washington,2006-11-30,320246.29461611755
8,State,Arizona,2006-11-30,284694.6843121859
26,State,Massachusetts,2006-11-30,369899.6138721886
53,State,Tennessee,2006-11-30,151550.10255292917
22,State,Indiana,2006-11-30,121405.8293475053
27,State,Maryland,2006-11-30,350127.3381036366
32,State,Missouri,2006-11-30,144843.194730276
60,State,Wisconsin,2006-11-30,184213.74395884864
10,State,Colorado,2006-11-30,244817.7421646395
31,State,Minnesota,2006-11-30,218561.40993739056
51,State,South Carolina,2006-11-30,165736.81916272995
4,State,Alabama,2006-11-30,138113.06638423595
25,State,Louisiana,2006-11-30,162476.33431137796
24,State,Kentucky,2006-11-30,118262.86713047011
46,State,Oregon,2006-11-30,273931.9963980427
45,State,Oklahoma,2006-11-30,111555.63294861245
11,State,Connecticut,2006-11-30,317534.5736311568
55,State,Utah,2006-11-30,221674.62581164972
19,State,Iowa,2006-11-30,123918.13876743546
42,State,Nevada,2006-11-30,341433.359084031
6,State,Arkansas,2006-11-30,127489.04555167434
34,State,Mississippi,2006-11-30,125713.22232322158
23,State,Kansas,2006-11-30,120500.9391970666
41,State,New Mexico,2006-11-30,189010.0333049999
38,State,Nebraska,2006-11-30,136515.7563042482
20,State,Idaho,2006-11-30,203851.34066339504
61,State,West Virginia,2006-11-30,105790.09967773291
18,State,Hawaii,2006-11-30,478011.6193022888
39,State,New Hampshire,2006-11-30,267242.88881431817
28,State,Maine,2006-11-30,211708.81577746148
50,State,Rhode Island,2006-11-30,306456.54891329847
35,State,Montana,2006-11-30,187970.5126670726
13,State,Delaware,2006-11-30,282988.13715387956
52,State,South Dakota,2006-11-30,143095.7567364441
37,State,North Dakota,2006-11-30,
3,State,Alaska,2006-11-30,241325.56423536013
12,State,District of Columbia,2006-11-30,395467.2723677126
58,State,Vermont,2006-11-30,220751.24747149923
62,State,Wyoming,2006-11-30,195675.56834261373
9,State,California,2006-12-31,487726.22164149
54,State,Texas,2006-12-31,145862.67083395203
14,State,Florida,2006-12-31,261907.308253885
43,State,New York,2006-12-31,285484.06717721414
47,State,Pennsylvania,2006-12-31,171781.21153344496
21,State,Illinois,2006-12-31,216450.5599081624
44,State,Ohio,2006-12-31,134457.40685068388
16,State,Georgia,2006-12-31,173301.83261288668
36,State,North Carolina,2006-12-31,169697.87248807916
30,State,Michigan,2006-12-31,151671.1326103674
40,State,New Jersey,2006-12-31,375525.96942888
56,State,Virginia,2006-12-31,272978.56100333174
59,State,Washington,2006-12-31,321475.15084148815
8,State,Arizona,2006-12-31,282854.96271512774
26,State,Massachusetts,2006-12-31,367809.4616708796
53,State,Tennessee,2006-12-31,152098.38173294847
22,State,Indiana,2006-12-31,121710.04326469944
27,State,Maryland,2006-12-31,349894.9808599851
32,State,Missouri,2006-12-31,145156.352574388
60,State,Wisconsin,2006-12-31,184395.46067367808
10,State,Colorado,2006-12-31,244680.31621752284
31,State,Minnesota,2006-12-31,218436.5779720148
51,State,South Carolina,2006-12-31,166246.4112481701
4,State,Alabama,2006-12-31,138471.63736167783
25,State,Louisiana,2006-12-31,163121.10690988516
24,State,Kentucky,2006-12-31,118484.44619372186
46,State,Oregon,2006-12-31,275171.72347590566
45,State,Oklahoma,2006-12-31,111900.23053583712
11,State,Connecticut,2006-12-31,316979.59052662906
55,State,Utah,2006-12-31,224391.40539823365
19,State,Iowa,2006-12-31,124221.54037164547
42,State,Nevada,2006-12-31,340097.87583281565
6,State,Arkansas,2006-12-31,127755.54250829628
34,State,Mississippi,2006-12-31,126444.68908234208
23,State,Kansas,2006-12-31,120845.76402741388
41,State,New Mexico,2006-12-31,190264.4441941185
38,State,Nebraska,2006-12-31,136717.50958381782
20,State,Idaho,2006-12-31,203840.4119534916
61,State,West Virginia,2006-12-31,105955.83043623972
18,State,Hawaii,2006-12-31,478234.4210416993
39,State,New Hampshire,2006-12-31,266152.9912344041
28,State,Maine,2006-12-31,211966.01994308905
50,State,Rhode Island,2006-12-31,304971.07450452604
35,State,Montana,2006-12-31,189241.5929050426
13,State,Delaware,2006-12-31,283226.65273482114
52,State,South Dakota,2006-12-31,143503.45494560403
37,State,North Dakota,2006-12-31,
3,State,Alaska,2006-12-31,242861.5106237517
12,State,District of Columbia,2006-12-31,393804.0019908692
58,State,Vermont,2006-12-31,221894.1904816776
62,State,Wyoming,2006-12-31,197094.3380402991
9,State,California,2007-01-31,486808.1240567511
54,State,Texas,2007-01-31,146241.50848345234
14,State,Florida,2007-01-31,260909.54286674116
43,State,New York,2007-01-31,285761.5074463165
47,State,Pennsylvania,2007-01-31,172114.7155953477
21,State,Illinois,2007-01-31,216976.88261163616
44,State,Ohio,2007-01-31,134308.45292133788
16,State,Georgia,2007-01-31,173657.802265445
36,State,North Carolina,2007-01-31,170334.36982866502
30,State,Michigan,2007-01-31,151036.39900306292
40,State,New Jersey,2007-01-31,374268.27223351
56,State,Virginia,2007-01-31,272716.68371852767
59,State,Washington,2007-01-31,322399.1026295814
8,State,Arizona,2007-01-31,280912.2384631903
26,State,Massachusetts,2007-01-31,366270.37037814385
53,State,Tennessee,2007-01-31,152492.24632311333
22,State,Indiana,2007-01-31,121816.57154813215
27,State,Maryland,2007-01-31,349692.05200663867
32,State,Missouri,2007-01-31,145379.46002319272
60,State,Wisconsin,2007-01-31,184664.0136194484
10,State,Colorado,2007-01-31,244634.17358987255
31,State,Minnesota,2007-01-31,218432.3302780843
51,State,South Carolina,2007-01-31,166687.84924652288
4,State,Alabama,2007-01-31,138676.4514353715
25,State,Louisiana,2007-01-31,163728.4644263375
24,State,Kentucky,2007-01-31,118663.11003467764
46,State,Oregon,2007-01-31,276147.2052115503
45,State,Oklahoma,2007-01-31,112194.74943754455
11,State,Connecticut,2007-01-31,316788.2197703356
55,State,Utah,2007-01-31,227098.4366086728
19,State,Iowa,2007-01-31,124491.97282568197
42,State,Nevada,2007-01-31,338702.30692132027
6,State,Arkansas,2007-01-31,128002.2008323699
34,State,Mississippi,2007-01-31,126983.98216657696
23,State,Kansas,2007-01-31,121126.5752354245
41,State,New Mexico,2007-01-31,191180.17275865623
38,State,Nebraska,2007-01-31,136886.40356007402
20,State,Idaho,2007-01-31,205177.75169555144
61,State,West Virginia,2007-01-31,105974.68996937544
18,State,Hawaii,2007-01-31,478630.26687053
39,State,New Hampshire,2007-01-31,265200.54136871663
28,State,Maine,2007-01-31,212176.90512792856
50,State,Rhode Island,2007-01-31,303354.4816853817
35,State,Montana,2007-01-31,190217.09662101165
13,State,Delaware,2007-01-31,282590.6943171112
52,State,South Dakota,2007-01-31,144191.7938366447
37,State,North Dakota,2007-01-31,
3,State,Alaska,2007-01-31,244107.47047681676
12,State,District of Columbia,2007-01-31,393204.187060945
58,State,Vermont,2007-01-31,223047.5889390336
62,State,Wyoming,2007-01-31,198218.05135027645
9,State,California,2007-02-28,485731.1141025496
54,State,Texas,2007-02-28,146390.6264118666
14,State,Florida,2007-02-28,259831.0201299157
43,State,New York,2007-02-28,285987.63634217903
47,State,Pennsylvania,2007-02-28,172513.3016186368
21,State,Illinois,2007-02-28,217504.77613374815
44,State,Ohio,2007-02-28,134213.2869055204
16,State,Georgia,2007-02-28,174048.1534706466
36,State,North Carolina,2007-02-28,170940.10711317186
30,State,Michigan,2007-02-28,150399.18024193955
40,State,New Jersey,2007-02-28,373351.5362924424
56,State,Virginia,2007-02-28,272612.2453471709
59,State,Washington,2007-02-28,323573.35552577843
8,State,Arizona,2007-02-28,279539.39149561716
26,State,Massachusetts,2007-02-28,365194.2808136572
53,State,Tennessee,2007-02-28,152896.67010902046
22,State,Indiana,2007-02-28,121895.62605759795
27,State,Maryland,2007-02-28,349411.131169749
32,State,Missouri,2007-02-28,145556.41878437225
60,State,Wisconsin,2007-02-28,184904.16950640175
10,State,Colorado,2007-02-28,244515.5927560591
31,State,Minnesota,2007-02-28,218517.2634028208
51,State,South Carolina,2007-02-28,167105.03129425846
4,State,Alabama,2007-02-28,139136.93315681233
25,State,Louisiana,2007-02-28,164319.66503671228
24,State,Kentucky,2007-02-28,118831.81361019392
46,State,Oregon,2007-02-28,277038.2199693746
45,State,Oklahoma,2007-02-28,112412.33098262142
11,State,Connecticut,2007-02-28,316811.8788515896
55,State,Utah,2007-02-28,229745.6739648343
19,State,Iowa,2007-02-28,124756.6591550494
42,State,Nevada,2007-02-28,337752.0630843609
6,State,Arkansas,2007-02-28,128235.56904616593
34,State,Mississippi,2007-02-28,127350.06193817368
23,State,Kansas,2007-02-28,121375.45662575235
41,State,New Mexico,2007-02-28,191903.32481184
38,State,Nebraska,2007-02-28,136997.15050977995
20,State,Idaho,2007-02-28,205537.1548271007
61,State,West Virginia,2007-02-28,106122.09841948836
18,State,Hawaii,2007-02-28,478667.6825220611
39,State,New Hampshire,2007-02-28,264170.77959690517
28,State,Maine,2007-02-28,212190.94949947065
50,State,Rhode Island,2007-02-28,302189.9191217253
35,State,Montana,2007-02-28,190882.92609914835
13,State,Delaware,2007-02-28,282270.50320573297
52,State,South Dakota,2007-02-28,144691.62017036162
37,State,North Dakota,2007-02-28,
3,State,Alaska,2007-02-28,244962.54803273632
12,State,District of Columbia,2007-02-28,394129.79846608016
58,State,Vermont,2007-02-28,224091.27041715744
62,State,Wyoming,2007-02-28,199084.26660949024
9,State,California,2007-03-31,484190.3014867739
54,State,Texas,2007-03-31,146371.9705941196
14,State,Florida,2007-03-31,258591.76503239563
43,State,New York,2007-03-31,286287.41295118636
47,State,Pennsylvania,2007-03-31,173013.4396041321
21,State,Illinois,2007-03-31,217926.51321201815
44,State,Ohio,2007-03-31,134082.2747184989
16,State,Georgia,2007-03-31,174422.55993926994
36,State,North Carolina,2007-03-31,171618.84046104943
30,State,Michigan,2007-03-31,149724.99148166823
40,State,New Jersey,2007-03-31,373107.05443111854
56,State,Virginia,2007-03-31,272544.5826847308
59,State,Washington,2007-03-31,325365.70921265
8,State,Arizona,2007-03-31,278810.94471711415
26,State,Massachusetts,2007-03-31,364547.4152535657
53,State,Tennessee,2007-03-31,153375.44064296922
22,State,Indiana,2007-03-31,121889.789135612
27,State,Maryland,2007-03-31,349455.8166849045
32,State,Missouri,2007-03-31,145710.4153128012
60,State,Wisconsin,2007-03-31,185182.14071838625
10,State,Colorado,2007-03-31,244448.89712225815
31,State,Minnesota,2007-03-31,218423.42637018816
51,State,South Carolina,2007-03-31,167494.43184583515
4,State,Alabama,2007-03-31,139699.2130850428
25,State,Louisiana,2007-03-31,164983.2885000333
24,State,Kentucky,2007-03-31,118950.33377006104
46,State,Oregon,2007-03-31,278103.6165020617
45,State,Oklahoma,2007-03-31,112584.71561077544
11,State,Connecticut,2007-03-31,316864.4579864083
55,State,Utah,2007-03-31,232442.2368427103
19,State,Iowa,2007-03-31,125004.47946309931
42,State,Nevada,2007-03-31,336578.01843783114
6,State,Arkansas,2007-03-31,128414.80873230088
34,State,Mississippi,2007-03-31,127590.9014330795
23,State,Kansas,2007-03-31,121652.97954563428
41,State,New Mexico,2007-03-31,192413.394364915
38,State,Nebraska,2007-03-31,137171.29877595638
20,State,Idaho,2007-03-31,205544.04645341053
61,State,West Virginia,2007-03-31,106362.29676212644
18,State,Hawaii,2007-03-31,479127.4694796722
39,State,New Hampshire,2007-03-31,263614.17715825373
28,State,Maine,2007-03-31,211995.45644466943
50,State,Rhode Island,2007-03-31,301269.0105976973
35,State,Montana,2007-03-31,191379.17181608712
13,State,Delaware,2007-03-31,282182.1460029343
52,State,South Dakota,2007-03-31,144944.6253029781
37,State,North Dakota,2007-03-31,
3,State,Alaska,2007-03-31,245325.7508350214
12,State,District of Columbia,2007-03-31,395369.3191000012
58,State,Vermont,2007-03-31,224729.2052010204
62,State,Wyoming,2007-03-31,200015.20603787864
9,State,California,2007-04-30,482215.0479048704
54,State,Texas,2007-04-30,146598.72408798497
14,State,Florida,2007-04-30,257160.71153175065
43,State,New York,2007-04-30,286409.99630402884
47,State,Pennsylvania,2007-04-30,173475.07488220432
21,State,Illinois,2007-04-30,218123.21697074772
44,State,Ohio,2007-04-30,133935.45815982093
16,State,Georgia,2007-04-30,174816.71780379748
36,State,North Carolina,2007-04-30,172318.83035705413
30,State,Michigan,2007-04-30,149056.63692467034
40,State,New Jersey,2007-04-30,373259.09672663425
56,State,Virginia,2007-04-30,272702.33149642596
59,State,Washington,2007-04-30,327635.12400054914
8,State,Arizona,2007-04-30,278547.5584348645
26,State,Massachusetts,2007-04-30,363879.76358127384
53,State,Tennessee,2007-04-30,153940.6746112999
22,State,Indiana,2007-04-30,121962.76667321968
27,State,Maryland,2007-04-30,349591.08343061496
32,State,Missouri,2007-04-30,145811.91709519367
60,State,Wisconsin,2007-04-30,185353.1362489542
10,State,Colorado,2007-04-30,244588.8096311864
31,State,Minnesota,2007-04-30,218130.0407803378
51,State,South Carolina,2007-04-30,167761.262826793
4,State,Alabama,2007-04-30,140421.0385955997
25,State,Louisiana,2007-04-30,165666.91207889532
24,State,Kentucky,2007-04-30,118967.34986920316
46,State,Oregon,2007-04-30,279591.7508536509
45,State,Oklahoma,2007-04-30,112767.41327804016
11,State,Connecticut,2007-04-30,316666.141937416
55,State,Utah,2007-04-30,234982.56618360453
19,State,Iowa,2007-04-30,125266.9963991857
42,State,Nevada,2007-04-30,334871.49767204415
6,State,Arkansas,2007-04-30,128619.78590500564
34,State,Mississippi,2007-04-30,127811.01535660402
23,State,Kansas,2007-04-30,122031.73624414732
41,State,New Mexico,2007-04-30,193198.67144365783
38,State,Nebraska,2007-04-30,137294.92219085433
20,State,Idaho,2007-04-30,205785.46866774457
61,State,West Virginia,2007-04-30,106646.59869861563
18,State,Hawaii,2007-04-30,479582.37700872513
39,State,New Hampshire,2007-04-30,262983.29026666324
28,State,Maine,2007-04-30,211676.14299057832
50,State,Rhode Island,2007-04-30,300379.46315649035
35,State,Montana,2007-04-30,192107.89818588377
13,State,Delaware,2007-04-30,282735.37975060346
52,State,South Dakota,2007-04-30,145023.69930654156
37,State,North Dakota,2007-04-30,
3,State,Alaska,2007-04-30,245816.02153288477
12,State,District of Columbia,2007-04-30,396403.68722239375
58,State,Vermont,2007-04-30,225082.90971410545
62,State,Wyoming,2007-04-30,201100.86341264145
9,State,California,2007-05-31,479134.05072189897
54,State,Texas,2007-05-31,147013.43057573648
14,State,Florida,2007-05-31,255297.28950991377
43,State,New York,2007-05-31,286644.94761161157
47,State,Pennsylvania,2007-05-31,173918.9287718938
21,State,Illinois,2007-05-31,218144.7383204821
44,State,Ohio,2007-05-31,133763.88696733935
16,State,Georgia,2007-05-31,175153.61823362813
36,State,North Carolina,2007-05-31,173075.58137132658
30,State,Michigan,2007-05-31,148257.40349883298
40,State,New Jersey,2007-05-31,373195.2931009906
56,State,Virginia,2007-05-31,272513.14019832504
59,State,Washington,2007-05-31,329655.33072186727
8,State,Arizona,2007-05-31,278213.8537702774
26,State,Massachusetts,2007-05-31,363114.32338006695
53,State,Tennessee,2007-05-31,154502.14406622748
22,State,Indiana,2007-05-31,121941.05980922254
27,State,Maryland,2007-05-31,349654.0374526028
32,State,Missouri,2007-05-31,145860.6758492886
60,State,Wisconsin,2007-05-31,185435.1220401549
10,State,Colorado,2007-05-31,245005.2652255344
31,State,Minnesota,2007-05-31,217628.51915902607
51,State,South Carolina,2007-05-31,168019.78476806436
4,State,Alabama,2007-05-31,140857.9428241443
25,State,Louisiana,2007-05-31,166127.65355700906
24,State,Kentucky,2007-05-31,118964.2422718079
46,State,Oregon,2007-05-31,281127.7084311489
45,State,Oklahoma,2007-05-31,113010.0761540889
11,State,Connecticut,2007-05-31,316302.55069372774
55,State,Utah,2007-05-31,237476.31077856073
19,State,Iowa,2007-05-31,125405.05977955298
42,State,Nevada,2007-05-31,332762.02198592626
6,State,Arkansas,2007-05-31,128722.88243810453
34,State,Mississippi,2007-05-31,128219.61857106265
23,State,Kansas,2007-05-31,122489.68790422988
41,State,New Mexico,2007-05-31,193983.46060230097
38,State,Nebraska,2007-05-31,137369.4076111553
20,State,Idaho,2007-05-31,206374.89764008005
61,State,West Virginia,2007-05-31,106891.82312822375
18,State,Hawaii,2007-05-31,479778.49462754215
39,State,New Hampshire,2007-05-31,262519.0470954656
28,State,Maine,2007-05-31,211268.85119862817
50,State,Rhode Island,2007-05-31,299577.650204847
35,State,Montana,2007-05-31,192781.3967772439
13,State,Delaware,2007-05-31,283535.1008344422
52,State,South Dakota,2007-05-31,145162.8203679689
37,State,North Dakota,2007-05-31,
3,State,Alaska,2007-05-31,246627.1557750108
12,State,District of Columbia,2007-05-31,396885.8820608193
58,State,Vermont,2007-05-31,225346.21263549663
62,State,Wyoming,2007-05-31,202395.7553231374
9,State,California,2007-06-30,475585.85281312343
54,State,Texas,2007-06-30,147552.6403409641
14,State,Florida,2007-06-30,252968.3459653443
43,State,New York,2007-06-30,286680.8690382766
47,State,Pennsylvania,2007-06-30,174256.65137892912
21,State,Illinois,2007-06-30,218018.33169791044
44,State,Ohio,2007-06-30,133608.04373523992
16,State,Georgia,2007-06-30,175381.471833511
36,State,North Carolina,2007-06-30,173807.80061929522
30,State,Michigan,2007-06-30,147508.85771869074
40,State,New Jersey,2007-06-30,372414.68598635215
56,State,Virginia,2007-06-30,271901.025902147
59,State,Washington,2007-06-30,330955.4487401815
8,State,Arizona,2007-06-30,277274.41193869326
26,State,Massachusetts,2007-06-30,362040.91403140035
53,State,Tennessee,2007-06-30,155006.68810468065
22,State,Indiana,2007-06-30,121906.4428325432
27,State,Maryland,2007-06-30,349441.1268173984
32,State,Missouri,2007-06-30,145855.40250811356
60,State,Wisconsin,2007-06-30,185431.6691328486
10,State,Colorado,2007-06-30,245436.68669396391
31,State,Minnesota,2007-06-30,216976.58821815997
51,State,South Carolina,2007-06-30,168193.67018988324
4,State,Alabama,2007-06-30,141145.33731324243
25,State,Louisiana,2007-06-30,166504.2464951311
24,State,Kentucky,2007-06-30,118984.24569903676
46,State,Oregon,2007-06-30,282187.9742999686
45,State,Oklahoma,2007-06-30,113327.48472481233
11,State,Connecticut,2007-06-30,315600.9693376438
55,State,Utah,2007-06-30,240208.8049263256
19,State,Iowa,2007-06-30,125452.20835499634
42,State,Nevada,2007-06-30,329869.21016015165
6,State,Arkansas,2007-06-30,128819.1786634476
34,State,Mississippi,2007-06-30,128573.11466208186
23,State,Kansas,2007-06-30,122889.55959607149
41,State,New Mexico,2007-06-30,195142.81397068288
38,State,Nebraska,2007-06-30,137104.59678227024
20,State,Idaho,2007-06-30,206872.0063231344
61,State,West Virginia,2007-06-30,107095.02924170403
18,State,Hawaii,2007-06-30,479748.96911421
39,State,New Hampshire,2007-06-30,261777.5063560031
28,State,Maine,2007-06-30,210580.83717360513
50,State,Rhode Island,2007-06-30,297879.637354735
35,State,Montana,2007-06-30,193425.9828789723
13,State,Delaware,2007-06-30,284551.7732904907
52,State,South Dakota,2007-06-30,145556.4507460224
37,State,North Dakota,2007-06-30,
3,State,Alaska,2007-06-30,247468.30352471967
12,State,District of Columbia,2007-06-30,396987.645647871
58,State,Vermont,2007-06-30,225734.73995305007
62,State,Wyoming,2007-06-30,203836.99435275668
9,State,California,2007-07-31,471044.78925623535
54,State,Texas,2007-07-31,148033.83009228663
14,State,Florida,2007-07-31,250162.75563867856
43,State,New York,2007-07-31,286738.1935135369
47,State,Pennsylvania,2007-07-31,174620.8640702968
21,State,Illinois,2007-07-31,217731.25698429756
44,State,Ohio,2007-07-31,133399.7974005982
16,State,Georgia,2007-07-31,175489.1203439492
36,State,North Carolina,2007-07-31,174438.71805948636
30,State,Michigan,2007-07-31,146609.1867195087
40,State,New Jersey,2007-07-31,370960.2577247729
56,State,Virginia,2007-07-31,270747.74587503326
59,State,Washington,2007-07-31,331558.13820390106
8,State,Arizona,2007-07-31,275695.59522190556
26,State,Massachusetts,2007-07-31,360583.5771833661
53,State,Tennessee,2007-07-31,155421.89668661167
22,State,Indiana,2007-07-31,121782.08222641693
27,State,Maryland,2007-07-31,348967.9085872384
32,State,Missouri,2007-07-31,145826.6084050966
60,State,Wisconsin,2007-07-31,185234.35906500168
10,State,Colorado,2007-07-31,245754.91943072327
31,State,Minnesota,2007-07-31,216077.4438933071
51,State,South Carolina,2007-07-31,168364.3597678866
4,State,Alabama,2007-07-31,141241.74898255346
25,State,Louisiana,2007-07-31,166795.6963327965
24,State,Kentucky,2007-07-31,119064.31039057516
46,State,Oregon,2007-07-31,282743.85442655743
45,State,Oklahoma,2007-07-31,113707.3517194931
11,State,Connecticut,2007-07-31,314716.33443728246
55,State,Utah,2007-07-31,242965.20669939404
19,State,Iowa,2007-07-31,125448.81686567808
42,State,Nevada,2007-07-31,326434.2447197591
6,State,Arkansas,2007-07-31,128887.04653051488
34,State,Mississippi,2007-07-31,128755.32510403362
23,State,Kansas,2007-07-31,123217.5161756538
41,State,New Mexico,2007-07-31,196053.14979133665
38,State,Nebraska,2007-07-31,136962.11403393964
20,State,Idaho,2007-07-31,207339.19013199705
61,State,West Virginia,2007-07-31,107248.96800310024
18,State,Hawaii,2007-07-31,478895.3854128146
39,State,New Hampshire,2007-07-31,261118.97813107248
28,State,Maine,2007-07-31,209500.12605047188
50,State,Rhode Island,2007-07-31,296516.97102556657
35,State,Montana,2007-07-31,193843.72875788625
13,State,Delaware,2007-07-31,285113.60996052064
52,State,South Dakota,2007-07-31,145913.35064048332
37,State,North Dakota,2007-07-31,
3,State,Alaska,2007-07-31,248334.1254874667
12,State,District of Columbia,2007-07-31,396995.0368453557
58,State,Vermont,2007-07-31,225958.2208174502
62,State,Wyoming,2007-07-31,204917.22035646025
9,State,California,2007-08-31,466309.50200990407
54,State,Texas,2007-08-31,148545.2622033074
14,State,Florida,2007-08-31,247061.96766415707
43,State,New York,2007-08-31,286817.4609173637
47,State,Pennsylvania,2007-08-31,174882.25813714357
21,State,Illinois,2007-08-31,217366.63427343575
44,State,Ohio,2007-08-31,133153.8274624317
16,State,Georgia,2007-08-31,175528.6621455288
36,State,North Carolina,2007-08-31,175007.52930032284
30,State,Michigan,2007-08-31,145823.02714556956
40,State,New Jersey,2007-08-31,369197.68897679256
56,State,Virginia,2007-08-31,269465.35256096633
59,State,Washington,2007-08-31,332024.87530273176
8,State,Arizona,2007-08-31,273528.85444194224
26,State,Massachusetts,2007-08-31,359072.9477881117
53,State,Tennessee,2007-08-31,155743.7871696306
22,State,Indiana,2007-08-31,121743.0374203864
27,State,Maryland,2007-08-31,348389.0113565578
32,State,Missouri,2007-08-31,145763.13673785364
60,State,Wisconsin,2007-08-31,185103.15356276545
10,State,Colorado,2007-08-31,245904.93498858428
31,State,Minnesota,2007-08-31,215245.9775512129
51,State,South Carolina,2007-08-31,168506.0388632604
4,State,Alabama,2007-08-31,141371.31793993816
25,State,Louisiana,2007-08-31,167209.82457164608
24,State,Kentucky,2007-08-31,119160.18632892538
46,State,Oregon,2007-08-31,282850.84700059827
45,State,Oklahoma,2007-08-31,114067.03051118315
11,State,Connecticut,2007-08-31,313915.04186295625
55,State,Utah,2007-08-31,245677.79702671667
19,State,Iowa,2007-08-31,125539.36039015632
42,State,Nevada,2007-08-31,322745.25990661123
6,State,Arkansas,2007-08-31,129059.76693197557
34,State,Mississippi,2007-08-31,128910.6523890696
23,State,Kansas,2007-08-31,123569.46335138184
41,State,New Mexico,2007-08-31,196837.7295663161
38,State,Nebraska,2007-08-31,136872.28689776582
20,State,Idaho,2007-08-31,207742.31420611776
61,State,West Virginia,2007-08-31,107410.090016597
18,State,Hawaii,2007-08-31,478262.208480488
39,State,New Hampshire,2007-08-31,260569.2080273151
28,State,Maine,2007-08-31,209177.43627421712
50,State,Rhode Island,2007-08-31,294984.83963917475
35,State,Montana,2007-08-31,194400.91753931364
13,State,Delaware,2007-08-31,285344.6531337638
52,State,South Dakota,2007-08-31,146365.36391721864
37,State,North Dakota,2007-08-31,
3,State,Alaska,2007-08-31,249157.3035655703
12,State,District of Columbia,2007-08-31,396905.9057433464
58,State,Vermont,2007-08-31,225949.9501558839
62,State,Wyoming,2007-08-31,205695.0065523639
9,State,California,2007-09-30,460987.7529189028
54,State,Texas,2007-09-30,149049.25982569833
14,State,Florida,2007-09-30,243887.4265544687
43,State,New York,2007-09-30,286823.5320639526
47,State,Pennsylvania,2007-09-30,175013.7465020749
21,State,Illinois,2007-09-30,216786.96072443857
44,State,Ohio,2007-09-30,132963.72766681435
16,State,Georgia,2007-09-30,175412.89310377403
36,State,North Carolina,2007-09-30,175454.9374395068
30,State,Michigan,2007-09-30,144833.7702623026
40,State,New Jersey,2007-09-30,367471.6873862511
56,State,Virginia,2007-09-30,268292.40330325684
59,State,Washington,2007-09-30,332235.20726475026
8,State,Arizona,2007-09-30,270818.3644664435
26,State,Massachusetts,2007-09-30,357589.295848649
53,State,Tennessee,2007-09-30,155894.87320907568
22,State,Indiana,2007-09-30,121694.62617745738
27,State,Maryland,2007-09-30,347553.25792369526
32,State,Missouri,2007-09-30,145637.74642923198
60,State,Wisconsin,2007-09-30,185006.08065092776
10,State,Colorado,2007-09-30,245712.64613041776
31,State,Minnesota,2007-09-30,214421.05346127957
51,State,South Carolina,2007-09-30,168595.17334768627
4,State,Alabama,2007-09-30,141474.96941900929
25,State,Louisiana,2007-09-30,167578.24230831556
24,State,Kentucky,2007-09-30,119249.5895550475
46,State,Oregon,2007-09-30,282808.8899455906
45,State,Oklahoma,2007-09-30,114351.3123047318
11,State,Connecticut,2007-09-30,313363.2577517269
55,State,Utah,2007-09-30,247727.01360604688
19,State,Iowa,2007-09-30,125655.21748945049
42,State,Nevada,2007-09-30,318625.60686769296
6,State,Arkansas,2007-09-30,129181.95840780216
34,State,Mississippi,2007-09-30,129112.43284154253
23,State,Kansas,2007-09-30,123838.48576606793
41,State,New Mexico,2007-09-30,197090.03187152845
38,State,Nebraska,2007-09-30,136913.53991223194
20,State,Idaho,2007-09-30,208058.68801913175
61,State,West Virginia,2007-09-30,107514.7142398185
18,State,Hawaii,2007-09-30,477268.7054044192
39,State,New Hampshire,2007-09-30,260008.87307295992
28,State,Maine,2007-09-30,209312.75459703847
50,State,Rhode Island,2007-09-30,293868.5713231795
35,State,Montana,2007-09-30,194963.20370536204
13,State,Delaware,2007-09-30,285114.62894258444
52,State,South Dakota,2007-09-30,146730.0138526579
37,State,North Dakota,2007-09-30,
3,State,Alaska,2007-09-30,250149.16220160457
12,State,District of Columbia,2007-09-30,396914.64507500245
58,State,Vermont,2007-09-30,226100.0761245443
62,State,Wyoming,2007-09-30,206219.1388458513
9,State,California,2007-10-31,455403.0305843114
54,State,Texas,2007-10-31,149513.3656805098
14,State,Florida,2007-10-31,240640.60622994896
43,State,New York,2007-10-31,287031.6683590301
47,State,Pennsylvania,2007-10-31,175099.90919538532
21,State,Illinois,2007-10-31,216141.4807964041
44,State,Ohio,2007-10-31,132742.7249502281
16,State,Georgia,2007-10-31,175186.37816096187
36,State,North Carolina,2007-10-31,175806.74613782638
30,State,Michigan,2007-10-31,143839.20648924692
40,State,New Jersey,2007-10-31,365896.9795921703
56,State,Virginia,2007-10-31,267276.86803803884
59,State,Washington,2007-10-31,331701.25206146034
8,State,Arizona,2007-10-31,268085.03667793056
26,State,Massachusetts,2007-10-31,355917.3276157449
53,State,Tennessee,2007-10-31,155922.92221427977
22,State,Indiana,2007-10-31,121766.2458763494
27,State,Maryland,2007-10-31,346022.984021048
32,State,Missouri,2007-10-31,145446.59901136195
60,State,Wisconsin,2007-10-31,185037.22582098385
10,State,Colorado,2007-10-31,245252.8841269052
31,State,Minnesota,2007-10-31,213687.97058252632
51,State,South Carolina,2007-10-31,168528.89474271928
4,State,Alabama,2007-10-31,141566.9072688438
25,State,Louisiana,2007-10-31,167848.58922709635
24,State,Kentucky,2007-10-31,119373.05067164084
46,State,Oregon,2007-10-31,282478.87972713367
45,State,Oklahoma,2007-10-31,114540.59251360293
11,State,Connecticut,2007-10-31,312816.39098716376
55,State,Utah,2007-10-31,249302.6903270661
19,State,Iowa,2007-10-31,125787.9850588598
42,State,Nevada,2007-10-31,314631.0697259828
6,State,Arkansas,2007-10-31,129287.4235635212
34,State,Mississippi,2007-10-31,129373.16291699394
23,State,Kansas,2007-10-31,124063.56256910165
41,State,New Mexico,2007-10-31,197166.81481788467
38,State,Nebraska,2007-10-31,136608.72384817243
20,State,Idaho,2007-10-31,208261.33685284923
61,State,West Virginia,2007-10-31,107612.67991963604
18,State,Hawaii,2007-10-31,476892.7710811144
39,State,New Hampshire,2007-10-31,259362.67788309537
28,State,Maine,2007-10-31,209916.05061521617
50,State,Rhode Island,2007-10-31,292631.0636945933
35,State,Montana,2007-10-31,195583.16992074004
13,State,Delaware,2007-10-31,285010.7622331845
52,State,South Dakota,2007-10-31,147156.8554991958
37,State,North Dakota,2007-10-31,
3,State,Alaska,2007-10-31,251161.9397326468
12,State,District of Columbia,2007-10-31,397387.0147877003
58,State,Vermont,2007-10-31,226533.07719275707
62,State,Wyoming,2007-10-31,206812.19949327552
9,State,California,2007-11-30,449789.17443350115
54,State,Texas,2007-11-30,149900.08318343665
14,State,Florida,2007-11-30,237245.68466927132
43,State,New York,2007-11-30,287241.27779563935
47,State,Pennsylvania,2007-11-30,175210.02336520058
21,State,Illinois,2007-11-30,215469.3507690737
44,State,Ohio,2007-11-30,132380.6708491967
16,State,Georgia,2007-11-30,174767.44025757187
36,State,North Carolina,2007-11-30,176067.3253154202
30,State,Michigan,2007-11-30,142728.58226426668
40,State,New Jersey,2007-11-30,364313.6187815603
56,State,Virginia,2007-11-30,266272.87520178646
59,State,Washington,2007-11-30,330410.5635060133
8,State,Arizona,2007-11-30,264507.2761445477
26,State,Massachusetts,2007-11-30,354196.1659614357
53,State,Tennessee,2007-11-30,155751.44730976457
22,State,Indiana,2007-11-30,121987.0021927039
27,State,Maryland,2007-11-30,343467.673967987
32,State,Missouri,2007-11-30,145126.5148193763
60,State,Wisconsin,2007-11-30,184999.35285325116
10,State,Colorado,2007-11-30,244492.20527506832
31,State,Minnesota,2007-11-30,212689.44356382333
51,State,South Carolina,2007-11-30,168389.55708642458
4,State,Alabama,2007-11-30,141553.84327488326
25,State,Louisiana,2007-11-30,168064.40436302006
24,State,Kentucky,2007-11-30,119422.26213875892
46,State,Oregon,2007-11-30,281763.9428839134
45,State,Oklahoma,2007-11-30,114715.38701878564
11,State,Connecticut,2007-11-30,311857.6623066706
55,State,Utah,2007-11-30,250629.9691719954
19,State,Iowa,2007-11-30,125910.64468525012
42,State,Nevada,2007-11-30,308998.263936912
6,State,Arkansas,2007-11-30,129282.19402095076
34,State,Mississippi,2007-11-30,129510.55562616816
23,State,Kansas,2007-11-30,124087.48337902648
41,State,New Mexico,2007-11-30,197156.61434054887
38,State,Nebraska,2007-11-30,136267.8746480492
20,State,Idaho,2007-11-30,208441.173175654
61,State,West Virginia,2007-11-30,107653.1072206084
18,State,Hawaii,2007-11-30,476458.1026648379
39,State,New Hampshire,2007-11-30,258372.3331173646
28,State,Maine,2007-11-30,209910.9893211268
50,State,Rhode Island,2007-11-30,291833.1483105386
35,State,Montana,2007-11-30,196270.60728114392
13,State,Delaware,2007-11-30,284489.85958893015
52,State,South Dakota,2007-11-30,147639.193718424
37,State,North Dakota,2007-11-30,
3,State,Alaska,2007-11-30,252022.77638043163
12,State,District of Columbia,2007-11-30,397675.2970453555
58,State,Vermont,2007-11-30,227182.5345566083
62,State,Wyoming,2007-11-30,207336.3791543692
9,State,California,2007-12-31,443771.23582699033
54,State,Texas,2007-12-31,150256.80187061723
14,State,Florida,2007-12-31,233802.66625211653
43,State,New York,2007-12-31,287355.11454959324
47,State,Pennsylvania,2007-12-31,175296.65620379223
21,State,Illinois,2007-12-31,214671.93982219868
44,State,Ohio,2007-12-31,131923.1562223401
16,State,Georgia,2007-12-31,174335.67310782228
36,State,North Carolina,2007-12-31,176235.70021306895
30,State,Michigan,2007-12-31,141745.13723076726
40,State,New Jersey,2007-12-31,362704.8931176295
56,State,Virginia,2007-12-31,264948.8560517276
59,State,Washington,2007-12-31,328854.1140799094
8,State,Arizona,2007-12-31,260945.02079252448
26,State,Massachusetts,2007-12-31,352470.19158587465
53,State,Tennessee,2007-12-31,155476.91427558425
22,State,Indiana,2007-12-31,122332.45286199496
27,State,Maryland,2007-12-31,340526.89961413364
32,State,Missouri,2007-12-31,144773.83493663403
60,State,Wisconsin,2007-12-31,184937.55665841457
10,State,Colorado,2007-12-31,243601.3373585553
31,State,Minnesota,2007-12-31,211424.8837574777
51,State,South Carolina,2007-12-31,168226.21058784588
4,State,Alabama,2007-12-31,141455.07852730856
25,State,Louisiana,2007-12-31,168157.2273788613
24,State,Kentucky,2007-12-31,119426.77139879012
46,State,Oregon,2007-12-31,280796.7121303116
45,State,Oklahoma,2007-12-31,114856.02943084862
11,State,Connecticut,2007-12-31,310657.5393280203
55,State,Utah,2007-12-31,251927.3328487419
19,State,Iowa,2007-12-31,126098.39841622736
42,State,Nevada,2007-12-31,302886.713624356
6,State,Arkansas,2007-12-31,129277.74463370588
34,State,Mississippi,2007-12-31,129431.42369929512
23,State,Kansas,2007-12-31,124045.69051086098
41,State,New Mexico,2007-12-31,197243.184337073
38,State,Nebraska,2007-12-31,135914.9712640758
20,State,Idaho,2007-12-31,208825.00848452127
61,State,West Virginia,2007-12-31,107742.66684874675
18,State,Hawaii,2007-12-31,476177.2592740247
39,State,New Hampshire,2007-12-31,257138.23849891048
28,State,Maine,2007-12-31,210015.09544577365
50,State,Rhode Island,2007-12-31,291073.92602151766
35,State,Montana,2007-12-31,197041.37709242207
13,State,Delaware,2007-12-31,283390.7795278034
52,State,South Dakota,2007-12-31,148218.74756772575
37,State,North Dakota,2007-12-31,
3,State,Alaska,2007-12-31,252772.5506262754
12,State,District of Columbia,2007-12-31,397433.19795822975
58,State,Vermont,2007-12-31,227827.3683897491
62,State,Wyoming,2007-12-31,207742.7676133555
9,State,California,2008-01-31,437778.75292176224
54,State,Texas,2008-01-31,150112.61853512863
14,State,Florida,2008-01-31,230062.0797724049
43,State,New York,2008-01-31,287425.51259387546
47,State,Pennsylvania,2008-01-31,175251.4859405594
21,State,Illinois,2008-01-31,213801.74209550128
44,State,Ohio,2008-01-31,131431.66568161958
16,State,Georgia,2008-01-31,173685.97242257898
36,State,North Carolina,2008-01-31,176348.29912803028
30,State,Michigan,2008-01-31,140740.80219459007
40,State,New Jersey,2008-01-31,361293.79609759105
56,State,Virginia,2008-01-31,263415.77246272983
59,State,Washington,2008-01-31,327309.2712009323
8,State,Arizona,2008-01-31,257131.14267521747
26,State,Massachusetts,2008-01-31,350674.9124226758
53,State,Tennessee,2008-01-31,155020.4180048803
22,State,Indiana,2008-01-31,122564.7260312774
27,State,Maryland,2008-01-31,337981.2588933898
32,State,Missouri,2008-01-31,144456.42884709104
60,State,Wisconsin,2008-01-31,184818.2196094296
10,State,Colorado,2008-01-31,242557.5355522159
31,State,Minnesota,2008-01-31,209964.26753433747
51,State,South Carolina,2008-01-31,168175.4821428139
4,State,Alabama,2008-01-31,141240.61782172453
25,State,Louisiana,2008-01-31,168261.26963807017
24,State,Kentucky,2008-01-31,119370.31471501838
46,State,Oregon,2008-01-31,279375.7956198565
45,State,Oklahoma,2008-01-31,114907.56908399687
11,State,Connecticut,2008-01-31,308600.2730530267
55,State,Utah,2008-01-31,252786.56000054508
19,State,Iowa,2008-01-31,126341.09502633529
42,State,Nevada,2008-01-31,295241.2036491047
6,State,Arkansas,2008-01-31,129233.22943934878
34,State,Mississippi,2008-01-31,129394.04285010842
23,State,Kansas,2008-01-31,123955.3180995706
41,State,New Mexico,2008-01-31,197210.7554709245
38,State,Nebraska,2008-01-31,135545.5351540242
20,State,Idaho,2008-01-31,209234.6698543896
61,State,West Virginia,2008-01-31,107878.2957010317
18,State,Hawaii,2008-01-31,475541.66447731754
39,State,New Hampshire,2008-01-31,255734.11490192404
28,State,Maine,2008-01-31,210108.02874668696
50,State,Rhode Island,2008-01-31,289980.12321565737
35,State,Montana,2008-01-31,197754.32940071577
13,State,Delaware,2008-01-31,281593.37227070244
52,State,South Dakota,2008-01-31,148889.93974500967
37,State,North Dakota,2008-01-31,
3,State,Alaska,2008-01-31,253368.9193417224
12,State,District of Columbia,2008-01-31,396813.7285653309
58,State,Vermont,2008-01-31,228937.7056785501
62,State,Wyoming,2008-01-31,208006.52666553215
9,State,California,2008-02-29,430705.7615548921
54,State,Texas,2008-02-29,149695.69259999398
14,State,Florida,2008-02-29,226370.23220938825
43,State,New York,2008-02-29,287284.8592647262
47,State,Pennsylvania,2008-02-29,175219.76648593484
21,State,Illinois,2008-02-29,212089.28030173125
44,State,Ohio,2008-02-29,130958.09439670974
16,State,Georgia,2008-02-29,172955.51275724487
36,State,North Carolina,2008-02-29,176415.73489554354
30,State,Michigan,2008-02-29,139581.38519505752
40,State,New Jersey,2008-02-29,360166.83808791125
56,State,Virginia,2008-02-29,261697.51859495547
59,State,Washington,2008-02-29,325912.03871164186
8,State,Arizona,2008-02-29,252547.8830119816
26,State,Massachusetts,2008-02-29,348638.7583540729
53,State,Tennessee,2008-02-29,154581.92691876084
22,State,Indiana,2008-02-29,122632.4307186958
27,State,Maryland,2008-02-29,335939.85927364865
32,State,Missouri,2008-02-29,144308.19274498185
60,State,Wisconsin,2008-02-29,184486.1085332079
10,State,Colorado,2008-02-29,241608.74264735557
31,State,Minnesota,2008-02-29,208279.20999398225
51,State,South Carolina,2008-02-29,168063.6045300434
4,State,Alabama,2008-02-29,141022.11412939767
25,State,Louisiana,2008-02-29,168212.58397000367
24,State,Kentucky,2008-02-29,119341.74196543865
46,State,Oregon,2008-02-29,278286.69190940465
45,State,Oklahoma,2008-02-29,114973.93870410448
11,State,Connecticut,2008-02-29,306382.7196985259
55,State,Utah,2008-02-29,252924.2259315436
19,State,Iowa,2008-02-29,126455.94020573462
42,State,Nevada,2008-02-29,286910.54036118113
6,State,Arkansas,2008-02-29,129246.17268421943
34,State,Mississippi,2008-02-29,129260.4325391444
23,State,Kansas,2008-02-29,123894.7867908278
41,State,New Mexico,2008-02-29,197059.2362839665
38,State,Nebraska,2008-02-29,135018.6966921871
20,State,Idaho,2008-02-29,210002.42592536917
61,State,West Virginia,2008-02-29,108086.671793908
18,State,Hawaii,2008-02-29,474598.77769225725
39,State,New Hampshire,2008-02-29,254577.62214785625
28,State,Maine,2008-02-29,210221.1572167428
50,State,Rhode Island,2008-02-29,288150.5094861734
35,State,Montana,2008-02-29,198219.38891652916
13,State,Delaware,2008-02-29,279918.2991615525
52,State,South Dakota,2008-02-29,149444.61205324993
37,State,North Dakota,2008-02-29,
3,State,Alaska,2008-02-29,253432.7253194965
12,State,District of Columbia,2008-02-29,395948.983198288
58,State,Vermont,2008-02-29,229356.4550678934
62,State,Wyoming,2008-02-29,208243.94612111725
9,State,California,2008-03-31,422256.6358893807
54,State,Texas,2008-03-31,149081.81064692128
14,State,Florida,2008-03-31,222427.37042774493
43,State,New York,2008-03-31,287124.46497257927
47,State,Pennsylvania,2008-03-31,175150.90747558873
21,State,Illinois,2008-03-31,211286.55035641277
44,State,Ohio,2008-03-31,130571.09013471272
16,State,Georgia,2008-03-31,172069.35344755475
36,State,North Carolina,2008-03-31,176498.47351231574
30,State,Michigan,2008-03-31,138178.51795031645
40,State,New Jersey,2008-03-31,358742.6400255594
56,State,Virginia,2008-03-31,259676.05334467956
59,State,Washington,2008-03-31,324508.4310418993
8,State,Arizona,2008-03-31,247516.39145851575
26,State,Massachusetts,2008-03-31,346408.18469464645
53,State,Tennessee,2008-03-31,154211.99863103774
22,State,Indiana,2008-03-31,122591.24847507822
27,State,Maryland,2008-03-31,333891.9845031524
32,State,Missouri,2008-03-31,144202.64921453953
60,State,Wisconsin,2008-03-31,183883.6874849846
10,State,Colorado,2008-03-31,240698.61832677564
31,State,Minnesota,2008-03-31,206645.04921592903
51,State,South Carolina,2008-03-31,167796.6571318762
4,State,Alabama,2008-03-31,140770.32454520804
25,State,Louisiana,2008-03-31,168126.98441801325
24,State,Kentucky,2008-03-31,119316.74365288916
46,State,Oregon,2008-03-31,276950.96817490016
45,State,Oklahoma,2008-03-31,114865.32829103502
11,State,Connecticut,2008-03-31,303794.140354234
55,State,Utah,2008-03-31,252184.42710040224
19,State,Iowa,2008-03-31,126393.9033225247
42,State,Nevada,2008-03-31,278346.0893216672
6,State,Arkansas,2008-03-31,129280.48447009844
34,State,Mississippi,2008-03-31,129171.92413512604
23,State,Kansas,2008-03-31,123949.04166384623
41,State,New Mexico,2008-03-31,196733.0251414164
38,State,Nebraska,2008-03-31,134578.8049097093
20,State,Idaho,2008-03-31,210248.97018213183
61,State,West Virginia,2008-03-31,108261.00169678772
18,State,Hawaii,2008-03-31,474421.6337651822
39,State,New Hampshire,2008-03-31,253310.4272397356
28,State,Maine,2008-03-31,210161.55790496353
50,State,Rhode Island,2008-03-31,286199.97808779054
35,State,Montana,2008-03-31,197996.8429228343
13,State,Delaware,2008-03-31,279102.00001739076
52,State,South Dakota,2008-03-31,149790.977174166
37,State,North Dakota,2008-03-31,
3,State,Alaska,2008-03-31,253464.69285582085
12,State,District of Columbia,2008-03-31,394832.67917098495
58,State,Vermont,2008-03-31,229493.16283977692
62,State,Wyoming,2008-03-31,208450.41423623377
9,State,California,2008-04-30,412352.52776929503
54,State,Texas,2008-04-30,148759.66457545222
14,State,Florida,2008-04-30,218587.98854885212
43,State,New York,2008-04-30,286759.3244111548
47,State,Pennsylvania,2008-04-30,175103.00176670324
21,State,Illinois,2008-04-30,209789.4918822964
44,State,Ohio,2008-04-30,130235.89427368507
16,State,Georgia,2008-04-30,171307.22228941694
36,State,North Carolina,2008-04-30,176542.2811657442
30,State,Michigan,2008-04-30,136545.98834054935
40,State,New Jersey,2008-04-30,356568.12282685935
56,State,Virginia,2008-04-30,257374.99183912776
59,State,Washington,2008-04-30,322596.4586397819
8,State,Arizona,2008-04-30,241658.7061123892
26,State,Massachusetts,2008-04-30,344312.7928841698
53,State,Tennessee,2008-04-30,154008.29363201524
22,State,Indiana,2008-04-30,122496.4174113122
27,State,Maryland,2008-04-30,331409.2920637387
32,State,Missouri,2008-04-30,143945.5111173154
60,State,Wisconsin,2008-04-30,183127.53189255425
10,State,Colorado,2008-04-30,239897.45109236296
31,State,Minnesota,2008-04-30,205056.45583943103
51,State,South Carolina,2008-04-30,167460.2032593556
4,State,Alabama,2008-04-30,140581.36997763
25,State,Louisiana,2008-04-30,168001.31548863134
24,State,Kentucky,2008-04-30,119162.2265191026
46,State,Oregon,2008-04-30,275589.5405120365
45,State,Oklahoma,2008-04-30,114877.85406516782
11,State,Connecticut,2008-04-30,301793.6338129021
55,State,Utah,2008-04-30,250802.46010651943
19,State,Iowa,2008-04-30,126203.93296295156
42,State,Nevada,2008-04-30,270982.12900083023
6,State,Arkansas,2008-04-30,129337.99499394954
34,State,Mississippi,2008-04-30,128834.32595950364
23,State,Kansas,2008-04-30,124047.25805921596
41,State,New Mexico,2008-04-30,196243.9829478343
38,State,Nebraska,2008-04-30,134313.7334087227
20,State,Idaho,2008-04-30,210106.1520553122
61,State,West Virginia,2008-04-30,108414.63930940248
18,State,Hawaii,2008-04-30,474590.7660746672
39,State,New Hampshire,2008-04-30,252280.73984692348
28,State,Maine,2008-04-30,209537.35529104748
50,State,Rhode Island,2008-04-30,284108.1841707567
35,State,Montana,2008-04-30,197607.381396972
13,State,Delaware,2008-04-30,278720.7950477483
52,State,South Dakota,2008-04-30,149873.87366310123
37,State,North Dakota,2008-04-30,
3,State,Alaska,2008-04-30,253222.00669604295
12,State,District of Columbia,2008-04-30,393225.89261061576
58,State,Vermont,2008-04-30,228825.24680792977
62,State,Wyoming,2008-04-30,208484.3104759199
9,State,California,2008-05-31,401810.2184876027
54,State,Texas,2008-05-31,148528.81437295448
14,State,Florida,2008-05-31,214463.15350886164
43,State,New York,2008-05-31,286148.7777639677
47,State,Pennsylvania,2008-05-31,174891.20288432844
21,State,Illinois,2008-05-31,209262.8223704983
44,State,Ohio,2008-05-31,129964.4061965255
16,State,Georgia,2008-05-31,170577.03926955373
36,State,North Carolina,2008-05-31,176492.47766031636
30,State,Michigan,2008-05-31,134951.60405410294
40,State,New Jersey,2008-05-31,353609.7103279052
56,State,Virginia,2008-05-31,254923.92635733692
59,State,Washington,2008-05-31,320080.1948322242
8,State,Arizona,2008-05-31,237071.87121648024
26,State,Massachusetts,2008-05-31,342506.6948339129
53,State,Tennessee,2008-05-31,153865.81638866747
22,State,Indiana,2008-05-31,122357.01026232938
27,State,Maryland,2008-05-31,328150.76678697864
32,State,Missouri,2008-05-31,143589.69676049877
60,State,Wisconsin,2008-05-31,182423.8658370881
10,State,Colorado,2008-05-31,239002.0614038736
31,State,Minnesota,2008-05-31,203643.8053363231
51,State,South Carolina,2008-05-31,167143.25611912264
4,State,Alabama,2008-05-31,140459.88348266354
25,State,Louisiana,2008-05-31,167956.57412115412
24,State,Kentucky,2008-05-31,118965.65530633468
46,State,Oregon,2008-05-31,273678.6909800174
45,State,Oklahoma,2008-05-31,114921.04892520764
11,State,Connecticut,2008-05-31,300211.85894307314
55,State,Utah,2008-05-31,249026.89249063397
19,State,Iowa,2008-05-31,126064.72791225516
42,State,Nevada,2008-05-31,264937.1141764238
6,State,Arkansas,2008-05-31,129287.6436173755
34,State,Mississippi,2008-05-31,128242.62316514742
23,State,Kansas,2008-05-31,124251.5689194882
41,State,New Mexico,2008-05-31,195631.59407602964
38,State,Nebraska,2008-05-31,134157.86725183495
20,State,Idaho,2008-05-31,208864.29233985316
61,State,West Virginia,2008-05-31,108553.53498485044
18,State,Hawaii,2008-05-31,475948.33261961193
39,State,New Hampshire,2008-05-31,250405.7914196157
28,State,Maine,2008-05-31,208474.85980872277
50,State,Rhode Island,2008-05-31,281652.92131493293
35,State,Montana,2008-05-31,197391.51572247557
13,State,Delaware,2008-05-31,278081.7863865386
52,State,South Dakota,2008-05-31,149867.9192028986
37,State,North Dakota,2008-05-31,
3,State,Alaska,2008-05-31,253258.7790706256
12,State,District of Columbia,2008-05-31,391568.315146698
58,State,Vermont,2008-05-31,228249.8488541257
62,State,Wyoming,2008-05-31,208345.18272906577
9,State,California,2008-06-30,391572.4053907716
54,State,Texas,2008-06-30,148321.78780933624
14,State,Florida,2008-06-30,210451.76359018873
43,State,New York,2008-06-30,285315.4052725618
47,State,Pennsylvania,2008-06-30,174553.2203616262
21,State,Illinois,2008-06-30,207529.55177001827
44,State,Ohio,2008-06-30,129655.7359915633
16,State,Georgia,2008-06-30,169810.02027350655
36,State,North Carolina,2008-06-30,176255.0505760172
30,State,Michigan,2008-06-30,133396.25728142305
40,State,New Jersey,2008-06-30,350567.8707530657
56,State,Virginia,2008-06-30,252792.43848001657
59,State,Washington,2008-06-30,317164.3062443438
8,State,Arizona,2008-06-30,232592.7253697367
26,State,Massachusetts,2008-06-30,340901.8921464575
53,State,Tennessee,2008-06-30,153673.43368605172
22,State,Indiana,2008-06-30,122223.42653096096
27,State,Maryland,2008-06-30,324347.14992770023
32,State,Missouri,2008-06-30,143139.9129304514
60,State,Wisconsin,2008-06-30,181912.7041046354
10,State,Colorado,2008-06-30,238121.06887723148
31,State,Minnesota,2008-06-30,202355.9338734377
51,State,South Carolina,2008-06-30,166859.60711341564
4,State,Alabama,2008-06-30,140443.38486030578
25,State,Louisiana,2008-06-30,167952.21304557085
24,State,Kentucky,2008-06-30,118760.83745293097
46,State,Oregon,2008-06-30,271592.05154096865
45,State,Oklahoma,2008-06-30,115150.28048439672
11,State,Connecticut,2008-06-30,298905.19974221545
55,State,Utah,2008-06-30,246966.02709791833
19,State,Iowa,2008-06-30,125937.70218663686
42,State,Nevada,2008-06-30,258425.7991103843
6,State,Arkansas,2008-06-30,129115.8030191542
34,State,Mississippi,2008-06-30,127582.75241527062
23,State,Kansas,2008-06-30,124439.0757058983
41,State,New Mexico,2008-06-30,194824.5319546894
38,State,Nebraska,2008-06-30,134002.39081313586
20,State,Idaho,2008-06-30,207441.92519927135
61,State,West Virginia,2008-06-30,108752.58545258496
18,State,Hawaii,2008-06-30,476408.3730135728
39,State,New Hampshire,2008-06-30,248296.4686561451
28,State,Maine,2008-06-30,206866.94520625423
50,State,Rhode Island,2008-06-30,279020.63315613364
35,State,Montana,2008-06-30,197643.3812735905
13,State,Delaware,2008-06-30,276488.2171151266
52,State,South Dakota,2008-06-30,149941.10280410748
37,State,North Dakota,2008-06-30,
3,State,Alaska,2008-06-30,253164.7709893083
12,State,District of Columbia,2008-06-30,389959.8417210707
58,State,Vermont,2008-06-30,227615.12576011472
62,State,Wyoming,2008-06-30,208024.97216874643
9,State,California,2008-07-31,381203.6251862007
54,State,Texas,2008-07-31,148150.6162143643
14,State,Florida,2008-07-31,206350.3080883541
43,State,New York,2008-07-31,284210.991251351
47,State,Pennsylvania,2008-07-31,173952.09574105954
21,State,Illinois,2008-07-31,206404.45773239943
44,State,Ohio,2008-07-31,129355.76010618528
16,State,Georgia,2008-07-31,168893.43819066352
36,State,North Carolina,2008-07-31,175854.75388450557
30,State,Michigan,2008-07-31,131825.73087375786
40,State,New Jersey,2008-07-31,347653.3049380022
56,State,Virginia,2008-07-31,250617.39794878368
59,State,Washington,2008-07-31,314322.6590502676
8,State,Arizona,2008-07-31,227928.6667135761
26,State,Massachusetts,2008-07-31,339099.33380869793
53,State,Tennessee,2008-07-31,153340.79365198483
22,State,Indiana,2008-07-31,122024.16451305216
27,State,Maryland,2008-07-31,319956.0530541982
32,State,Missouri,2008-07-31,142668.26772523337
60,State,Wisconsin,2008-07-31,181415.23979304833
10,State,Colorado,2008-07-31,237082.02444528355
31,State,Minnesota,2008-07-31,200961.4421685116
51,State,South Carolina,2008-07-31,166343.60243766138
4,State,Alabama,2008-07-31,140389.13285090923
25,State,Louisiana,2008-07-31,167953.03351332212
24,State,Kentucky,2008-07-31,118684.15808742474
46,State,Oregon,2008-07-31,269450.85631041246
45,State,Oklahoma,2008-07-31,115257.58528893784
11,State,Connecticut,2008-07-31,297356.48590364674
55,State,Utah,2008-07-31,244826.1340381545
19,State,Iowa,2008-07-31,125817.95548257531
42,State,Nevada,2008-07-31,251436.8953844946
6,State,Arkansas,2008-07-31,128902.32696248656
34,State,Mississippi,2008-07-31,126886.13220739504
23,State,Kansas,2008-07-31,124516.54884951288
41,State,New Mexico,2008-07-31,193878.13684489703
38,State,Nebraska,2008-07-31,133825.42656380424
20,State,Idaho,2008-07-31,205981.67270950033
61,State,West Virginia,2008-07-31,108993.85718506626
18,State,Hawaii,2008-07-31,473569.744780938
39,State,New Hampshire,2008-07-31,246038.8802806658
28,State,Maine,2008-07-31,205410.16777748475
50,State,Rhode Island,2008-07-31,275970.2434021348
35,State,Montana,2008-07-31,197922.1023916354
13,State,Delaware,2008-07-31,274470.0469924148
52,State,South Dakota,2008-07-31,150043.03799890945
37,State,North Dakota,2008-07-31,
3,State,Alaska,2008-07-31,253140.233265731
12,State,District of Columbia,2008-07-31,387538.6893230893
58,State,Vermont,2008-07-31,226844.85860673687
62,State,Wyoming,2008-07-31,207772.05731874405
9,State,California,2008-08-31,371221.4740946297
54,State,Texas,2008-08-31,147785.78881414383
14,State,Florida,2008-08-31,202086.1084498931
43,State,New York,2008-08-31,283016.45985848806
47,State,Pennsylvania,2008-08-31,173169.64080839473
21,State,Illinois,2008-08-31,204296.326468276
44,State,Ohio,2008-08-31,128996.29177257504
16,State,Georgia,2008-08-31,167834.64990128353
36,State,North Carolina,2008-08-31,175386.9806591672
30,State,Michigan,2008-08-31,129966.79632127233
40,State,New Jersey,2008-08-31,344858.97096360667
56,State,Virginia,2008-08-31,248213.4839780697
59,State,Washington,2008-08-31,311236.92067341035
8,State,Arizona,2008-08-31,222081.30898223608
26,State,Massachusetts,2008-08-31,337027.9219572717
53,State,Tennessee,2008-08-31,152860.58303162226
22,State,Indiana,2008-08-31,121707.70061835072
27,State,Maryland,2008-08-31,315599.95599120035
32,State,Missouri,2008-08-31,142151.87099943325
60,State,Wisconsin,2008-08-31,180853.2747999978
10,State,Colorado,2008-08-31,236090.6064734744
31,State,Minnesota,2008-08-31,199225.86467150095
51,State,South Carolina,2008-08-31,165664.68688128202
4,State,Alabama,2008-08-31,140142.90300093076
25,State,Louisiana,2008-08-31,168010.99390904413
24,State,Kentucky,2008-08-31,118680.64194188605
46,State,Oregon,2008-08-31,267134.73745901114
45,State,Oklahoma,2008-08-31,115268.60668975866
11,State,Connecticut,2008-08-31,295259.68915444607
55,State,Utah,2008-08-31,242498.55620227577
19,State,Iowa,2008-08-31,125719.19776265524
42,State,Nevada,2008-08-31,244112.42095159317
6,State,Arkansas,2008-08-31,128606.36602208672
34,State,Mississippi,2008-08-31,126336.30665686323
23,State,Kansas,2008-08-31,124591.27121374196
41,State,New Mexico,2008-08-31,192833.03748492515
38,State,Nebraska,2008-08-31,133594.26207308346
20,State,Idaho,2008-08-31,204536.58337724433
61,State,West Virginia,2008-08-31,109185.29752652354
18,State,Hawaii,2008-08-31,468349.3220886495
39,State,New Hampshire,2008-08-31,244024.6991786973
28,State,Maine,2008-08-31,203990.71540896097
50,State,Rhode Island,2008-08-31,272711.33312385174
35,State,Montana,2008-08-31,197836.34898145837
13,State,Delaware,2008-08-31,272191.8252044577
52,State,South Dakota,2008-08-31,150227.3698588652
37,State,North Dakota,2008-08-31,
3,State,Alaska,2008-08-31,253335.85317598985
12,State,District of Columbia,2008-08-31,384316.9535801594
58,State,Vermont,2008-08-31,226394.95834712125
62,State,Wyoming,2008-08-31,207545.42101886764
9,State,California,2008-09-30,361999.18222749623
54,State,Texas,2008-09-30,147257.92216533434
14,State,Florida,2008-09-30,197749.4913254328
43,State,New York,2008-09-30,281681.3738080903
47,State,Pennsylvania,2008-09-30,172344.11809716112
21,State,Illinois,2008-09-30,202503.73297836023
44,State,Ohio,2008-09-30,128568.11435838215
16,State,Georgia,2008-09-30,166707.0522970797
36,State,North Carolina,2008-09-30,174889.61579645725
30,State,Michigan,2008-09-30,128156.11920572876
40,State,New Jersey,2008-09-30,342001.630608075
56,State,Virginia,2008-09-30,245728.69653779303
59,State,Washington,2008-09-30,308082.67899865337
8,State,Arizona,2008-09-30,216200.02208440984
26,State,Massachusetts,2008-09-30,334433.1275275561
53,State,Tennessee,2008-09-30,152294.0136459866
22,State,Indiana,2008-09-30,121289.46615186508
27,State,Maryland,2008-09-30,311180.11585517897
32,State,Missouri,2008-09-30,141658.47660833024
60,State,Wisconsin,2008-09-30,180141.83617422546
10,State,Colorado,2008-09-30,235257.85666307792
31,State,Minnesota,2008-09-30,197245.92786320555
51,State,South Carolina,2008-09-30,164922.41264599483
4,State,Alabama,2008-09-30,139842.8632818003
25,State,Louisiana,2008-09-30,168036.86151935664
24,State,Kentucky,2008-09-30,118710.75018115572
46,State,Oregon,2008-09-30,264730.8636787325
45,State,Oklahoma,2008-09-30,115265.09442769208
11,State,Connecticut,2008-09-30,292671.95117656764
55,State,Utah,2008-09-30,240481.26618326828
19,State,Iowa,2008-09-30,125673.2496018265
42,State,Nevada,2008-09-30,236724.56995917813
6,State,Arkansas,2008-09-30,128317.04872781578
34,State,Mississippi,2008-09-30,125802.76812505627
23,State,Kansas,2008-09-30,124545.1746725908
41,State,New Mexico,2008-09-30,191861.16624127017
38,State,Nebraska,2008-09-30,133215.63297045027
20,State,Idaho,2008-09-30,202983.11120662885
61,State,West Virginia,2008-09-30,108642.98793207364
18,State,Hawaii,2008-09-30,462218.46592436265
39,State,New Hampshire,2008-09-30,242134.15909131287
28,State,Maine,2008-09-30,202924.1425129891
50,State,Rhode Island,2008-09-30,269289.97045156785
35,State,Montana,2008-09-30,197656.0678504836
13,State,Delaware,2008-09-30,270182.6873074722
52,State,South Dakota,2008-09-30,150404.86174626864
37,State,North Dakota,2008-09-30,
3,State,Alaska,2008-09-30,253432.2282322616
12,State,District of Columbia,2008-09-30,381452.0959524687
58,State,Vermont,2008-09-30,225935.61533178692
62,State,Wyoming,2008-09-30,207283.9300484615
9,State,California,2008-10-31,354024.21935173636
54,State,Texas,2008-10-31,146630.0293958645
14,State,Florida,2008-10-31,193363.1062691732
43,State,New York,2008-10-31,280076.91819245875
47,State,Pennsylvania,2008-10-31,171627.5049113482
21,State,Illinois,2008-10-31,200071.1263945069
44,State,Ohio,2008-10-31,128009.21942506824
16,State,Georgia,2008-10-31,165452.44430001942
36,State,North Carolina,2008-10-31,174382.58156019304
30,State,Michigan,2008-10-31,126589.42198990338
40,State,New Jersey,2008-10-31,338977.2909228888
56,State,Virginia,2008-10-31,243627.03060747232
59,State,Washington,2008-10-31,305098.91714579426
8,State,Arizona,2008-10-31,211042.0585054234
26,State,Massachusetts,2008-10-31,331625.9221375942
53,State,Tennessee,2008-10-31,151762.77665383802
22,State,Indiana,2008-10-31,120945.67093958308
27,State,Maryland,2008-10-31,307012.3266781243
32,State,Missouri,2008-10-31,141212.6831097354
60,State,Wisconsin,2008-10-31,179154.7332382706
10,State,Colorado,2008-10-31,234599.58919076025
31,State,Minnesota,2008-10-31,195173.26443478675
51,State,South Carolina,2008-10-31,164242.51579538797
4,State,Alabama,2008-10-31,139418.30958549518
25,State,Louisiana,2008-10-31,168000.72851771608
24,State,Kentucky,2008-10-31,118727.8485213278
46,State,Oregon,2008-10-31,262287.94894604554
45,State,Oklahoma,2008-10-31,115339.89128194626
11,State,Connecticut,2008-10-31,289956.3939418515
55,State,Utah,2008-10-31,238600.71005789065
19,State,Iowa,2008-10-31,125582.22741983614
42,State,Nevada,2008-10-31,229711.47219124425
6,State,Arkansas,2008-10-31,127970.71832332088
34,State,Mississippi,2008-10-31,125388.53105815062
23,State,Kansas,2008-10-31,124507.43286151612
41,State,New Mexico,2008-10-31,190740.14572448065
38,State,Nebraska,2008-10-31,132713.44588195893
20,State,Idaho,2008-10-31,201279.7054580533
61,State,West Virginia,2008-10-31,
18,State,Hawaii,2008-10-31,458307.4863443415
39,State,New Hampshire,2008-10-31,240044.64975490025
28,State,Maine,2008-10-31,201985.6841961136
50,State,Rhode Island,2008-10-31,265819.4782909577
35,State,Montana,2008-10-31,197425.5946627259
13,State,Delaware,2008-10-31,267981.7332020078
52,State,South Dakota,2008-10-31,150634.44539793744
37,State,North Dakota,2008-10-31,
3,State,Alaska,2008-10-31,253664.84642002295
12,State,District of Columbia,2008-10-31,379851.4553410762
58,State,Vermont,2008-10-31,225458.5061446209
62,State,Wyoming,2008-10-31,206921.9152589393
9,State,California,2008-11-30,346292.69750789757
54,State,Texas,2008-11-30,146014.02542391664
14,State,Florida,2008-11-30,189050.19228966
43,State,New York,2008-11-30,278320.44855869474
47,State,Pennsylvania,2008-11-30,170952.95400483673
21,State,Illinois,2008-11-30,197792.19365024296
44,State,Ohio,2008-11-30,127447.50710092236
16,State,Georgia,2008-11-30,163888.22771801392
36,State,North Carolina,2008-11-30,173746.03055297871
30,State,Michigan,2008-11-30,125173.2272708271
40,State,New Jersey,2008-11-30,335765.2268669891
56,State,Virginia,2008-11-30,241886.6699078225
59,State,Washington,2008-11-30,302227.3296547976
8,State,Arizona,2008-11-30,205236.69748082012
26,State,Massachusetts,2008-11-30,328787.3213726875
53,State,Tennessee,2008-11-30,151205.4158493974
22,State,Indiana,2008-11-30,120627.06494962396
27,State,Maryland,2008-11-30,303519.26632324705
32,State,Missouri,2008-11-30,140643.21586839974
60,State,Wisconsin,2008-11-30,177964.52569226586
10,State,Colorado,2008-11-30,233858.9293381025
31,State,Minnesota,2008-11-30,193270.95892369415
51,State,South Carolina,2008-11-30,163357.71731055086
4,State,Alabama,2008-11-30,139054.54662515517
25,State,Louisiana,2008-11-30,167703.5794772836
24,State,Kentucky,2008-11-30,118664.86677732135
46,State,Oregon,2008-11-30,259925.2336022232
45,State,Oklahoma,2008-11-30,115308.88905138613
11,State,Connecticut,2008-11-30,287389.3852209687
55,State,Utah,2008-11-30,236890.46366846075
19,State,Iowa,2008-11-30,125482.53942310302
42,State,Nevada,2008-11-30,222131.10024315972
6,State,Arkansas,2008-11-30,127650.54687505496
34,State,Mississippi,2008-11-30,125111.24290682208
23,State,Kansas,2008-11-30,124222.1148327428
41,State,New Mexico,2008-11-30,189631.95891786492
38,State,Nebraska,2008-11-30,132133.37727048193
20,State,Idaho,2008-11-30,199487.21528361508
61,State,West Virginia,2008-11-30,106797.16141359133
18,State,Hawaii,2008-11-30,454969.23248009785
39,State,New Hampshire,2008-11-30,238415.2888645126
28,State,Maine,2008-11-30,201264.1016390591
50,State,Rhode Island,2008-11-30,262442.31956430344
35,State,Montana,2008-11-30,197405.06833780496
13,State,Delaware,2008-11-30,266135.7892509903
52,State,South Dakota,2008-11-30,150894.33919733798
37,State,North Dakota,2008-11-30,
3,State,Alaska,2008-11-30,253733.29128312584
12,State,District of Columbia,2008-11-30,378524.0966756383
58,State,Vermont,2008-11-30,224946.56089132256
62,State,Wyoming,2008-11-30,206647.5589226049
9,State,California,2008-12-31,338874.52191109705
54,State,Texas,2008-12-31,145444.40461295407
14,State,Florida,2008-12-31,184926.6047299787
43,State,New York,2008-12-31,276636.2013430123
47,State,Pennsylvania,2008-12-31,170225.86865075643
21,State,Illinois,2008-12-31,195115.77609426412
44,State,Ohio,2008-12-31,126779.72076856803
16,State,Georgia,2008-12-31,162001.7401299425
36,State,North Carolina,2008-12-31,172984.08066023208
30,State,Michigan,2008-12-31,123503.95034199068
40,State,New Jersey,2008-12-31,332823.9168210607
56,State,Virginia,2008-12-31,240316.2136722835
59,State,Washington,2008-12-31,299239.9028826779
8,State,Arizona,2008-12-31,199225.9271308236
26,State,Massachusetts,2008-12-31,326239.2675006187
53,State,Tennessee,2008-12-31,150629.76135310784
22,State,Indiana,2008-12-31,120236.53801818988
27,State,Maryland,2008-12-31,300292.88687844045
32,State,Missouri,2008-12-31,140027.6703229243
60,State,Wisconsin,2008-12-31,176779.8246802943
10,State,Colorado,2008-12-31,233032.65462061812
31,State,Minnesota,2008-12-31,191553.62739555436
51,State,South Carolina,2008-12-31,162447.43603189805
4,State,Alabama,2008-12-31,138522.65244744334
25,State,Louisiana,2008-12-31,167368.81789311903
24,State,Kentucky,2008-12-31,118554.34614607664
46,State,Oregon,2008-12-31,257442.57471430895
45,State,Oklahoma,2008-12-31,115189.2986270013
11,State,Connecticut,2008-12-31,285241.17219958286
55,State,Utah,2008-12-31,235002.4581552081
19,State,Iowa,2008-12-31,125368.41190861998
42,State,Nevada,2008-12-31,215479.74785028017
6,State,Arkansas,2008-12-31,127283.12848274964
34,State,Mississippi,2008-12-31,124922.93825107638
23,State,Kansas,2008-12-31,123918.18957296056
41,State,New Mexico,2008-12-31,188706.61268092316
38,State,Nebraska,2008-12-31,131532.9814268902
20,State,Idaho,2008-12-31,197592.13826842603
61,State,West Virginia,2008-12-31,106409.48430482628
18,State,Hawaii,2008-12-31,451902.9048314784
39,State,New Hampshire,2008-12-31,236731.09467939343
28,State,Maine,2008-12-31,200249.93886920088
50,State,Rhode Island,2008-12-31,258870.26169904583
35,State,Montana,2008-12-31,197338.2321065679
13,State,Delaware,2008-12-31,264321.529306805
52,State,South Dakota,2008-12-31,151110.81797671472
37,State,North Dakota,2008-12-31,
3,State,Alaska,2008-12-31,253699.73545729576
12,State,District of Columbia,2008-12-31,376750.55093393446
58,State,Vermont,2008-12-31,224489.92424686375
62,State,Wyoming,2008-12-31,206507.13087937445
9,State,California,2009-01-31,331940.1738056154
54,State,Texas,2009-01-31,144926.150320025
14,State,Florida,2009-01-31,181048.21721783423
43,State,New York,2009-01-31,275078.30997091363
47,State,Pennsylvania,2009-01-31,169484.29555467228
21,State,Illinois,2009-01-31,192230.07204764255
44,State,Ohio,2009-01-31,126009.44733108586
16,State,Georgia,2009-01-31,160082.11031466775
36,State,North Carolina,2009-01-31,172145.54193660233
30,State,Michigan,2009-01-31,121430.88189526532
40,State,New Jersey,2009-01-31,330570.59108851245
56,State,Virginia,2009-01-31,238609.74811931248
59,State,Washington,2009-01-31,296547.2679930041
8,State,Arizona,2009-01-31,193643.09645021195
26,State,Massachusetts,2009-01-31,324033.03696496476
53,State,Tennessee,2009-01-31,150098.99840198734
22,State,Indiana,2009-01-31,119873.98673516363
27,State,Maryland,2009-01-31,297145.97396581346
32,State,Missouri,2009-01-31,139423.69482332547
60,State,Wisconsin,2009-01-31,175240.6150797415
10,State,Colorado,2009-01-31,232238.73380415468
31,State,Minnesota,2009-01-31,189933.29270386815
51,State,South Carolina,2009-01-31,161401.47483174954
4,State,Alabama,2009-01-31,138076.19577606354
25,State,Louisiana,2009-01-31,167044.31538167465
24,State,Kentucky,2009-01-31,118465.17230602023
46,State,Oregon,2009-01-31,255282.01597298493
45,State,Oklahoma,2009-01-31,115020.0234540432
11,State,Connecticut,2009-01-31,283350.5090702436
55,State,Utah,2009-01-31,232677.5315637265
19,State,Iowa,2009-01-31,125206.71548284164
42,State,Nevada,2009-01-31,208766.25039298556
6,State,Arkansas,2009-01-31,126884.30930118612
34,State,Mississippi,2009-01-31,124629.64761905264
23,State,Kansas,2009-01-31,123492.69259103083
41,State,New Mexico,2009-01-31,188057.5729278768
38,State,Nebraska,2009-01-31,131001.8408417562
20,State,Idaho,2009-01-31,195528.8180206192
61,State,West Virginia,2009-01-31,106484.72213166632
18,State,Hawaii,2009-01-31,449207.75899290753
39,State,New Hampshire,2009-01-31,235668.1466106033
28,State,Maine,2009-01-31,199046.35908299033
50,State,Rhode Island,2009-01-31,255312.7214867505
35,State,Montana,2009-01-31,197217.1901468211
13,State,Delaware,2009-01-31,262841.3855623443
52,State,South Dakota,2009-01-31,151387.46265356464
37,State,North Dakota,2009-01-31,166635.26538317485
3,State,Alaska,2009-01-31,253499.98136793743
12,State,District of Columbia,2009-01-31,376085.1805291861
58,State,Vermont,2009-01-31,224271.31297715043
62,State,Wyoming,2009-01-31,206492.3470612316
9,State,California,2009-02-28,326890.3306578663
54,State,Texas,2009-02-28,144653.98312796874
14,State,Florida,2009-02-28,177601.99304174577
43,State,New York,2009-02-28,273737.6810919362
47,State,Pennsylvania,2009-02-28,168997.0390966355
21,State,Illinois,2009-02-28,189930.61822259185
44,State,Ohio,2009-02-28,125165.76017946668
16,State,Georgia,2009-02-28,158360.94550478685
36,State,North Carolina,2009-02-28,171515.19670756374
30,State,Michigan,2009-02-28,119284.17380971804
40,State,New Jersey,2009-02-28,328735.03714937577
56,State,Virginia,2009-02-28,236961.1111875032
59,State,Washington,2009-02-28,293778.4661641121
8,State,Arizona,2009-02-28,190073.57347878232
26,State,Massachusetts,2009-02-28,321925.0337973621
53,State,Tennessee,2009-02-28,149690.69717173814
22,State,Indiana,2009-02-28,119555.79590363972
27,State,Maryland,2009-02-28,293738.3716744732
32,State,Missouri,2009-02-28,138979.7168574416
60,State,Wisconsin,2009-02-28,174147.52625634224
10,State,Colorado,2009-02-28,231759.26240096855
31,State,Minnesota,2009-02-28,188406.6328055469
51,State,South Carolina,2009-02-28,160452.84019114124
4,State,Alabama,2009-02-28,137566.63174739762
25,State,Louisiana,2009-02-28,166943.5285420562
24,State,Kentucky,2009-02-28,118431.81164262776
46,State,Oregon,2009-02-28,252943.64101853236
45,State,Oklahoma,2009-02-28,114764.58837622008
11,State,Connecticut,2009-02-28,282149.2252817961
55,State,Utah,2009-02-28,230363.91276338385
19,State,Iowa,2009-02-28,124990.7245363626
42,State,Nevada,2009-02-28,203453.4433144308
6,State,Arkansas,2009-02-28,126415.48289154372
34,State,Mississippi,2009-02-28,124301.16478726816
23,State,Kansas,2009-02-28,123253.69031739006
41,State,New Mexico,2009-02-28,187383.51493289633
38,State,Nebraska,2009-02-28,130689.31405039856
20,State,Idaho,2009-02-28,193283.4870328532
61,State,West Virginia,2009-02-28,106644.87641175288
18,State,Hawaii,2009-02-28,445689.7960433807
39,State,New Hampshire,2009-02-28,234592.42238597805
28,State,Maine,2009-02-28,197938.93671632823
50,State,Rhode Island,2009-02-28,252011.94897669437
35,State,Montana,2009-02-28,196830.5751711712
13,State,Delaware,2009-02-28,261440.1195479647
52,State,South Dakota,2009-02-28,151431.1396373767
37,State,North Dakota,2009-02-28,166645.44169890112
3,State,Alaska,2009-02-28,253681.9865206046
12,State,District of Columbia,2009-02-28,376193.1460903981
58,State,Vermont,2009-02-28,224171.8872298753
62,State,Wyoming,2009-02-28,206382.5039806493
9,State,California,2009-03-31,322707.8227747661
54,State,Texas,2009-03-31,144542.3059338214
14,State,Florida,2009-03-31,174362.19222635071
43,State,New York,2009-03-31,272549.30112985877
47,State,Pennsylvania,2009-03-31,168756.31134458835
21,State,Illinois,2009-03-31,187688.85050784933
44,State,Ohio,2009-03-31,124402.72809892408
16,State,Georgia,2009-03-31,156813.17009252543
36,State,North Carolina,2009-03-31,171016.18186216865
30,State,Michigan,2009-03-31,117203.28451388162
40,State,New Jersey,2009-03-31,326963.5029797275
56,State,Virginia,2009-03-31,235345.82500958783
59,State,Washington,2009-03-31,290878.4109805062
8,State,Arizona,2009-03-31,186873.16027088207
26,State,Massachusetts,2009-03-31,319770.2726104686
53,State,Tennessee,2009-03-31,149296.81835968653
22,State,Indiana,2009-03-31,119374.20714925008
27,State,Maryland,2009-03-31,290207.975541945
32,State,Missouri,2009-03-31,138643.03569767598
60,State,Wisconsin,2009-03-31,173230.07788817823
10,State,Colorado,2009-03-31,231434.26704361732
31,State,Minnesota,2009-03-31,186643.9797716864
51,State,South Carolina,2009-03-31,159670.6724518889
4,State,Alabama,2009-03-31,137068.94183625196
25,State,Louisiana,2009-03-31,166914.1552172281
24,State,Kentucky,2009-03-31,118378.54009390224
46,State,Oregon,2009-03-31,250603.59588133183
45,State,Oklahoma,2009-03-31,114577.49568839364
11,State,Connecticut,2009-03-31,280722.62507706735
55,State,Utah,2009-03-31,228036.43224342717
19,State,Iowa,2009-03-31,124801.43835684413
42,State,Nevada,2009-03-31,198245.03121997576
6,State,Arkansas,2009-03-31,125917.8624855341
34,State,Mississippi,2009-03-31,124026.19920489122
23,State,Kansas,2009-03-31,123155.2691168853
41,State,New Mexico,2009-03-31,186171.49599348367
38,State,Nebraska,2009-03-31,130875.776168535
20,State,Idaho,2009-03-31,190969.73943449603
61,State,West Virginia,2009-03-31,106831.53760161751
18,State,Hawaii,2009-03-31,442319.03572803485
39,State,New Hampshire,2009-03-31,233661.92039310097
28,State,Maine,2009-03-31,196800.3939928884
50,State,Rhode Island,2009-03-31,248795.08896629472
35,State,Montana,2009-03-31,196474.26164216732
13,State,Delaware,2009-03-31,259922.20191017244
52,State,South Dakota,2009-03-31,151350.41051025465
37,State,North Dakota,2009-03-31,166601.22512241968
3,State,Alaska,2009-03-31,254026.25675820067
12,State,District of Columbia,2009-03-31,376075.28565067536
58,State,Vermont,2009-03-31,224025.7246498672
62,State,Wyoming,2009-03-31,205987.24292083285
9,State,California,2009-04-30,318777.6834494179
54,State,Texas,2009-04-30,144525.07454459436
14,State,Florida,2009-04-30,171136.32054510582
43,State,New York,2009-04-30,271537.26869476127
47,State,Pennsylvania,2009-04-30,168611.32464494868
21,State,Illinois,2009-04-30,186271.34646229423
44,State,Ohio,2009-04-30,123865.20319151372
16,State,Georgia,2009-04-30,155168.02551982494
36,State,North Carolina,2009-04-30,170504.6237442896
30,State,Michigan,2009-04-30,115415.33089085226
40,State,New Jersey,2009-04-30,324693.41381040914
56,State,Virginia,2009-04-30,233903.85081407163
59,State,Washington,2009-04-30,287114.0173644091
8,State,Arizona,2009-04-30,183636.55029393497
26,State,Massachusetts,2009-04-30,317892.6119874026
53,State,Tennessee,2009-04-30,148771.15620924463
22,State,Indiana,2009-04-30,119225.17551007592
27,State,Maryland,2009-04-30,286620.63593713497
32,State,Missouri,2009-04-30,138311.4950736823
60,State,Wisconsin,2009-04-30,172995.24412598377
10,State,Colorado,2009-04-30,231186.5942531643
31,State,Minnesota,2009-04-30,185014.17713440105
51,State,South Carolina,2009-04-30,158935.2598897981
4,State,Alabama,2009-04-30,136442.387434167
25,State,Louisiana,2009-04-30,167088.45406977288
24,State,Kentucky,2009-04-30,118281.49988777576
46,State,Oregon,2009-04-30,247942.27491861663
45,State,Oklahoma,2009-04-30,114436.86965175356
11,State,Connecticut,2009-04-30,279349.5625115074
55,State,Utah,2009-04-30,226211.4059018296
19,State,Iowa,2009-04-30,124690.59706687936
42,State,Nevada,2009-04-30,193075.88006123787
6,State,Arkansas,2009-04-30,125417.40795292272
34,State,Mississippi,2009-04-30,123839.57037655586
23,State,Kansas,2009-04-30,123324.08025876227
41,State,New Mexico,2009-04-30,185045.991313164
38,State,Nebraska,2009-04-30,131153.21164005346
20,State,Idaho,2009-04-30,188624.5749235691
61,State,West Virginia,2009-04-30,106745.2379598373
18,State,Hawaii,2009-04-30,438704.4453241459
39,State,New Hampshire,2009-04-30,232038.57572213828
28,State,Maine,2009-04-30,195797.30792198415
50,State,Rhode Island,2009-04-30,246314.07555091183
35,State,Montana,2009-04-30,196054.57980030068
13,State,Delaware,2009-04-30,258473.8191166082
52,State,South Dakota,2009-04-30,151013.92572013204
37,State,North Dakota,2009-04-30,166381.6175172864
3,State,Alaska,2009-04-30,254246.8477555552
12,State,District of Columbia,2009-04-30,374167.78980968794
58,State,Vermont,2009-04-30,223748.4056248665
62,State,Wyoming,2009-04-30,205379.2223857752
9,State,California,2009-05-31,314969.248288833
54,State,Texas,2009-05-31,144524.8807998138
14,State,Florida,2009-05-31,168015.54412109448
43,State,New York,2009-05-31,270607.07976328325
47,State,Pennsylvania,2009-05-31,168359.1351239047
21,State,Illinois,2009-05-31,184591.34227284044
44,State,Ohio,2009-05-31,123485.89759382862
16,State,Georgia,2009-05-31,153451.65436896196
36,State,North Carolina,2009-05-31,169833.1072420162
30,State,Michigan,2009-05-31,113846.08494101772
40,State,New Jersey,2009-05-31,322272.2219715754
56,State,Virginia,2009-05-31,232677.2801208196
59,State,Washington,2009-05-31,283566.492061981
8,State,Arizona,2009-05-31,179999.53821868016
26,State,Massachusetts,2009-05-31,316620.669741112
53,State,Tennessee,2009-05-31,148081.59142237963
22,State,Indiana,2009-05-31,119097.02084538114
27,State,Maryland,2009-05-31,283257.506208993
32,State,Missouri,2009-05-31,137890.50836187197
60,State,Wisconsin,2009-05-31,172573.49089479764
10,State,Colorado,2009-05-31,230877.9091530099
31,State,Minnesota,2009-05-31,183722.86648830216
51,State,South Carolina,2009-05-31,158093.58673010115
4,State,Alabama,2009-05-31,135824.93999352108
25,State,Louisiana,2009-05-31,167165.74532605827
24,State,Kentucky,2009-05-31,118103.76959829936
46,State,Oregon,2009-05-31,245425.9271768532
45,State,Oklahoma,2009-05-31,114485.14369187522
11,State,Connecticut,2009-05-31,277259.8870875815
55,State,Utah,2009-05-31,224333.8302140065
19,State,Iowa,2009-05-31,124625.18586777628
42,State,Nevada,2009-05-31,187068.525769162
6,State,Arkansas,2009-05-31,125015.70727611014
34,State,Mississippi,2009-05-31,123619.98518727148
23,State,Kansas,2009-05-31,123528.80653822116
41,State,New Mexico,2009-05-31,183983.2659019465
38,State,Nebraska,2009-05-31,131553.53378911436
20,State,Idaho,2009-05-31,186392.1466834608
61,State,West Virginia,2009-05-31,106543.9775086206
18,State,Hawaii,2009-05-31,434952.9232477706
39,State,New Hampshire,2009-05-31,230309.60620794076
28,State,Maine,2009-05-31,194002.0881872872
50,State,Rhode Island,2009-05-31,244143.5560804467
35,State,Montana,2009-05-31,195645.42985576624
13,State,Delaware,2009-05-31,256761.62691409644
52,State,South Dakota,2009-05-31,150638.78836207945
37,State,North Dakota,2009-05-31,166020.6439674203
3,State,Alaska,2009-05-31,253903.26187355653
12,State,District of Columbia,2009-05-31,371263.7756444574
58,State,Vermont,2009-05-31,223532.1286831342
62,State,Wyoming,2009-05-31,204943.49828630956
9,State,California,2009-06-30,311640.93439786235
54,State,Texas,2009-06-30,144499.7441108624
14,State,Florida,2009-06-30,165046.88677182418
43,State,New York,2009-06-30,269596.9204004051
47,State,Pennsylvania,2009-06-30,168013.19728244786
21,State,Illinois,2009-06-30,183250.71136641625
44,State,Ohio,2009-06-30,123152.84679472107
16,State,Georgia,2009-06-30,151807.46386226307
36,State,North Carolina,2009-06-30,169073.39588127428
30,State,Michigan,2009-06-30,112410.07501130884
40,State,New Jersey,2009-06-30,319827.9201455465
56,State,Virginia,2009-06-30,231553.5342253222
59,State,Washington,2009-06-30,280439.295501152
8,State,Arizona,2009-06-30,176909.95254749843
26,State,Massachusetts,2009-06-30,315801.41890382674
53,State,Tennessee,2009-06-30,147363.84413522278
22,State,Indiana,2009-06-30,118981.4079118662
27,State,Maryland,2009-06-30,280699.9544480313
32,State,Missouri,2009-06-30,137318.64339362233
60,State,Wisconsin,2009-06-30,172113.2209353831
10,State,Colorado,2009-06-30,230523.30477522573
31,State,Minnesota,2009-06-30,182878.37831747625
51,State,South Carolina,2009-06-30,157061.40871885256
4,State,Alabama,2009-06-30,135179.0335729095
25,State,Louisiana,2009-06-30,167226.18677447888
24,State,Kentucky,2009-06-30,117911.92895937008
46,State,Oregon,2009-06-30,242889.2128509018
45,State,Oklahoma,2009-06-30,114616.24121880293
11,State,Connecticut,2009-06-30,275139.2741990176
55,State,Utah,2009-06-30,222486.02156381248
19,State,Iowa,2009-06-30,124519.96883393772
42,State,Nevada,2009-06-30,180791.57839070717
6,State,Arkansas,2009-06-30,124726.07301474748
34,State,Mississippi,2009-06-30,123321.18812598064
23,State,Kansas,2009-06-30,123760.7078650422
41,State,New Mexico,2009-06-30,183817.16649720623
38,State,Nebraska,2009-06-30,131742.8424649393
20,State,Idaho,2009-06-30,184427.471017406
61,State,West Virginia,2009-06-30,106309.00334763588
18,State,Hawaii,2009-06-30,430399.0987063209
39,State,New Hampshire,2009-06-30,228893.6812240777
28,State,Maine,2009-06-30,192367.3016158777
50,State,Rhode Island,2009-06-30,242392.18954636855
35,State,Montana,2009-06-30,195004.4806231712
13,State,Delaware,2009-06-30,255211.69775363765
52,State,South Dakota,2009-06-30,150249.28341291242
37,State,North Dakota,2009-06-30,165602.80651699757
3,State,Alaska,2009-06-30,253464.11618042257
12,State,District of Columbia,2009-06-30,369106.8719463108
58,State,Vermont,2009-06-30,223179.0314180297
62,State,Wyoming,2009-06-30,204663.69546849676
9,State,California,2009-07-31,309172.66262199846
54,State,Texas,2009-07-31,144511.09009062158
14,State,Florida,2009-07-31,162506.7996491189
43,State,New York,2009-07-31,268549.9712212384
47,State,Pennsylvania,2009-07-31,167634.79711576694
21,State,Illinois,2009-07-31,181934.94426635967
44,State,Ohio,2009-07-31,122754.9981351582
16,State,Georgia,2009-07-31,150418.0587672797
36,State,North Carolina,2009-07-31,168320.43922389648
30,State,Michigan,2009-07-31,111203.48936482164
40,State,New Jersey,2009-07-31,317592.09079793486
56,State,Virginia,2009-07-31,230557.14297803925
59,State,Washington,2009-07-31,278159.78224700416
8,State,Arizona,2009-07-31,174314.4191082808
26,State,Massachusetts,2009-07-31,315209.6286895315
53,State,Tennessee,2009-07-31,146681.5884934505
22,State,Indiana,2009-07-31,118755.8578754939
27,State,Maryland,2009-07-31,278410.5339415815
32,State,Missouri,2009-07-31,136666.7887226385
60,State,Wisconsin,2009-07-31,171482.18823115944
10,State,Colorado,2009-07-31,230001.9325023501
31,State,Minnesota,2009-07-31,182278.47099638847
51,State,South Carolina,2009-07-31,156104.22512312306
4,State,Alabama,2009-07-31,134561.47798278823
25,State,Louisiana,2009-07-31,167124.5951768308
24,State,Kentucky,2009-07-31,117690.31989367255
46,State,Oregon,2009-07-31,240377.7124602242
45,State,Oklahoma,2009-07-31,114762.16778690364
11,State,Connecticut,2009-07-31,272903.774215163
55,State,Utah,2009-07-31,220694.75679897863
19,State,Iowa,2009-07-31,124435.31850416702
42,State,Nevada,2009-07-31,174633.69055773088
6,State,Arkansas,2009-07-31,124444.62963468098
34,State,Mississippi,2009-07-31,123048.23984611676
23,State,Kansas,2009-07-31,123909.30739455012
41,State,New Mexico,2009-07-31,183428.169793556
38,State,Nebraska,2009-07-31,131880.89120453113
20,State,Idaho,2009-07-31,182553.73599994907
61,State,West Virginia,2009-07-31,106037.99846553308
18,State,Hawaii,2009-07-31,425948.1644328228
39,State,New Hampshire,2009-07-31,227790.4802191184
28,State,Maine,2009-07-31,190695.36372678183
50,State,Rhode Island,2009-07-31,240678.09846472176
35,State,Montana,2009-07-31,194235.98154391107
13,State,Delaware,2009-07-31,253874.6986045273
52,State,South Dakota,2009-07-31,149799.27724806493
37,State,North Dakota,2009-07-31,165314.81728821015
3,State,Alaska,2009-07-31,252987.9603654564
12,State,District of Columbia,2009-07-31,366753.6753194246
58,State,Vermont,2009-07-31,222521.51933937744
62,State,Wyoming,2009-07-31,204408.7469811686
9,State,California,2009-08-31,307109.7150633253
54,State,Texas,2009-08-31,144390.11476081828
14,State,Florida,2009-08-31,160166.5336745929
43,State,New York,2009-08-31,267419.84207714535
47,State,Pennsylvania,2009-08-31,167189.77280223105
21,State,Illinois,2009-08-31,180742.7396278324
44,State,Ohio,2009-08-31,122324.1843211822
16,State,Georgia,2009-08-31,149233.0386955447
36,State,North Carolina,2009-08-31,167468.49218589728
30,State,Michigan,2009-08-31,110044.94647751728
40,State,New Jersey,2009-08-31,315661.75251313613
56,State,Virginia,2009-08-31,229525.13173783573
59,State,Washington,2009-08-31,276167.41906777816
8,State,Arizona,2009-08-31,171948.37208806825
26,State,Massachusetts,2009-08-31,314659.6943374512
53,State,Tennessee,2009-08-31,146131.42238938247
22,State,Indiana,2009-08-31,118481.43424700282
27,State,Maryland,2009-08-31,276437.7897343286
32,State,Missouri,2009-08-31,136088.16486703072
60,State,Wisconsin,2009-08-31,170970.77856818517
10,State,Colorado,2009-08-31,229492.40981496047
31,State,Minnesota,2009-08-31,181785.50347156604
51,State,South Carolina,2009-08-31,155340.2402759545
4,State,Alabama,2009-08-31,133921.2976336527
25,State,Louisiana,2009-08-31,166904.5432145246
24,State,Kentucky,2009-08-31,117483.42168506904
46,State,Oregon,2009-08-31,238275.1742150807
45,State,Oklahoma,2009-08-31,114907.6166946624
11,State,Connecticut,2009-08-31,271278.8752739726
55,State,Utah,2009-08-31,218982.90094196447
19,State,Iowa,2009-08-31,124329.61166167668
42,State,Nevada,2009-08-31,169707.71076208787
6,State,Arkansas,2009-08-31,124094.77964739082
34,State,Mississippi,2009-08-31,122700.52438922184
23,State,Kansas,2009-08-31,123997.28663316584
41,State,New Mexico,2009-08-31,183150.38145509432
38,State,Nebraska,2009-08-31,131956.8995866805
20,State,Idaho,2009-08-31,180686.70606228072
61,State,West Virginia,2009-08-31,105824.01538157195
18,State,Hawaii,2009-08-31,422524.80765162344
39,State,New Hampshire,2009-08-31,226811.06049568744
28,State,Maine,2009-08-31,189840.59075299764
50,State,Rhode Island,2009-08-31,239305.92393906563
35,State,Montana,2009-08-31,193334.7624958608
13,State,Delaware,2009-08-31,252999.0930097148
52,State,South Dakota,2009-08-31,149371.31645688784
37,State,North Dakota,2009-08-31,165503.6686027603
3,State,Alaska,2009-08-31,252566.8456616387
12,State,District of Columbia,2009-08-31,364729.7673493385
58,State,Vermont,2009-08-31,221508.4279472197
62,State,Wyoming,2009-08-31,203849.8467062474
9,State,California,2009-09-30,305493.8241015176
54,State,Texas,2009-09-30,144230.49013053984
14,State,Florida,2009-09-30,158023.88885478838
43,State,New York,2009-09-30,266467.96553902543
47,State,Pennsylvania,2009-09-30,166769.26509629178
21,State,Illinois,2009-09-30,179115.3011623797
44,State,Ohio,2009-09-30,121926.24212235888
16,State,Georgia,2009-09-30,148117.607419421
36,State,North Carolina,2009-09-30,166691.6490994358
30,State,Michigan,2009-09-30,109024.18367763895
40,State,New Jersey,2009-09-30,314041.09852677677
56,State,Virginia,2009-09-30,228513.55053925217
59,State,Washington,2009-09-30,274516.7180954725
8,State,Arizona,2009-09-30,169756.0908429101
26,State,Massachusetts,2009-09-30,314306.45828709303
53,State,Tennessee,2009-09-30,145676.986737295
22,State,Indiana,2009-09-30,118187.9182626721
27,State,Maryland,2009-09-30,274160.0339453954
32,State,Missouri,2009-09-30,135551.28764584797
60,State,Wisconsin,2009-09-30,170413.38990044929
10,State,Colorado,2009-09-30,229063.1861956945
31,State,Minnesota,2009-09-30,181171.82761153788
51,State,South Carolina,2009-09-30,154665.91430421223
4,State,Alabama,2009-09-30,133310.52255160446
25,State,Louisiana,2009-09-30,166630.03956566865
24,State,Kentucky,2009-09-30,117259.28742919907
46,State,Oregon,2009-09-30,236752.6438197359
45,State,Oklahoma,2009-09-30,115021.00522115263
11,State,Connecticut,2009-09-30,269894.04582708987
55,State,Utah,2009-09-30,217353.0987194419
19,State,Iowa,2009-09-30,124223.48699814903
42,State,Nevada,2009-09-30,165878.76209564225
6,State,Arkansas,2009-09-30,123682.27542168072
34,State,Mississippi,2009-09-30,122314.74315895536
23,State,Kansas,2009-09-30,123944.32168897468
41,State,New Mexico,2009-09-30,182367.300738662
38,State,Nebraska,2009-09-30,132159.67984960318
20,State,Idaho,2009-09-30,178688.82013575503
61,State,West Virginia,2009-09-30,105144.44949237748
18,State,Hawaii,2009-09-30,418504.058599659
39,State,New Hampshire,2009-09-30,225733.26753832947
28,State,Maine,2009-09-30,189137.4382411909
50,State,Rhode Island,2009-09-30,238409.12946759723
35,State,Montana,2009-09-30,192410.81163314404
13,State,Delaware,2009-09-30,252262.07755809755
52,State,South Dakota,2009-09-30,148936.2808496512
37,State,North Dakota,2009-09-30,165946.60091120776
3,State,Alaska,2009-09-30,252160.9398452814
12,State,District of Columbia,2009-09-30,362349.8253710131
58,State,Vermont,2009-09-30,220531.3691590447
62,State,Wyoming,2009-09-30,203177.9430201406
9,State,California,2009-10-31,304632.44016878447
54,State,Texas,2009-10-31,144018.55318718276
14,State,Florida,2009-10-31,156211.18319582602
43,State,New York,2009-10-31,265731.4373407925
47,State,Pennsylvania,2009-10-31,166482.53658153498
21,State,Illinois,2009-10-31,177531.07602093523
44,State,Ohio,2009-10-31,121640.33259810464
16,State,Georgia,2009-10-31,147012.86479907925
36,State,North Carolina,2009-10-31,166043.96656898843
30,State,Michigan,2009-10-31,107886.35224103367
40,State,New Jersey,2009-10-31,312856.54786435375
56,State,Virginia,2009-10-31,227602.13964501923
59,State,Washington,2009-10-31,273416.6122277033
8,State,Arizona,2009-10-31,167421.8695812687
26,State,Massachusetts,2009-10-31,314025.1430765964
53,State,Tennessee,2009-10-31,145330.79094560837
22,State,Indiana,2009-10-31,117928.29195976828
27,State,Maryland,2009-10-31,272258.1208683679
32,State,Missouri,2009-10-31,135141.1026366979
60,State,Wisconsin,2009-10-31,169858.08932784552
10,State,Colorado,2009-10-31,228836.5986791764
31,State,Minnesota,2009-10-31,180409.00998357937
51,State,South Carolina,2009-10-31,154043.37938323748
4,State,Alabama,2009-10-31,132803.703759932
25,State,Louisiana,2009-10-31,166344.40660464665
24,State,Kentucky,2009-10-31,117094.38133403352
46,State,Oregon,2009-10-31,235714.04071744537
45,State,Oklahoma,2009-10-31,115055.32901522394
11,State,Connecticut,2009-10-31,268798.3286569255
55,State,Utah,2009-10-31,215885.970711694
19,State,Iowa,2009-10-31,124105.84785513116
42,State,Nevada,2009-10-31,163328.25728984096
6,State,Arkansas,2009-10-31,123291.3826379312
34,State,Mississippi,2009-10-31,121869.01111094268
23,State,Kansas,2009-10-31,123905.97619001352
41,State,New Mexico,2009-10-31,182147.0595909974
38,State,Nebraska,2009-10-31,132510.00820479638
20,State,Idaho,2009-10-31,176908.902424666
61,State,West Virginia,2009-10-31,104338.94308538204
18,State,Hawaii,2009-10-31,413997.8448736311
39,State,New Hampshire,2009-10-31,224782.4525873631
28,State,Maine,2009-10-31,188485.47755426844
50,State,Rhode Island,2009-10-31,237907.67303958177
35,State,Montana,2009-10-31,191769.53157442904
13,State,Delaware,2009-10-31,251629.64207987292
52,State,South Dakota,2009-10-31,148589.52092729267
37,State,North Dakota,2009-10-31,166351.5705323551
3,State,Alaska,2009-10-31,251761.38815467397
12,State,District of Columbia,2009-10-31,359861.23136394593
58,State,Vermont,2009-10-31,219821.72579258215
62,State,Wyoming,2009-10-31,202484.8028297903
9,State,California,2009-11-30,305481.0463051567
54,State,Texas,2009-11-30,144063.00085291913
14,State,Florida,2009-11-30,155002.58251153232
43,State,New York,2009-11-30,265260.7558377499
47,State,Pennsylvania,2009-11-30,166424.40278797512
21,State,Illinois,2009-11-30,175982.88356157113
44,State,Ohio,2009-11-30,121355.86889814772
16,State,Georgia,2009-11-30,146030.99599696175
36,State,North Carolina,2009-11-30,165607.2059580396
30,State,Michigan,2009-11-30,106886.61866292356
40,State,New Jersey,2009-11-30,312064.6449543072
56,State,Virginia,2009-11-30,227084.43278701403
59,State,Washington,2009-11-30,272866.12834510906
8,State,Arizona,2009-11-30,166409.74474280246
26,State,Massachusetts,2009-11-30,314063.57910807134
53,State,Tennessee,2009-11-30,145033.9105108622
22,State,Indiana,2009-11-30,117777.60844905624
27,State,Maryland,2009-11-30,270756.64712313225
32,State,Missouri,2009-11-30,135002.68228491626
60,State,Wisconsin,2009-11-30,169259.0603690906
10,State,Colorado,2009-11-30,228856.5911794454
31,State,Minnesota,2009-11-30,179624.06568029468
51,State,South Carolina,2009-11-30,153567.66861329388
4,State,Alabama,2009-11-30,132391.52930113053
25,State,Louisiana,2009-11-30,166240.33488073968
24,State,Kentucky,2009-11-30,116980.35164354484
46,State,Oregon,2009-11-30,234865.57441092157
45,State,Oklahoma,2009-11-30,115178.57591459525
11,State,Connecticut,2009-11-30,267395.9867654341
55,State,Utah,2009-11-30,214837.61213734435
19,State,Iowa,2009-11-30,124015.71272090734
42,State,Nevada,2009-11-30,161409.16379816085
6,State,Arkansas,2009-11-30,123075.34784292385
34,State,Mississippi,2009-11-30,121498.23899151164
23,State,Kansas,2009-11-30,123837.0508087274
41,State,New Mexico,2009-11-30,181795.14857792496
38,State,Nebraska,2009-11-30,132828.66215052945
20,State,Idaho,2009-11-30,175410.5809484341
61,State,West Virginia,2009-11-30,103416.54333948214
18,State,Hawaii,2009-11-30,409920.103005775
39,State,New Hampshire,2009-11-30,224183.12391542675
28,State,Maine,2009-11-30,187767.975589366
50,State,Rhode Island,2009-11-30,237936.42179196925
35,State,Montana,2009-11-30,191209.4315207339
13,State,Delaware,2009-11-30,250942.09731635192
52,State,South Dakota,2009-11-30,148292.2551680118
37,State,North Dakota,2009-11-30,166287.54993407367
3,State,Alaska,2009-11-30,251734.96719457893
12,State,District of Columbia,2009-11-30,358864.7059068964
58,State,Vermont,2009-11-30,219273.355786864
62,State,Wyoming,2009-11-30,201749.75201905856
9,State,California,2009-12-31,307423.39973071055
54,State,Texas,2009-12-31,144193.02535593757
14,State,Florida,2009-12-31,154084.0608433845
43,State,New York,2009-12-31,264944.9705467413
47,State,Pennsylvania,2009-12-31,166514.67334142936
21,State,Illinois,2009-12-31,175191.70413172498
44,State,Ohio,2009-12-31,121114.01516513331
16,State,Georgia,2009-12-31,145248.2296298854
36,State,North Carolina,2009-12-31,165192.80996832068
30,State,Michigan,2009-12-31,105988.52141450637
40,State,New Jersey,2009-12-31,311748.28916114883
56,State,Virginia,2009-12-31,226990.1207961498
59,State,Washington,2009-12-31,272499.6684242234
8,State,Arizona,2009-12-31,166124.77729677505
26,State,Massachusetts,2009-12-31,314637.86979223037
53,State,Tennessee,2009-12-31,144819.04824164714
22,State,Indiana,2009-12-31,117712.00499259555
27,State,Maryland,2009-12-31,269743.8371970087
32,State,Missouri,2009-12-31,135090.27269876716
60,State,Wisconsin,2009-12-31,168768.0364027375
10,State,Colorado,2009-12-31,229063.1531503892
31,State,Minnesota,2009-12-31,179160.62296010918
51,State,South Carolina,2009-12-31,153271.013555896
4,State,Alabama,2009-12-31,132054.2418132369
25,State,Louisiana,2009-12-31,166040.6497765109
24,State,Kentucky,2009-12-31,116965.831608338
46,State,Oregon,2009-12-31,234194.30575990173
45,State,Oklahoma,2009-12-31,115306.69218070227
11,State,Connecticut,2009-12-31,266048.97343219543
55,State,Utah,2009-12-31,214076.46547184364
19,State,Iowa,2009-12-31,123949.36940285994
42,State,Nevada,2009-12-31,159547.61194801738
6,State,Arkansas,2009-12-31,122996.86695629692
34,State,Mississippi,2009-12-31,121207.96207377284
23,State,Kansas,2009-12-31,123766.36281192549
41,State,New Mexico,2009-12-31,181458.67207830152
38,State,Nebraska,2009-12-31,133239.15757324462
20,State,Idaho,2009-12-31,174513.08099525984
61,State,West Virginia,2009-12-31,102944.77588378548
18,State,Hawaii,2009-12-31,408787.563187742
39,State,New Hampshire,2009-12-31,223898.2363597474
28,State,Maine,2009-12-31,187330.3644410918
50,State,Rhode Island,2009-12-31,238060.23185888687
35,State,Montana,2009-12-31,190700.7034626573
13,State,Delaware,2009-12-31,250139.56241820884
52,State,South Dakota,2009-12-31,148189.39662092878
37,State,North Dakota,2009-12-31,166098.84650029594
3,State,Alaska,2009-12-31,252045.1828389171
12,State,District of Columbia,2009-12-31,359896.05059041205
58,State,Vermont,2009-12-31,218879.5315423325
62,State,Wyoming,2009-12-31,201212.24358147228
9,State,California,2010-01-31,309396.1531964113
54,State,Texas,2010-01-31,144256.19412350896
14,State,Florida,2010-01-31,153376.9836723325
43,State,New York,2010-01-31,264714.6635280228
47,State,Pennsylvania,2010-01-31,166771.82387658092
21,State,Illinois,2010-01-31,174419.38162120865
44,State,Ohio,2010-01-31,120882.60553997134
16,State,Georgia,2010-01-31,144519.71514811926
36,State,North Carolina,2010-01-31,164811.4642165384
30,State,Michigan,2010-01-31,105410.69499285762
40,State,New Jersey,2010-01-31,311671.7582424921
56,State,Virginia,2010-01-31,227294.32954020987
59,State,Washington,2010-01-31,271501.6120029417
8,State,Arizona,2010-01-31,166045.1259424355
26,State,Massachusetts,2010-01-31,315740.0180725432
53,State,Tennessee,2010-01-31,144714.8265936789
22,State,Indiana,2010-01-31,117641.7686168361
27,State,Maryland,2010-01-31,269181.33335595543
32,State,Missouri,2010-01-31,135132.69004247434
60,State,Wisconsin,2010-01-31,168645.78551547104
10,State,Colorado,2010-01-31,229581.56008724545
31,State,Minnesota,2010-01-31,178944.06236101282
51,State,South Carolina,2010-01-31,153126.53926998703
4,State,Alabama,2010-01-31,131846.64012024234
25,State,Louisiana,2010-01-31,166020.49172112424
24,State,Kentucky,2010-01-31,116944.75919856085
46,State,Oregon,2010-01-31,233547.85967006037
45,State,Oklahoma,2010-01-31,115500.94390376475
11,State,Connecticut,2010-01-31,264750.8937955167
55,State,Utah,2010-01-31,213330.14609605764
19,State,Iowa,2010-01-31,123951.99161000084
42,State,Nevada,2010-01-31,158457.70947271466
6,State,Arkansas,2010-01-31,123089.36992732342
34,State,Mississippi,2010-01-31,121042.37719732466
23,State,Kansas,2010-01-31,123658.3415519949
41,State,New Mexico,2010-01-31,181238.0026890313
38,State,Nebraska,2010-01-31,133716.876069439
20,State,Idaho,2010-01-31,173427.9678288104
61,State,West Virginia,2010-01-31,102748.26322103408
18,State,Hawaii,2010-01-31,409746.25069734285
39,State,New Hampshire,2010-01-31,223880.91811099983
28,State,Maine,2010-01-31,187037.0607069324
50,State,Rhode Island,2010-01-31,238988.80551064992
35,State,Montana,2010-01-31,189950.04062982777
13,State,Delaware,2010-01-31,249584.58950687255
52,State,South Dakota,2010-01-31,148272.11465481727
37,State,North Dakota,2010-01-31,166010.49442258052
3,State,Alaska,2010-01-31,252793.0815900421
12,State,District of Columbia,2010-01-31,361733.05848580814
58,State,Vermont,2010-01-31,218567.38690407385
62,State,Wyoming,2010-01-31,200866.906518154
9,State,California,2010-02-28,310220.3084516039
54,State,Texas,2010-02-28,144242.05731097955
14,State,Florida,2010-02-28,152761.2549149268
43,State,New York,2010-02-28,264695.91010232776
47,State,Pennsylvania,2010-02-28,167130.3485589684
21,State,Illinois,2010-02-28,174061.03435112783
44,State,Ohio,2010-02-28,120828.34640740968
16,State,Georgia,2010-02-28,143892.70583801036
36,State,North Carolina,2010-02-28,164396.1202011517
30,State,Michigan,2010-02-28,104859.94121376696
40,State,New Jersey,2010-02-28,311748.652579237
56,State,Virginia,2010-02-28,227654.19383879067
59,State,Washington,2010-02-28,270360.8691636958
8,State,Arizona,2010-02-28,165181.27372241995
26,State,Massachusetts,2010-02-28,317170.7423224615
53,State,Tennessee,2010-02-28,144648.44099329397
22,State,Indiana,2010-02-28,117653.48660394317
27,State,Maryland,2010-02-28,268541.6139364171
32,State,Missouri,2010-02-28,134962.51451551585
60,State,Wisconsin,2010-02-28,168853.88561830632
10,State,Colorado,2010-02-28,230189.2713517316
31,State,Minnesota,2010-02-28,179022.83190533836
51,State,South Carolina,2010-02-28,152937.64528456784
4,State,Alabama,2010-02-28,131698.38016723853
25,State,Louisiana,2010-02-28,166058.4699397656
24,State,Kentucky,2010-02-28,116922.50436593314
46,State,Oregon,2010-02-28,233036.49256827173
45,State,Oklahoma,2010-02-28,115655.45388414602
11,State,Connecticut,2010-02-28,264082.7414331971
55,State,Utah,2010-02-28,212628.53671163495
19,State,Iowa,2010-02-28,124027.80736442596
42,State,Nevada,2010-02-28,157532.74290379268
6,State,Arkansas,2010-02-28,123196.40406714178
34,State,Mississippi,2010-02-28,120967.22568339657
23,State,Kansas,2010-02-28,123494.89395865356
41,State,New Mexico,2010-02-28,181234.16736185772
38,State,Nebraska,2010-02-28,134167.78479458994
20,State,Idaho,2010-02-28,172618.5907163203
61,State,West Virginia,2010-02-28,102760.21151522693
18,State,Hawaii,2010-02-28,412825.8721382221
39,State,New Hampshire,2010-02-28,223702.02597007665
28,State,Maine,2010-02-28,186982.15092593525
50,State,Rhode Island,2010-02-28,240029.66219248105
35,State,Montana,2010-02-28,189247.32481452703
13,State,Delaware,2010-02-28,249357.69877584605
52,State,South Dakota,2010-02-28,148348.405729736
37,State,North Dakota,2010-02-28,165900.00174376374
3,State,Alaska,2010-02-28,253069.6823046417
12,State,District of Columbia,2010-02-28,362361.60720002366
58,State,Vermont,2010-02-28,218442.4350913152
62,State,Wyoming,2010-02-28,200804.4649095937
9,State,California,2010-03-31,311273.31387109804
54,State,Texas,2010-03-31,144268.08578095085
14,State,Florida,2010-03-31,152341.82533635444
43,State,New York,2010-03-31,264775.49327308167
47,State,Pennsylvania,2010-03-31,167628.6534196225
21,State,Illinois,2010-03-31,173217.14392585852
44,State,Ohio,2010-03-31,120802.36704981404
16,State,Georgia,2010-03-31,143389.14713954902
36,State,North Carolina,2010-03-31,164064.27152840365
30,State,Michigan,2010-03-31,104510.77056862552
40,State,New Jersey,2010-03-31,311687.6427113293
56,State,Virginia,2010-03-31,228037.05293394483
59,State,Washington,2010-03-31,269260.09953226993
8,State,Arizona,2010-03-31,164100.53490510862
26,State,Massachusetts,2010-03-31,318363.0470980359
53,State,Tennessee,2010-03-31,144672.24990161727
22,State,Indiana,2010-03-31,117670.8073112754
27,State,Maryland,2010-03-31,268088.59092451545
32,State,Missouri,2010-03-31,134898.5477061684
60,State,Wisconsin,2010-03-31,169236.31468216938
10,State,Colorado,2010-03-31,230723.0756253796
31,State,Minnesota,2010-03-31,179481.65391057872
51,State,South Carolina,2010-03-31,152680.0881690162
4,State,Alabama,2010-03-31,131418.57198505514
25,State,Louisiana,2010-03-31,166303.8906571007
24,State,Kentucky,2010-03-31,116973.2019743995
46,State,Oregon,2010-03-31,232888.05569266368
45,State,Oklahoma,2010-03-31,115890.6121414306
11,State,Connecticut,2010-03-31,264067.063215846
55,State,Utah,2010-03-31,212026.5626940482
19,State,Iowa,2010-03-31,124255.01397806108
42,State,Nevada,2010-03-31,156727.3236898845
6,State,Arkansas,2010-03-31,123335.37320494137
34,State,Mississippi,2010-03-31,120881.20583422588
23,State,Kansas,2010-03-31,123535.07870701842
41,State,New Mexico,2010-03-31,181499.17066348737
38,State,Nebraska,2010-03-31,134333.65537718512
20,State,Idaho,2010-03-31,171586.5842891369
61,State,West Virginia,2010-03-31,102991.27215442449
18,State,Hawaii,2010-03-31,414882.7989481723
39,State,New Hampshire,2010-03-31,223297.3883126667
28,State,Maine,2010-03-31,187383.03692533253
50,State,Rhode Island,2010-03-31,241187.35705188135
35,State,Montana,2010-03-31,188867.24977540955
13,State,Delaware,2010-03-31,249344.7976230271
52,State,South Dakota,2010-03-31,148471.95668703702
37,State,North Dakota,2010-03-31,165610.8217589508
3,State,Alaska,2010-03-31,253292.5082597212
12,State,District of Columbia,2010-03-31,362041.6345509731
58,State,Vermont,2010-03-31,218578.99549276903
62,State,Wyoming,2010-03-31,200809.7372232241
9,State,California,2010-04-30,312584.84772915114
54,State,Texas,2010-04-30,144450.00722185549
14,State,Florida,2010-04-30,151975.61573806827
43,State,New York,2010-04-30,265174.62210579246
47,State,Pennsylvania,2010-04-30,168112.91141229062
21,State,Illinois,2010-04-30,173314.48538664347
44,State,Ohio,2010-04-30,120844.4123615795
16,State,Georgia,2010-04-30,143162.30718671173
36,State,North Carolina,2010-04-30,163911.63665851942
30,State,Michigan,2010-04-30,104359.27013516636
40,State,New Jersey,2010-04-30,311582.39653242513
56,State,Virginia,2010-04-30,228449.07939660177
59,State,Washington,2010-04-30,269196.67778654856
8,State,Arizona,2010-04-30,163570.20273254905
26,State,Massachusetts,2010-04-30,319564.4590655362
53,State,Tennessee,2010-04-30,144727.6874496957
22,State,Indiana,2010-04-30,117839.98737223384
27,State,Maryland,2010-04-30,267737.1960375649
32,State,Missouri,2010-04-30,135055.54685010365
60,State,Wisconsin,2010-04-30,169591.053068152
10,State,Colorado,2010-04-30,230888.48020668316
31,State,Minnesota,2010-04-30,180033.12085300594
51,State,South Carolina,2010-04-30,152493.23418005448
4,State,Alabama,2010-04-30,131022.20089084044
25,State,Louisiana,2010-04-30,166451.78959857684
24,State,Kentucky,2010-04-30,117120.49614631286
46,State,Oregon,2010-04-30,232674.96930971305
45,State,Oklahoma,2010-04-30,116205.44890940712
11,State,Connecticut,2010-04-30,264799.37367626
55,State,Utah,2010-04-30,211715.81400284008
19,State,Iowa,2010-04-30,124483.51925085136
42,State,Nevada,2010-04-30,155463.85760971307
6,State,Arkansas,2010-04-30,123436.27650578304
34,State,Mississippi,2010-04-30,120742.13084707547
23,State,Kansas,2010-04-30,123649.815119083
41,State,New Mexico,2010-04-30,181201.22756230805
38,State,Nebraska,2010-04-30,134724.344086588
20,State,Idaho,2010-04-30,170911.56563413423
61,State,West Virginia,2010-04-30,103289.63051208395
18,State,Hawaii,2010-04-30,417240.9715505896
39,State,New Hampshire,2010-04-30,222714.7416269392
28,State,Maine,2010-04-30,188335.45831889912
50,State,Rhode Island,2010-04-30,241369.19832022153
35,State,Montana,2010-04-30,188711.4811511479
13,State,Delaware,2010-04-30,249146.0766353823
52,State,South Dakota,2010-04-30,148606.0692371231
37,State,North Dakota,2010-04-30,165261.0786551153
3,State,Alaska,2010-04-30,253439.64727484845
12,State,District of Columbia,2010-04-30,363094.2856203255
58,State,Vermont,2010-04-30,218764.9943297863
62,State,Wyoming,2010-04-30,200909.66451511244
9,State,California,2010-05-31,314028.92063612834
54,State,Texas,2010-05-31,144660.09687593332
14,State,Florida,2010-05-31,151500.7994899141
43,State,New York,2010-05-31,265601.46197655046
47,State,Pennsylvania,2010-05-31,168430.6488871905
21,State,Illinois,2010-05-31,172972.8516350659
44,State,Ohio,2010-05-31,120842.21955724584
16,State,Georgia,2010-05-31,142972.72993169527
36,State,North Carolina,2010-05-31,163857.37605600688
30,State,Michigan,2010-05-31,104487.26688038003
40,State,New Jersey,2010-05-31,311306.1958869331
56,State,Virginia,2010-05-31,228822.7628064888
59,State,Washington,2010-05-31,269441.9230153148
8,State,Arizona,2010-05-31,162904.52767285806
26,State,Massachusetts,2010-05-31,320352.34907665616
53,State,Tennessee,2010-05-31,144817.159212189
22,State,Indiana,2010-05-31,117930.71336237944
27,State,Maryland,2010-05-31,267812.19489857863
32,State,Missouri,2010-05-31,135257.52614189035
60,State,Wisconsin,2010-05-31,169802.21667842416
10,State,Colorado,2010-05-31,230592.01779319128
31,State,Minnesota,2010-05-31,180527.9107454264
51,State,South Carolina,2010-05-31,152431.28572673735
4,State,Alabama,2010-05-31,130552.48933175276
25,State,Louisiana,2010-05-31,166612.42788720637
24,State,Kentucky,2010-05-31,117293.2219552636
46,State,Oregon,2010-05-31,231979.82229085415
45,State,Oklahoma,2010-05-31,116531.2399169478
11,State,Connecticut,2010-05-31,265476.6447669311
55,State,Utah,2010-05-31,211377.61846449043
19,State,Iowa,2010-05-31,124650.0225768138
42,State,Nevada,2010-05-31,154189.7806995814
6,State,Arkansas,2010-05-31,123539.31478765556
34,State,Mississippi,2010-05-31,120541.04378025088
23,State,Kansas,2010-05-31,123887.23443340494
41,State,New Mexico,2010-05-31,180760.63452768777
38,State,Nebraska,2010-05-31,135017.11888525612
20,State,Idaho,2010-05-31,170275.94339428106
61,State,West Virginia,2010-05-31,103570.14895908193
18,State,Hawaii,2010-05-31,418079.36848507286
39,State,New Hampshire,2010-05-31,222271.989750146
28,State,Maine,2010-05-31,189263.74834307097
50,State,Rhode Island,2010-05-31,241040.491703609
35,State,Montana,2010-05-31,188873.3566025656
13,State,Delaware,2010-05-31,248942.58543391956
52,State,South Dakota,2010-05-31,148860.77848177415
37,State,North Dakota,2010-05-31,165184.53954805757
3,State,Alaska,2010-05-31,253960.8044459003
12,State,District of Columbia,2010-05-31,366320.01342986495
58,State,Vermont,2010-05-31,218892.2975637276
62,State,Wyoming,2010-05-31,201261.4813719714
9,State,California,2010-06-30,313962.771829699
54,State,Texas,2010-06-30,144707.603699796
14,State,Florida,2010-06-30,150784.7937723353
43,State,New York,2010-06-30,266172.3519426541
47,State,Pennsylvania,2010-06-30,168486.64574211664
21,State,Illinois,2010-06-30,173289.9138061121
44,State,Ohio,2010-06-30,120785.63195510228
16,State,Georgia,2010-06-30,142664.3698033795
36,State,North Carolina,2010-06-30,163718.4892803909
30,State,Michigan,2010-06-30,104695.39470603436
40,State,New Jersey,2010-06-30,310832.3850391525
56,State,Virginia,2010-06-30,228849.48070108425
59,State,Washington,2010-06-30,269085.94181568077
8,State,Arizona,2010-06-30,162087.31848026713
26,State,Massachusetts,2010-06-30,320974.6164697307
53,State,Tennessee,2010-06-30,144795.62710352062
22,State,Indiana,2010-06-30,118007.93210027691
27,State,Maryland,2010-06-30,267782.69684920186
32,State,Missouri,2010-06-30,135163.63796948644
60,State,Wisconsin,2010-06-30,169658.18949820678
10,State,Colorado,2010-06-30,229925.46558564575
31,State,Minnesota,2010-06-30,180518.56102046472
51,State,South Carolina,2010-06-30,152289.49730721445
4,State,Alabama,2010-06-30,130083.77311473047
25,State,Louisiana,2010-06-30,166752.99437190633
24,State,Kentucky,2010-06-30,117317.55570240135
46,State,Oregon,2010-06-30,230778.1097779055
45,State,Oklahoma,2010-06-30,116664.16178140952
11,State,Connecticut,2010-06-30,265999.3076481111
55,State,Utah,2010-06-30,210545.49599588013
19,State,Iowa,2010-06-30,124632.58139326006
42,State,Nevada,2010-06-30,153510.27410251286
6,State,Arkansas,2010-06-30,123546.121800169
34,State,Mississippi,2010-06-30,120329.56703044736
23,State,Kansas,2010-06-30,124032.6431081928
41,State,New Mexico,2010-06-30,179764.1423331902
38,State,Nebraska,2010-06-30,135126.34737137417
20,State,Idaho,2010-06-30,168994.8134598718
61,State,West Virginia,2010-06-30,103837.49035335572
18,State,Hawaii,2010-06-30,420142.1304329217
39,State,New Hampshire,2010-06-30,221934.05983081364
28,State,Maine,2010-06-30,189234.99887982837
50,State,Rhode Island,2010-06-30,240723.553489779
35,State,Montana,2010-06-30,188845.86168600316
13,State,Delaware,2010-06-30,248725.42077185065
52,State,South Dakota,2010-06-30,149045.32353186852
37,State,North Dakota,2010-06-30,165400.87154894616
3,State,Alaska,2010-06-30,254232.98478542804
12,State,District of Columbia,2010-06-30,369855.1639938811
58,State,Vermont,2010-06-30,218910.4194295332
62,State,Wyoming,2010-06-30,201627.86414651157
9,State,California,2010-07-31,312804.5756514348
54,State,Texas,2010-07-31,144451.1426646772
14,State,Florida,2010-07-31,149792.4842634724
43,State,New York,2010-07-31,266537.75083579676
47,State,Pennsylvania,2010-07-31,168229.91519059287
21,State,Illinois,2010-07-31,172051.84190419418
44,State,Ohio,2010-07-31,120528.17065856644
16,State,Georgia,2010-07-31,141912.57895692697
36,State,North Carolina,2010-07-31,163291.44071934008
30,State,Michigan,2010-07-31,104623.1861498367
40,State,New Jersey,2010-07-31,309991.958077241
56,State,Virginia,2010-07-31,228272.46516000692
59,State,Washington,2010-07-31,267521.60820304794
8,State,Arizona,2010-07-31,160150.4364232824
26,State,Massachusetts,2010-07-31,320809.6252894275
53,State,Tennessee,2010-07-31,144641.98507405914
22,State,Indiana,2010-07-31,117947.59896556876
27,State,Maryland,2010-07-31,267285.3832769705
32,State,Missouri,2010-07-31,134769.06403357003
60,State,Wisconsin,2010-07-31,169177.50274048888
10,State,Colorado,2010-07-31,228996.8700992173
31,State,Minnesota,2010-07-31,180123.66894518552
51,State,South Carolina,2010-07-31,151918.39609785742
4,State,Alabama,2010-07-31,129473.95647594518
25,State,Louisiana,2010-07-31,166724.4298542418
24,State,Kentucky,2010-07-31,117221.3299175348
46,State,Oregon,2010-07-31,229288.040228494
45,State,Oklahoma,2010-07-31,116534.68035828194
11,State,Connecticut,2010-07-31,265734.6745403648
55,State,Utah,2010-07-31,209068.0170125759
19,State,Iowa,2010-07-31,124489.50680331604
42,State,Nevada,2010-07-31,152865.24067381813
6,State,Arkansas,2010-07-31,123362.8511512215
34,State,Mississippi,2010-07-31,120010.4605760234
23,State,Kansas,2010-07-31,123955.50437946252
41,State,New Mexico,2010-07-31,178672.54759540828
38,State,Nebraska,2010-07-31,134530.4990835196
20,State,Idaho,2010-07-31,167254.0764068273
61,State,West Virginia,2010-07-31,104035.90113872584
18,State,Hawaii,2010-07-31,421507.9854318835
39,State,New Hampshire,2010-07-31,221847.7447281088
28,State,Maine,2010-07-31,188396.3301153347
50,State,Rhode Island,2010-07-31,240587.857183053
35,State,Montana,2010-07-31,188696.38525792692
13,State,Delaware,2010-07-31,248341.4798196562
52,State,South Dakota,2010-07-31,149148.9238375305
37,State,North Dakota,2010-07-31,165976.42595605223
3,State,Alaska,2010-07-31,254414.6513579972
12,State,District of Columbia,2010-07-31,371842.8394010584
58,State,Vermont,2010-07-31,219150.66316410832
62,State,Wyoming,2010-07-31,201728.6044511817
9,State,California,2010-08-31,310826.20609640377
54,State,Texas,2010-08-31,143955.80905560224
14,State,Florida,2010-08-31,148553.32347330885
43,State,New York,2010-08-31,266449.4126370379
47,State,Pennsylvania,2010-08-31,167742.20642286766
21,State,Illinois,2010-08-31,170957.56875768685
44,State,Ohio,2010-08-31,120144.48240124078
16,State,Georgia,2010-08-31,140832.54484105526
36,State,North Carolina,2010-08-31,162682.5778847332
30,State,Michigan,2010-08-31,104298.93851363422
40,State,New Jersey,2010-08-31,308698.3910963079
56,State,Virginia,2010-08-31,227333.47945828768
59,State,Washington,2010-08-31,265050.3915535327
8,State,Arizona,2010-08-31,158372.18909982068
26,State,Massachusetts,2010-08-31,320141.9961634229
53,State,Tennessee,2010-08-31,144349.69477774875
22,State,Indiana,2010-08-31,117761.33149102636
27,State,Maryland,2010-08-31,265894.148697854
32,State,Missouri,2010-08-31,134143.23124235487
60,State,Wisconsin,2010-08-31,168163.46672179466
10,State,Colorado,2010-08-31,227942.32280395183
31,State,Minnesota,2010-08-31,179083.00772589666
51,State,South Carolina,2010-08-31,151402.5157395117
4,State,Alabama,2010-08-31,128803.5946533277
25,State,Louisiana,2010-08-31,166598.77701872276
24,State,Kentucky,2010-08-31,117057.4032995338
46,State,Oregon,2010-08-31,227555.9950581852
45,State,Oklahoma,2010-08-31,116282.7089011977
11,State,Connecticut,2010-08-31,264966.46414697834
55,State,Utah,2010-08-31,207091.80832647628
19,State,Iowa,2010-08-31,124252.92211063825
42,State,Nevada,2010-08-31,152091.09050754056
6,State,Arkansas,2010-08-31,123109.45777203416
34,State,Mississippi,2010-08-31,119602.31941155127
23,State,Kansas,2010-08-31,123592.7862685811
41,State,New Mexico,2010-08-31,177544.0298623147
38,State,Nebraska,2010-08-31,133665.82162034014
20,State,Idaho,2010-08-31,165356.4988009216
61,State,West Virginia,2010-08-31,104270.02418815998
18,State,Hawaii,2010-08-31,422784.4975396792
39,State,New Hampshire,2010-08-31,221869.59268586343
28,State,Maine,2010-08-31,187328.0129108068
50,State,Rhode Island,2010-08-31,240364.6587637636
35,State,Montana,2010-08-31,188362.9939632452
13,State,Delaware,2010-08-31,247384.1127684069
52,State,South Dakota,2010-08-31,149211.14891757912
37,State,North Dakota,2010-08-31,166656.58490121466
3,State,Alaska,2010-08-31,254600.22589658268
12,State,District of Columbia,2010-08-31,372610.6361063772
58,State,Vermont,2010-08-31,219464.94434683415
62,State,Wyoming,2010-08-31,201490.36648336507
9,State,California,2010-09-30,308807.6468583695
54,State,Texas,2010-09-30,143369.08541879695
14,State,Florida,2010-09-30,147200.60526313126
43,State,New York,2010-09-30,265896.8923426556
47,State,Pennsylvania,2010-09-30,167015.72659133808
21,State,Illinois,2010-09-30,169228.6416201261
44,State,Ohio,2010-09-30,119634.5006130459
16,State,Georgia,2010-09-30,139392.62838694904
36,State,North Carolina,2010-09-30,161984.453155177
30,State,Michigan,2010-09-30,103666.48085850268
40,State,New Jersey,2010-09-30,306942.3156519977
56,State,Virginia,2010-09-30,226319.17067584264
59,State,Washington,2010-09-30,262565.36745154404
8,State,Arizona,2010-09-30,156165.16011983083
26,State,Massachusetts,2010-09-30,318543.2537309484
53,State,Tennessee,2010-09-30,143952.8762692319
22,State,Indiana,2010-09-30,117370.0587392425
27,State,Maryland,2010-09-30,263959.34793020255
32,State,Missouri,2010-09-30,133370.58173863913
60,State,Wisconsin,2010-09-30,166735.17313956018
10,State,Colorado,2010-09-30,226839.5707073493
31,State,Minnesota,2010-09-30,177565.16327610347
51,State,South Carolina,2010-09-30,150743.7790826645
4,State,Alabama,2010-09-30,128189.92560162
25,State,Louisiana,2010-09-30,166468.87098200247
24,State,Kentucky,2010-09-30,116901.56139569986
46,State,Oregon,2010-09-30,225422.3774129157
45,State,Oklahoma,2010-09-30,115955.52627748383
11,State,Connecticut,2010-09-30,263693.7882335055
55,State,Utah,2010-09-30,205381.72923956744
19,State,Iowa,2010-09-30,123947.05803198248
42,State,Nevada,2010-09-30,150881.33092563917
6,State,Arkansas,2010-09-30,122681.71100834182
34,State,Mississippi,2010-09-30,119091.73735140028
23,State,Kansas,2010-09-30,122980.02148660242
41,State,New Mexico,2010-09-30,176470.53822108242
38,State,Nebraska,2010-09-30,132712.28227558607
20,State,Idaho,2010-09-30,163372.73309413897
61,State,West Virginia,2010-09-30,104135.1960903099
18,State,Hawaii,2010-09-30,423330.33107403433
39,State,New Hampshire,2010-09-30,222071.4886226554
28,State,Maine,2010-09-30,186509.5655415669
50,State,Rhode Island,2010-09-30,239414.56618532256
35,State,Montana,2010-09-30,188057.83504049145
13,State,Delaware,2010-09-30,246154.7451725373
52,State,South Dakota,2010-09-30,149166.90332355877
37,State,North Dakota,2010-09-30,167483.2070755531
3,State,Alaska,2010-09-30,254617.35460021032
12,State,District of Columbia,2010-09-30,371729.2049856465
58,State,Vermont,2010-09-30,219631.09660418215
62,State,Wyoming,2010-09-30,201114.86463733437
9,State,California,2010-10-31,306642.0041211628
54,State,Texas,2010-10-31,142778.73269324147
14,State,Florida,2010-10-31,145785.93037611837
43,State,New York,2010-10-31,264898.3534048616
47,State,Pennsylvania,2010-10-31,166157.91362651673
21,State,Illinois,2010-10-31,167825.4111551468
44,State,Ohio,2010-10-31,119062.45584732963
16,State,Georgia,2010-10-31,138008.92557205944
36,State,North Carolina,2010-10-31,161293.04435714913
30,State,Michigan,2010-10-31,102933.44515848324
40,State,New Jersey,2010-10-31,304876.80810195126
56,State,Virginia,2010-10-31,225400.94642379103
59,State,Washington,2010-10-31,259955.7534913151
8,State,Arizona,2010-10-31,154394.45342002026
26,State,Massachusetts,2010-10-31,316742.2533253426
53,State,Tennessee,2010-10-31,143462.4793227257
22,State,Indiana,2010-10-31,116897.93405641185
27,State,Maryland,2010-10-31,261923.7041340971
32,State,Missouri,2010-10-31,132496.00445383418
60,State,Wisconsin,2010-10-31,165230.90881428588
10,State,Colorado,2010-10-31,225808.0489358868
31,State,Minnesota,2010-10-31,175836.28858597917
51,State,South Carolina,2010-10-31,150022.33802680552
4,State,Alabama,2010-10-31,127694.30250195168
25,State,Louisiana,2010-10-31,166360.79402565825
24,State,Kentucky,2010-10-31,116737.05684548178
46,State,Oregon,2010-10-31,223297.82103459607
45,State,Oklahoma,2010-10-31,115532.37337513878
11,State,Connecticut,2010-10-31,261766.0194075713
55,State,Utah,2010-10-31,203823.9336750172
19,State,Iowa,2010-10-31,123567.85913952067
42,State,Nevada,2010-10-31,149721.71756739396
6,State,Arkansas,2010-10-31,122232.20313688436
34,State,Mississippi,2010-10-31,118551.56532375584
23,State,Kansas,2010-10-31,122432.8095176199
41,State,New Mexico,2010-10-31,174941.12577631776
38,State,Nebraska,2010-10-31,131866.33498888538
20,State,Idaho,2010-10-31,161399.36592784306
61,State,West Virginia,2010-10-31,103799.64440181293
18,State,Hawaii,2010-10-31,423714.36655698967
39,State,New Hampshire,2010-10-31,221835.44592648963
28,State,Maine,2010-10-31,185687.6367279341
50,State,Rhode Island,2010-10-31,238009.5605351564
35,State,Montana,2010-10-31,187683.3719925584
13,State,Delaware,2010-10-31,244419.36385658855
52,State,South Dakota,2010-10-31,149126.37084858096
37,State,North Dakota,2010-10-31,168057.39030585167
3,State,Alaska,2010-10-31,254373.0909457031
12,State,District of Columbia,2010-10-31,370512.4785908826
58,State,Vermont,2010-10-31,219792.4978227299
62,State,Wyoming,2010-10-31,200855.00685292613
9,State,California,2010-11-30,304723.7213716586
54,State,Texas,2010-11-30,142166.30415715778
14,State,Florida,2010-11-30,144353.3130377763
43,State,New York,2010-11-30,263853.5101455681
47,State,Pennsylvania,2010-11-30,165214.71556272535
21,State,Illinois,2010-11-30,165910.14160112484
44,State,Ohio,2010-11-30,118389.71946848638
16,State,Georgia,2010-11-30,136587.71731574426
36,State,North Carolina,2010-11-30,160585.18816462133
30,State,Michigan,2010-11-30,102056.48394052516
40,State,New Jersey,2010-11-30,302852.42324098176
56,State,Virginia,2010-11-30,224480.54889181873
59,State,Washington,2010-11-30,257484.5922108264
8,State,Arizona,2010-11-30,152450.92974079275
26,State,Massachusetts,2010-11-30,315038.3115721455
53,State,Tennessee,2010-11-30,142947.03772986706
22,State,Indiana,2010-11-30,116359.49032770537
27,State,Maryland,2010-11-30,259867.2080982976
32,State,Missouri,2010-11-30,131588.22828332413
60,State,Wisconsin,2010-11-30,163787.06746887832
10,State,Colorado,2010-11-30,224856.87433755415
31,State,Minnesota,2010-11-30,174237.57836706645
51,State,South Carolina,2010-11-30,149308.1124421064
4,State,Alabama,2010-11-30,127118.43364110572
25,State,Louisiana,2010-11-30,166154.6344681517
24,State,Kentucky,2010-11-30,116422.5826700548
46,State,Oregon,2010-11-30,221388.6311789716
45,State,Oklahoma,2010-11-30,114940.10887198387
11,State,Connecticut,2010-11-30,259362.7673166057
55,State,Utah,2010-11-30,202152.9305212937
19,State,Iowa,2010-11-30,123188.61074369012
42,State,Nevada,2010-11-30,149005.62427825257
6,State,Arkansas,2010-11-30,121667.80944811775
34,State,Mississippi,2010-11-30,118108.48408248129
23,State,Kansas,2010-11-30,121909.7039270769
41,State,New Mexico,2010-11-30,173244.82934814968
38,State,Nebraska,2010-11-30,131083.75353393788
20,State,Idaho,2010-11-30,159311.5592400966
61,State,West Virginia,2010-11-30,103314.4264420236
18,State,Hawaii,2010-11-30,425047.5822655743
39,State,New Hampshire,2010-11-30,221076.18692539417
28,State,Maine,2010-11-30,184788.49352623153
50,State,Rhode Island,2010-11-30,236522.98244439505
35,State,Montana,2010-11-30,187070.62909240753
13,State,Delaware,2010-11-30,242602.7354598069
52,State,South Dakota,2010-11-30,149075.56315692235
37,State,North Dakota,2010-11-30,168434.00739192832
3,State,Alaska,2010-11-30,253765.48634871643
12,State,District of Columbia,2010-11-30,368353.25964354194
58,State,Vermont,2010-11-30,219954.2300022431
62,State,Wyoming,2010-11-30,200500.20661361015
9,State,California,2010-12-31,303357.4029807998
54,State,Texas,2010-12-31,141634.3402444278
14,State,Florida,2010-12-31,142987.74058652742
43,State,New York,2010-12-31,262794.7926150355
47,State,Pennsylvania,2010-12-31,164324.57641689983
21,State,Illinois,2010-12-31,164038.36794328698
44,State,Ohio,2010-12-31,117656.987618431
16,State,Georgia,2010-12-31,135283.74877228276
36,State,North Carolina,2010-12-31,159899.39550063878
30,State,Michigan,2010-12-31,101219.84640386904
40,State,New Jersey,2010-12-31,300989.39324348135
56,State,Virginia,2010-12-31,223745.91941340515
59,State,Washington,2010-12-31,255099.0817227813
8,State,Arizona,2010-12-31,150652.79697803705
26,State,Massachusetts,2010-12-31,314125.1808186609
53,State,Tennessee,2010-12-31,142384.91247221327
22,State,Indiana,2010-12-31,115902.38011168076
27,State,Maryland,2010-12-31,257806.5150288769
32,State,Missouri,2010-12-31,130712.79495537403
60,State,Wisconsin,2010-12-31,162562.52351107527
10,State,Colorado,2010-12-31,223945.46061229208
31,State,Minnesota,2010-12-31,172455.05216787863
51,State,South Carolina,2010-12-31,148503.91749707068
4,State,Alabama,2010-12-31,126440.37804766413
25,State,Louisiana,2010-12-31,165644.57502670502
24,State,Kentucky,2010-12-31,116009.5284240287
46,State,Oregon,2010-12-31,219596.40795044703
45,State,Oklahoma,2010-12-31,114429.27312827502
11,State,Connecticut,2010-12-31,256992.72980246917
55,State,Utah,2010-12-31,200152.2797041284
19,State,Iowa,2010-12-31,122803.20081529552
42,State,Nevada,2010-12-31,148295.38137579372
6,State,Arkansas,2010-12-31,121129.77492442857
34,State,Mississippi,2010-12-31,117904.64446734992
23,State,Kansas,2010-12-31,121448.34778991518
41,State,New Mexico,2010-12-31,171692.999083295
38,State,Nebraska,2010-12-31,130539.3952767608
20,State,Idaho,2010-12-31,157400.65524147113
61,State,West Virginia,2010-12-31,103024.36719040382
18,State,Hawaii,2010-12-31,425855.93424285745
39,State,New Hampshire,2010-12-31,220082.9812712988
28,State,Maine,2010-12-31,183727.7817740809
50,State,Rhode Island,2010-12-31,235526.64841584707
35,State,Montana,2010-12-31,186241.01856123013
13,State,Delaware,2010-12-31,240926.6376341516
52,State,South Dakota,2010-12-31,149047.36012206654
37,State,North Dakota,2010-12-31,168597.53847176096
3,State,Alaska,2010-12-31,253364.95567284408
12,State,District of Columbia,2010-12-31,367602.9415217733
58,State,Vermont,2010-12-31,220210.3946126826
62,State,Wyoming,2010-12-31,200184.7965586348
9,State,California,2011-01-31,302293.48352910025
54,State,Texas,2011-01-31,141172.0841344473
14,State,Florida,2011-01-31,141623.1332775688
43,State,New York,2011-01-31,262047.94418305904
47,State,Pennsylvania,2011-01-31,163550.74539656425
21,State,Illinois,2011-01-31,162354.6076272883
44,State,Ohio,2011-01-31,116969.32478748476
16,State,Georgia,2011-01-31,133988.3538677668
36,State,North Carolina,2011-01-31,159189.31047572577
30,State,Michigan,2011-01-31,100357.39706262546
40,State,New Jersey,2011-01-31,299463.3686558557
56,State,Virginia,2011-01-31,223108.7625899871
59,State,Washington,2011-01-31,253073.86994404983
8,State,Arizona,2011-01-31,148725.73273529744
26,State,Massachusetts,2011-01-31,313369.33181394805
53,State,Tennessee,2011-01-31,141747.96252115976
22,State,Indiana,2011-01-31,115456.69105174953
27,State,Maryland,2011-01-31,255903.020854631
32,State,Missouri,2011-01-31,129926.18564536946
60,State,Wisconsin,2011-01-31,161483.27251081212
10,State,Colorado,2011-01-31,223175.1112092996
31,State,Minnesota,2011-01-31,170763.8408477188
51,State,South Carolina,2011-01-31,147609.0587931328
4,State,Alabama,2011-01-31,125716.26357171209
25,State,Louisiana,2011-01-31,164755.04631079274
24,State,Kentucky,2011-01-31,115457.0068189776
46,State,Oregon,2011-01-31,217928.6295539652
45,State,Oklahoma,2011-01-31,114058.46852593718
11,State,Connecticut,2011-01-31,255615.41355724056
55,State,Utah,2011-01-31,198280.08362893233
19,State,Iowa,2011-01-31,122503.69530392648
42,State,Nevada,2011-01-31,147036.25275790543
6,State,Arkansas,2011-01-31,120657.33988856032
34,State,Mississippi,2011-01-31,117859.68028488789
23,State,Kansas,2011-01-31,120994.80717160266
41,State,New Mexico,2011-01-31,171121.23798740332
38,State,Nebraska,2011-01-31,130276.47043168468
20,State,Idaho,2011-01-31,155653.32066658538
61,State,West Virginia,2011-01-31,102810.45973700884
18,State,Hawaii,2011-01-31,426653.92991271435
39,State,New Hampshire,2011-01-31,219223.04831514435
28,State,Maine,2011-01-31,183407.18415529985
50,State,Rhode Island,2011-01-31,234696.97498623235
35,State,Montana,2011-01-31,185219.0319371076
13,State,Delaware,2011-01-31,239465.71901699857
52,State,South Dakota,2011-01-31,148992.1149346522
37,State,North Dakota,2011-01-31,168636.47940625375
3,State,Alaska,2011-01-31,252997.87444961455
12,State,District of Columbia,2011-01-31,366567.35601671325
58,State,Vermont,2011-01-31,220162.24540139656
62,State,Wyoming,2011-01-31,199976.9534643672
9,State,California,2011-02-28,301274.1950117628
54,State,Texas,2011-02-28,140685.73368018327
14,State,Florida,2011-02-28,140329.14944756823
43,State,New York,2011-02-28,261474.9945227801
47,State,Pennsylvania,2011-02-28,162923.7125675823
21,State,Illinois,2011-02-28,161032.1374740971
44,State,Ohio,2011-02-28,116328.24064155068
16,State,Georgia,2011-02-28,132905.7461653516
36,State,North Carolina,2011-02-28,158519.5971806124
30,State,Michigan,2011-02-28,99631.23142410908
40,State,New Jersey,2011-02-28,298023.06200117426
56,State,Virginia,2011-02-28,222471.78707091024
59,State,Washington,2011-02-28,251475.80456491857
8,State,Arizona,2011-02-28,146907.00550748073
26,State,Massachusetts,2011-02-28,312284.8376231059
53,State,Tennessee,2011-02-28,141165.58279716605
22,State,Indiana,2011-02-28,115046.01823272948
27,State,Maryland,2011-02-28,254728.96515654796
32,State,Missouri,2011-02-28,129232.78228549776
60,State,Wisconsin,2011-02-28,160432.58918462202
10,State,Colorado,2011-02-28,222470.9779063269
31,State,Minnesota,2011-02-28,169000.42367963257
51,State,South Carolina,2011-02-28,146571.33781219306
4,State,Alabama,2011-02-28,125087.73114263796
25,State,Louisiana,2011-02-28,163779.48713545478
24,State,Kentucky,2011-02-28,114907.78109143335
46,State,Oregon,2011-02-28,216180.5321536917
45,State,Oklahoma,2011-02-28,113835.7582839054
11,State,Connecticut,2011-02-28,254945.73238645436
55,State,Utah,2011-02-28,196565.5354005608
19,State,Iowa,2011-02-28,122203.17985341918
42,State,Nevada,2011-02-28,145254.9933841538
6,State,Arkansas,2011-02-28,120309.06878222976
34,State,Mississippi,2011-02-28,117808.16216970542
23,State,Kansas,2011-02-28,120637.6935874048
41,State,New Mexico,2011-02-28,170931.35893462098
38,State,Nebraska,2011-02-28,130201.59733354526
20,State,Idaho,2011-02-28,154023.65068360066
61,State,West Virginia,2011-02-28,102636.20307850918
18,State,Hawaii,2011-02-28,426527.7685547992
39,State,New Hampshire,2011-02-28,218971.2894949183
28,State,Maine,2011-02-28,183636.4651199083
50,State,Rhode Island,2011-02-28,234157.3031769851
35,State,Montana,2011-02-28,184053.0742756738
13,State,Delaware,2011-02-28,238226.15943746583
52,State,South Dakota,2011-02-28,148809.88310971516
37,State,North Dakota,2011-02-28,168649.6519697443
3,State,Alaska,2011-02-28,252567.51980523128
12,State,District of Columbia,2011-02-28,366210.7966711993
58,State,Vermont,2011-02-28,220081.14675253988
62,State,Wyoming,2011-02-28,199939.52674140857
9,State,California,2011-03-31,299772.6415423209
54,State,Texas,2011-03-31,140207.80094940454
14,State,Florida,2011-03-31,139007.57763685408
43,State,New York,2011-03-31,261122.4536136957
47,State,Pennsylvania,2011-03-31,162445.69859964438
21,State,Illinois,2011-03-31,160073.1769348797
44,State,Ohio,2011-03-31,115822.00252919226
16,State,Georgia,2011-03-31,131811.31477712168
36,State,North Carolina,2011-03-31,157831.50224231035
30,State,Michigan,2011-03-31,98987.4130395527
40,State,New Jersey,2011-03-31,296541.8928104168
56,State,Virginia,2011-03-31,221733.4760261535
59,State,Washington,2011-03-31,249675.920442275
8,State,Arizona,2011-03-31,145450.1377924647
26,State,Massachusetts,2011-03-31,310730.6701878667
53,State,Tennessee,2011-03-31,140615.18175979785
22,State,Indiana,2011-03-31,114693.43921949992
27,State,Maryland,2011-03-31,254170.873775583
32,State,Missouri,2011-03-31,128483.54038921422
60,State,Wisconsin,2011-03-31,159478.3946226743
10,State,Colorado,2011-03-31,221800.6854607676
31,State,Minnesota,2011-03-31,167706.4123859741
51,State,South Carolina,2011-03-31,145717.7167684475
4,State,Alabama,2011-03-31,124644.19236461374
25,State,Louisiana,2011-03-31,162891.00606797452
24,State,Kentucky,2011-03-31,114405.22979426436
46,State,Oregon,2011-03-31,214250.80816002729
45,State,Oklahoma,2011-03-31,113582.9585855662
11,State,Connecticut,2011-03-31,254068.3052426254
55,State,Utah,2011-03-31,195371.0325388337
19,State,Iowa,2011-03-31,121896.89133740024
42,State,Nevada,2011-03-31,143260.07858016566
6,State,Arkansas,2011-03-31,120086.04214813486
34,State,Mississippi,2011-03-31,117692.0468072251
23,State,Kansas,2011-03-31,120263.52186382028
41,State,New Mexico,2011-03-31,170934.41455649876
38,State,Nebraska,2011-03-31,130124.53382633948
20,State,Idaho,2011-03-31,152803.49178289363
61,State,West Virginia,2011-03-31,102384.75820537772
18,State,Hawaii,2011-03-31,426485.68141360674
39,State,New Hampshire,2011-03-31,218604.42779998903
28,State,Maine,2011-03-31,184167.7693369871
50,State,Rhode Island,2011-03-31,233289.71563938705
35,State,Montana,2011-03-31,183015.7162812291
13,State,Delaware,2011-03-31,236830.28585651063
52,State,South Dakota,2011-03-31,148637.4222196011
37,State,North Dakota,2011-03-31,168813.04743338548
3,State,Alaska,2011-03-31,251833.6438595383
12,State,District of Columbia,2011-03-31,365504.20076445903
58,State,Vermont,2011-03-31,219909.6237093462
62,State,Wyoming,2011-03-31,199968.4543031757
9,State,California,2011-04-30,298174.38891340926
54,State,Texas,2011-04-30,139745.33073424766
14,State,Florida,2011-04-30,137728.95615985023
43,State,New York,2011-04-30,260648.62880155796
47,State,Pennsylvania,2011-04-30,161934.7957518679
21,State,Illinois,2011-04-30,158933.3978041126
44,State,Ohio,2011-04-30,115299.70910358553
16,State,Georgia,2011-04-30,130561.701568
36,State,North Carolina,2011-04-30,157091.25439324006
30,State,Michigan,2011-04-30,98388.88522772912
40,State,New Jersey,2011-04-30,294814.573387806
56,State,Virginia,2011-04-30,221033.1082995101
59,State,Washington,2011-04-30,247651.24942747233
8,State,Arizona,2011-04-30,143811.99419198892
26,State,Massachusetts,2011-04-30,309352.32276057935
53,State,Tennessee,2011-04-30,140208.70473657886
22,State,Indiana,2011-04-30,114405.83980861388
27,State,Maryland,2011-04-30,253591.96403947272
32,State,Missouri,2011-04-30,127713.46626941062
60,State,Wisconsin,2011-04-30,158476.0901725434
10,State,Colorado,2011-04-30,221096.47758920107
31,State,Minnesota,2011-04-30,166375.8819384131
51,State,South Carolina,2011-04-30,144912.8668141575
4,State,Alabama,2011-04-30,124290.07663083148
25,State,Louisiana,2011-04-30,162325.26286228126
24,State,Kentucky,2011-04-30,114031.45953002718
46,State,Oregon,2011-04-30,212253.43926559328
45,State,Oklahoma,2011-04-30,113298.9276633492
11,State,Connecticut,2011-04-30,252951.415826994
55,State,Utah,2011-04-30,194250.47469819852
19,State,Iowa,2011-04-30,121574.62296757396
42,State,Nevada,2011-04-30,141241.32906503594
6,State,Arkansas,2011-04-30,119867.7014505882
34,State,Mississippi,2011-04-30,117503.69241626497
23,State,Kansas,2011-04-30,119852.85759608902
41,State,New Mexico,2011-04-30,170362.94898568382
38,State,Nebraska,2011-04-30,129736.47450660674
20,State,Idaho,2011-04-30,151371.10166057642
61,State,West Virginia,2011-04-30,102177.63513130344
18,State,Hawaii,2011-04-30,424950.4853175173
39,State,New Hampshire,2011-04-30,218164.69445994665
28,State,Maine,2011-04-30,184171.19358597283
50,State,Rhode Island,2011-04-30,232140.26444361123
35,State,Montana,2011-04-30,182394.4464236304
13,State,Delaware,2011-04-30,235358.15376503783
52,State,South Dakota,2011-04-30,148365.64725779206
37,State,North Dakota,2011-04-30,169136.8998295255
3,State,Alaska,2011-04-30,250913.7938070659
12,State,District of Columbia,2011-04-30,365381.7300494643
58,State,Vermont,2011-04-30,219921.4973820549
62,State,Wyoming,2011-04-30,199909.30108962057
9,State,California,2011-05-31,295773.1876225407
54,State,Texas,2011-05-31,139379.0765087897
14,State,Florida,2011-05-31,136451.93858359763
43,State,New York,2011-05-31,260140.60702200537
47,State,Pennsylvania,2011-05-31,161343.9286592236
21,State,Illinois,2011-05-31,158065.65825109422
44,State,Ohio,2011-05-31,114785.9874822345
16,State,Georgia,2011-05-31,129033.49353374318
36,State,North Carolina,2011-05-31,156367.99903570686
30,State,Michigan,2011-05-31,97850.7451959672
40,State,New Jersey,2011-05-31,292855.7035295301
56,State,Virginia,2011-05-31,220392.4138021044
59,State,Washington,2011-05-31,244739.25745687584
8,State,Arizona,2011-05-31,142227.02312337575
26,State,Massachusetts,2011-05-31,308172.1933646587
53,State,Tennessee,2011-05-31,139789.70431664394
22,State,Indiana,2011-05-31,114133.88657222898
27,State,Maryland,2011-05-31,252568.5133794509
32,State,Missouri,2011-05-31,126949.1943532386
60,State,Wisconsin,2011-05-31,157528.0435553507
10,State,Colorado,2011-05-31,220165.37195481863
31,State,Minnesota,2011-05-31,165071.76427361657
51,State,South Carolina,2011-05-31,144179.36174706233
4,State,Alabama,2011-05-31,124020.03366081888
25,State,Louisiana,2011-05-31,161914.4486841889
24,State,Kentucky,2011-05-31,113733.162989616
46,State,Oregon,2011-05-31,210461.66265877776
45,State,Oklahoma,2011-05-31,112976.63598194969
11,State,Connecticut,2011-05-31,251531.47277369964
55,State,Utah,2011-05-31,193388.72271619496
19,State,Iowa,2011-05-31,121262.60127467677
42,State,Nevada,2011-05-31,139761.4897561186
6,State,Arkansas,2011-05-31,119565.92526932315
34,State,Mississippi,2011-05-31,117371.88412905246
23,State,Kansas,2011-05-31,119578.8275445421
41,State,New Mexico,2011-05-31,169419.02896693858
38,State,Nebraska,2011-05-31,129448.01238075546
20,State,Idaho,2011-05-31,150083.85225917227
61,State,West Virginia,2011-05-31,102002.6625122944
18,State,Hawaii,2011-05-31,423081.7620990581
39,State,New Hampshire,2011-05-31,217236.8585939164
28,State,Maine,2011-05-31,183904.4971473995
50,State,Rhode Island,2011-05-31,230443.30418147633
35,State,Montana,2011-05-31,182057.88189666255
13,State,Delaware,2011-05-31,233631.229632096
52,State,South Dakota,2011-05-31,148171.0972603827
37,State,North Dakota,2011-05-31,169203.2671618714
3,State,Alaska,2011-05-31,250241.64128880607
12,State,District of Columbia,2011-05-31,365213.82437884173
58,State,Vermont,2011-05-31,219678.34288406384
62,State,Wyoming,2011-05-31,199643.548165694
9,State,California,2011-06-30,293840.5808968895
54,State,Texas,2011-06-30,139005.80344003157
14,State,Florida,2011-06-30,135297.60500574636
43,State,New York,2011-06-30,259383.5239344754
47,State,Pennsylvania,2011-06-30,160589.5560621158
21,State,Illinois,2011-06-30,156961.75011679003
44,State,Ohio,2011-06-30,114285.79525687204
16,State,Georgia,2011-06-30,127530.28035204925
36,State,North Carolina,2011-06-30,155707.29123713565
30,State,Michigan,2011-06-30,97323.42637938456
40,State,New Jersey,2011-06-30,290754.76304702676
56,State,Virginia,2011-06-30,219829.12674494044
59,State,Washington,2011-06-30,242126.9379969074
8,State,Arizona,2011-06-30,140520.15987616687
26,State,Massachusetts,2011-06-30,307362.7865652019
53,State,Tennessee,2011-06-30,139422.49419738198
22,State,Indiana,2011-06-30,113888.8306537864
27,State,Maryland,2011-06-30,251452.51960123703
32,State,Missouri,2011-06-30,126306.3495452258
60,State,Wisconsin,2011-06-30,156671.92577937126
10,State,Colorado,2011-06-30,219314.49155893535
31,State,Minnesota,2011-06-30,163740.62363645676
51,State,South Carolina,2011-06-30,143470.10924899337
4,State,Alabama,2011-06-30,123734.01630601085
25,State,Louisiana,2011-06-30,161695.5735598091
24,State,Kentucky,2011-06-30,113459.47339311925
46,State,Oregon,2011-06-30,209124.257147028
45,State,Oklahoma,2011-06-30,112692.6958960454
11,State,Connecticut,2011-06-30,250518.93350084824
55,State,Utah,2011-06-30,192366.46015698355
19,State,Iowa,2011-06-30,121008.16881421552
42,State,Nevada,2011-06-30,138134.19117793525
6,State,Arkansas,2011-06-30,119300.19932048656
34,State,Mississippi,2011-06-30,117195.75365877828
23,State,Kansas,2011-06-30,119402.08597260546
41,State,New Mexico,2011-06-30,168237.3596582469
38,State,Nebraska,2011-06-30,129243.6609879131
20,State,Idaho,2011-06-30,149113.78152361148
61,State,West Virginia,2011-06-30,102002.67716116474
18,State,Hawaii,2011-06-30,420698.2552047039
39,State,New Hampshire,2011-06-30,216314.72410183615
28,State,Maine,2011-06-30,183687.81442211932
50,State,Rhode Island,2011-06-30,228967.11038814357
35,State,Montana,2011-06-30,181856.79140040683
13,State,Delaware,2011-06-30,232036.50693208183
52,State,South Dakota,2011-06-30,148139.85547705684
37,State,North Dakota,2011-06-30,168840.7306993075
3,State,Alaska,2011-06-30,250009.09495424913
12,State,District of Columbia,2011-06-30,365096.40430048335
58,State,Vermont,2011-06-30,219460.7696120184
62,State,Wyoming,2011-06-30,199051.3995722252
9,State,California,2011-07-31,292157.6870066918
54,State,Texas,2011-07-31,138798.64032192054
14,State,Florida,2011-07-31,134233.84318685744
43,State,New York,2011-07-31,258642.86730972087
47,State,Pennsylvania,2011-07-31,159836.3228153087
21,State,Illinois,2011-07-31,156285.88613587563
44,State,Ohio,2011-07-31,113930.2217224354
16,State,Georgia,2011-07-31,126264.24133833293
36,State,North Carolina,2011-07-31,155127.72891999854
30,State,Michigan,2011-07-31,96946.16959328594
40,State,New Jersey,2011-07-31,288512.4925405776
56,State,Virginia,2011-07-31,219258.76002404283
59,State,Washington,2011-07-31,239678.4468425622
8,State,Arizona,2011-07-31,139356.9411374533
26,State,Massachusetts,2011-07-31,306570.4505974633
53,State,Tennessee,2011-07-31,139053.3977624754
22,State,Indiana,2011-07-31,113755.6647223672
27,State,Maryland,2011-07-31,250188.30904578356
32,State,Missouri,2011-07-31,125785.27124422968
60,State,Wisconsin,2011-07-31,155811.63597816325
10,State,Colorado,2011-07-31,218495.4108882444
31,State,Minnesota,2011-07-31,162559.8323878193
51,State,South Carolina,2011-07-31,142919.5141202598
4,State,Alabama,2011-07-31,123419.87705350434
25,State,Louisiana,2011-07-31,161550.53743782672
24,State,Kentucky,2011-07-31,113206.21624301728
46,State,Oregon,2011-07-31,208050.87156450155
45,State,Oklahoma,2011-07-31,112578.75881023816
11,State,Connecticut,2011-07-31,249238.1941624784
55,State,Utah,2011-07-31,191508.06967171363
19,State,Iowa,2011-07-31,120830.66024897796
42,State,Nevada,2011-07-31,136942.97095443794
6,State,Arkansas,2011-07-31,119129.24843384304
34,State,Mississippi,2011-07-31,117193.77675141615
23,State,Kansas,2011-07-31,119256.24404233566
41,State,New Mexico,2011-07-31,167418.79973786834
38,State,Nebraska,2011-07-31,129250.85008872762
20,State,Idaho,2011-07-31,148809.709457549
61,State,West Virginia,2011-07-31,102005.65777755716
18,State,Hawaii,2011-07-31,418818.6813588894
39,State,New Hampshire,2011-07-31,215121.16839045912
28,State,Maine,2011-07-31,183617.19637102503
50,State,Rhode Island,2011-07-31,227381.92507616177
35,State,Montana,2011-07-31,181537.67649624983
13,State,Delaware,2011-07-31,230804.5407313156
52,State,South Dakota,2011-07-31,148190.13605195298
37,State,North Dakota,2011-07-31,168378.0241284522
3,State,Alaska,2011-07-31,250032.32006791388
12,State,District of Columbia,2011-07-31,365332.2228253453
58,State,Vermont,2011-07-31,219212.89400029535
62,State,Wyoming,2011-07-31,198558.93780628897
9,State,California,2011-08-31,290322.0766422605
54,State,Texas,2011-08-31,138676.77223742686
14,State,Florida,2011-08-31,133396.89619587662
43,State,New York,2011-08-31,257919.54931687843
47,State,Pennsylvania,2011-08-31,159210.85776429417
21,State,Illinois,2011-08-31,155343.22158431157
44,State,Ohio,2011-08-31,113663.99042669768
16,State,Georgia,2011-08-31,125372.79897813872
36,State,North Carolina,2011-08-31,154539.82275576532
30,State,Michigan,2011-08-31,96767.32618688402
40,State,New Jersey,2011-08-31,286503.65165030817
56,State,Virginia,2011-08-31,218753.83619864556
59,State,Washington,2011-08-31,237785.99042370848
8,State,Arizona,2011-08-31,138626.78479991356
26,State,Massachusetts,2011-08-31,305746.3352088893
53,State,Tennessee,2011-08-31,138733.08531552143
22,State,Indiana,2011-08-31,113792.18372747298
27,State,Maryland,2011-08-31,248841.1900360492
32,State,Missouri,2011-08-31,125257.04096046534
60,State,Wisconsin,2011-08-31,155151.05829123492
10,State,Colorado,2011-08-31,217993.94194569543
31,State,Minnesota,2011-08-31,161665.16263318263
51,State,South Carolina,2011-08-31,142426.72492667838
4,State,Alabama,2011-08-31,123100.08968083742
25,State,Louisiana,2011-08-31,161451.13147966607
24,State,Kentucky,2011-08-31,112988.46791983288
46,State,Oregon,2011-08-31,207063.0589525608
45,State,Oklahoma,2011-08-31,112597.63823284184
11,State,Connecticut,2011-08-31,247690.5457144867
55,State,Utah,2011-08-31,190984.38457825145
19,State,Iowa,2011-08-31,120721.50144898664
42,State,Nevada,2011-08-31,135317.16530102302
6,State,Arkansas,2011-08-31,119075.56823092664
34,State,Mississippi,2011-08-31,117135.23902520625
23,State,Kansas,2011-08-31,119027.83197876294
41,State,New Mexico,2011-08-31,166851.39088393393
38,State,Nebraska,2011-08-31,129309.38736324846
20,State,Idaho,2011-08-31,148614.2243484866
61,State,West Virginia,2011-08-31,102058.79620240691
18,State,Hawaii,2011-08-31,416788.2802561085
39,State,New Hampshire,2011-08-31,214160.23289978493
28,State,Maine,2011-08-31,183454.6874509252
50,State,Rhode Island,2011-08-31,226000.90013418905
35,State,Montana,2011-08-31,181442.33127018175
13,State,Delaware,2011-08-31,229744.09056772955
52,State,South Dakota,2011-08-31,148292.16474754838
37,State,North Dakota,2011-08-31,168230.44990799465
3,State,Alaska,2011-08-31,250120.92458722807
12,State,District of Columbia,2011-08-31,364978.7476905438
58,State,Vermont,2011-08-31,218976.0560621625
62,State,Wyoming,2011-08-31,198343.96517024928
9,State,California,2011-09-30,288130.92499644426
54,State,Texas,2011-09-30,138633.16091199193
14,State,Florida,2011-09-30,132767.74911054756
43,State,New York,2011-09-30,257259.3319225245
47,State,Pennsylvania,2011-09-30,158762.19820668816
21,State,Illinois,2011-09-30,154432.3789833006
44,State,Ohio,2011-09-30,113386.68162522772
16,State,Georgia,2011-09-30,124778.47425197666
36,State,North Carolina,2011-09-30,154019.81375597653
30,State,Michigan,2011-09-30,96716.83975379764
40,State,New Jersey,2011-09-30,284747.73012493766
56,State,Virginia,2011-09-30,218145.3614889167
59,State,Washington,2011-09-30,235847.34039626908
8,State,Arizona,2011-09-30,138174.34854850595
26,State,Massachusetts,2011-09-30,304467.76426591695
53,State,Tennessee,2011-09-30,138426.38141674106
22,State,Indiana,2011-09-30,113879.19556785614
27,State,Maryland,2011-09-30,247240.4949878519
32,State,Missouri,2011-09-30,124813.36072986644
60,State,Wisconsin,2011-09-30,154624.6718756225
10,State,Colorado,2011-09-30,217714.56237359028
31,State,Minnesota,2011-09-30,160870.46586005966
51,State,South Carolina,2011-09-30,141935.92450098894
4,State,Alabama,2011-09-30,122738.81579426862
25,State,Louisiana,2011-09-30,161282.3686232569
24,State,Kentucky,2011-09-30,112776.66520591988
46,State,Oregon,2011-09-30,206216.5209136172
45,State,Oklahoma,2011-09-30,112714.16242290556
11,State,Connecticut,2011-09-30,245806.20754368033
55,State,Utah,2011-09-30,190255.39498235285
19,State,Iowa,2011-09-30,120681.56770465669
42,State,Nevada,2011-09-30,134303.15032716867
6,State,Arkansas,2011-09-30,119072.77154822544
34,State,Mississippi,2011-09-30,117054.43596134568
23,State,Kansas,2011-09-30,118678.77947696154
41,State,New Mexico,2011-09-30,166471.7908985568
38,State,Nebraska,2011-09-30,129274.42363275315
20,State,Idaho,2011-09-30,148366.27447206932
61,State,West Virginia,2011-09-30,102074.62859581909
18,State,Hawaii,2011-09-30,414912.5767130845
39,State,New Hampshire,2011-09-30,213278.53737155657
28,State,Maine,2011-09-30,183104.79477089315
50,State,Rhode Island,2011-09-30,224532.06559613833
35,State,Montana,2011-09-30,181444.89002126068
13,State,Delaware,2011-09-30,228432.894132926
52,State,South Dakota,2011-09-30,148270.1046777132
37,State,North Dakota,2011-09-30,168295.8300913522
3,State,Alaska,2011-09-30,250027.66696999097
12,State,District of Columbia,2011-09-30,364769.8879182784
58,State,Vermont,2011-09-30,218712.30342007952
62,State,Wyoming,2011-09-30,198463.74170414024
9,State,California,2011-10-31,285791.51720859227
54,State,Texas,2011-10-31,138516.2423495285
14,State,Florida,2011-10-31,132407.0760393845
43,State,New York,2011-10-31,256601.9441588479
47,State,Pennsylvania,2011-10-31,158394.01773724347
21,State,Illinois,2011-10-31,152913.4974454866
44,State,Ohio,2011-10-31,113053.63242559174
16,State,Georgia,2011-10-31,124324.49992119806
36,State,North Carolina,2011-10-31,153430.39811780502
30,State,Michigan,2011-10-31,96663.72995128592
40,State,New Jersey,2011-10-31,283176.3715640761
56,State,Virginia,2011-10-31,217497.6338750047
59,State,Washington,2011-10-31,234032.82352991533
8,State,Arizona,2011-10-31,137989.95683521804
26,State,Massachusetts,2011-10-31,302790.0585954473
53,State,Tennessee,2011-10-31,138078.85075336392
22,State,Indiana,2011-10-31,113914.90139676403
27,State,Maryland,2011-10-31,245984.66063459383
32,State,Missouri,2011-10-31,124294.53046986116
60,State,Wisconsin,2011-10-31,154112.4098050194
10,State,Colorado,2011-10-31,217559.61309426653
31,State,Minnesota,2011-10-31,160107.4481565662
51,State,South Carolina,2011-10-31,141432.6473359549
4,State,Alabama,2011-10-31,122364.95686021973
25,State,Louisiana,2011-10-31,161173.98713551948
24,State,Kentucky,2011-10-31,112549.79554548964
46,State,Oregon,2011-10-31,205253.87781258483
45,State,Oklahoma,2011-10-31,112618.72109086846
11,State,Connecticut,2011-10-31,243809.49688975487
55,State,Utah,2011-10-31,189517.5645631386
19,State,Iowa,2011-10-31,120658.85308891062
42,State,Nevada,2011-10-31,133518.14362875273
6,State,Arkansas,2011-10-31,119117.297817295
34,State,Mississippi,2011-10-31,116789.27823788034
23,State,Kansas,2011-10-31,118259.1593292635
41,State,New Mexico,2011-10-31,166079.74369499346
38,State,Nebraska,2011-10-31,129324.5040125714
20,State,Idaho,2011-10-31,148205.40696723395
61,State,West Virginia,2011-10-31,102100.69005966817
18,State,Hawaii,2011-10-31,413809.3731445756
39,State,New Hampshire,2011-10-31,212772.35859496225
28,State,Maine,2011-10-31,182624.7447568423
50,State,Rhode Island,2011-10-31,223055.95569352483
35,State,Montana,2011-10-31,181593.0951167865
13,State,Delaware,2011-10-31,226836.0470527277
52,State,South Dakota,2011-10-31,148302.57620684538
37,State,North Dakota,2011-10-31,168508.40707560122
3,State,Alaska,2011-10-31,249950.10105870044
12,State,District of Columbia,2011-10-31,364074.5621116534
58,State,Vermont,2011-10-31,218527.01441943808
62,State,Wyoming,2011-10-31,198447.23615997343
9,State,California,2011-11-30,284636.37971568323
54,State,Texas,2011-11-30,138297.70334906227
14,State,Florida,2011-11-30,132222.71266595952
43,State,New York,2011-11-30,255886.33519575975
47,State,Pennsylvania,2011-11-30,158025.5911106066
21,State,Illinois,2011-11-30,151671.78447972288
44,State,Ohio,2011-11-30,112701.68516474972
16,State,Georgia,2011-11-30,123942.34540612524
36,State,North Carolina,2011-11-30,152843.8887361612
30,State,Michigan,2011-11-30,96504.3172140207
40,State,New Jersey,2011-11-30,281510.7255423704
56,State,Virginia,2011-11-30,216944.2245924812
59,State,Washington,2011-11-30,232382.6604917891
8,State,Arizona,2011-11-30,137823.84472148458
26,State,Massachusetts,2011-11-30,301067.2808278074
53,State,Tennessee,2011-11-30,137749.76675519373
22,State,Indiana,2011-11-30,113844.12486640614
27,State,Maryland,2011-11-30,245114.53782483804
32,State,Missouri,2011-11-30,123844.31453199248
60,State,Wisconsin,2011-11-30,153666.56299523803
10,State,Colorado,2011-11-30,217531.7778405008
31,State,Minnesota,2011-11-30,159271.3400515009
51,State,South Carolina,2011-11-30,140961.815862165
4,State,Alabama,2011-11-30,121890.84277500084
25,State,Louisiana,2011-11-30,161025.38308493092
24,State,Kentucky,2011-11-30,112437.54113718444
46,State,Oregon,2011-11-30,204158.52771858813
45,State,Oklahoma,2011-11-30,112434.3202063002
11,State,Connecticut,2011-11-30,242139.2356803813
55,State,Utah,2011-11-30,188737.6763257909
19,State,Iowa,2011-11-30,120693.79777598823
42,State,Nevada,2011-11-30,132983.4050152217
6,State,Arkansas,2011-11-30,119133.05926544045
34,State,Mississippi,2011-11-30,116581.75776883012
23,State,Kansas,2011-11-30,117886.446425904
41,State,New Mexico,2011-11-30,165668.07128923817
38,State,Nebraska,2011-11-30,129352.78416480428
20,State,Idaho,2011-11-30,148101.76563488986
61,State,West Virginia,2011-11-30,102135.2830228766
18,State,Hawaii,2011-11-30,412402.785819777
39,State,New Hampshire,2011-11-30,212112.7600350111
28,State,Maine,2011-11-30,182114.62937093456
50,State,Rhode Island,2011-11-30,221225.94553508083
35,State,Montana,2011-11-30,181693.3035721137
13,State,Delaware,2011-11-30,225463.0129086415
52,State,South Dakota,2011-11-30,148394.16367408878
37,State,North Dakota,2011-11-30,168686.55802536584
3,State,Alaska,2011-11-30,249881.22018302305
12,State,District of Columbia,2011-11-30,363691.0954117933
58,State,Vermont,2011-11-30,218717.13505686412
62,State,Wyoming,2011-11-30,198533.9775618394
9,State,California,2011-12-31,283883.53103099315
54,State,Texas,2011-12-31,138042.43794914914
14,State,Florida,2011-12-31,132138.67605204994
43,State,New York,2011-12-31,255281.2006118712
47,State,Pennsylvania,2011-12-31,157666.70473219623
21,State,Illinois,2011-12-31,150141.6793736819
44,State,Ohio,2011-12-31,112389.74898594672
16,State,Georgia,2011-12-31,123313.5051173558
36,State,North Carolina,2011-12-31,152279.03340029682
30,State,Michigan,2011-12-31,96303.20726524026
40,State,New Jersey,2011-12-31,279782.01335837186
56,State,Virginia,2011-12-31,216673.97909725897
59,State,Washington,2011-12-31,231027.8268847165
8,State,Arizona,2011-12-31,138331.27212884498
26,State,Massachusetts,2011-12-31,299765.44710685755
53,State,Tennessee,2011-12-31,137446.16482891253
22,State,Indiana,2011-12-31,113695.5654013028
27,State,Maryland,2011-12-31,244414.60111867753
32,State,Missouri,2011-12-31,123343.29756357917
60,State,Wisconsin,2011-12-31,153101.51102888127
10,State,Colorado,2011-12-31,217581.89456841975
31,State,Minnesota,2011-12-31,158409.83364192376
51,State,South Carolina,2011-12-31,140725.67558151405
4,State,Alabama,2011-12-31,121493.93631547522
25,State,Louisiana,2011-12-31,160736.1986453647
24,State,Kentucky,2011-12-31,112370.19856348074
46,State,Oregon,2011-12-31,202976.4303423915
45,State,Oklahoma,2011-12-31,112197.50527246308
11,State,Connecticut,2011-12-31,240593.9676860567
55,State,Utah,2011-12-31,188572.4265626769
19,State,Iowa,2011-12-31,120760.99445289168
42,State,Nevada,2011-12-31,132462.68846257255
6,State,Arkansas,2011-12-31,119100.76077794336
34,State,Mississippi,2011-12-31,116445.9730289678
23,State,Kansas,2011-12-31,117596.95693940215
41,State,New Mexico,2011-12-31,165267.8634999824
38,State,Nebraska,2011-12-31,129301.60309750396
20,State,Idaho,2011-12-31,148061.11677118973
61,State,West Virginia,2011-12-31,102158.86500026724
18,State,Hawaii,2011-12-31,412278.607085212
39,State,New Hampshire,2011-12-31,211419.61253221985
28,State,Maine,2011-12-31,181565.08792466333
50,State,Rhode Island,2011-12-31,219507.37178540524
35,State,Montana,2011-12-31,181771.18982978223
13,State,Delaware,2011-12-31,224046.23375215512
52,State,South Dakota,2011-12-31,148552.39422293004
37,State,North Dakota,2011-12-31,168818.47779805106
3,State,Alaska,2011-12-31,250013.67431671065
12,State,District of Columbia,2011-12-31,362858.1158684395
58,State,Vermont,2011-12-31,218939.53640181865
62,State,Wyoming,2011-12-31,198707.26191761665
9,State,California,2012-01-31,283495.4498399564
54,State,Texas,2012-01-31,137925.54758874167
14,State,Florida,2012-01-31,132167.85903286716
43,State,New York,2012-01-31,254748.76100407215
47,State,Pennsylvania,2012-01-31,157354.77013488326
21,State,Illinois,2012-01-31,149137.58838625936
44,State,Ohio,2012-01-31,112025.12185757696
16,State,Georgia,2012-01-31,122779.9145048333
36,State,North Carolina,2012-01-31,151841.0863409642
30,State,Michigan,2012-01-31,96149.12500718872
40,State,New Jersey,2012-01-31,278392.9360352327
56,State,Virginia,2012-01-31,216602.79340853877
59,State,Washington,2012-01-31,230082.583122074
8,State,Arizona,2012-01-31,138855.70868596874
26,State,Massachusetts,2012-01-31,298706.6783324234
53,State,Tennessee,2012-01-31,137300.28272323727
22,State,Indiana,2012-01-31,113444.94704012368
27,State,Maryland,2012-01-31,243613.66840646623
32,State,Missouri,2012-01-31,122976.46726746723
60,State,Wisconsin,2012-01-31,152699.61096963528
10,State,Colorado,2012-01-31,217858.59087177712
31,State,Minnesota,2012-01-31,157727.73139331848
51,State,South Carolina,2012-01-31,140695.6787205968
4,State,Alabama,2012-01-31,121346.11974188924
25,State,Louisiana,2012-01-31,160482.43656294027
24,State,Kentucky,2012-01-31,112351.8323268774
46,State,Oregon,2012-01-31,202149.253243921
45,State,Oklahoma,2012-01-31,112060.86920871992
11,State,Connecticut,2012-01-31,239343.2669740891
55,State,Utah,2012-01-31,188553.6275058651
19,State,Iowa,2012-01-31,120779.90961469786
42,State,Nevada,2012-01-31,132238.26606575874
6,State,Arkansas,2012-01-31,119078.67161572176
34,State,Mississippi,2012-01-31,116358.14710350714
23,State,Kansas,2012-01-31,117459.99246407876
41,State,New Mexico,2012-01-31,164950.84058782336
38,State,Nebraska,2012-01-31,129012.66762385175
20,State,Idaho,2012-01-31,147965.75167335162
61,State,West Virginia,2012-01-31,102144.85307951686
18,State,Hawaii,2012-01-31,412524.00984732946
39,State,New Hampshire,2012-01-31,210607.22306640088
28,State,Maine,2012-01-31,180950.6035258869
50,State,Rhode Island,2012-01-31,218331.9603791528
35,State,Montana,2012-01-31,181887.65366992535
13,State,Delaware,2012-01-31,222947.7885089652
52,State,South Dakota,2012-01-31,148716.08401445567
37,State,North Dakota,2012-01-31,169003.01130588842
3,State,Alaska,2012-01-31,250663.94576560424
12,State,District of Columbia,2012-01-31,362936.1785819663
58,State,Vermont,2012-01-31,219079.79398836824
62,State,Wyoming,2012-01-31,199322.48253082423
9,State,California,2012-02-29,282931.44848369976
54,State,Texas,2012-02-29,138086.1567304278
14,State,Florida,2012-02-29,132292.0534358653
43,State,New York,2012-02-29,254537.3826877729
47,State,Pennsylvania,2012-02-29,157285.86039246715
21,State,Illinois,2012-02-29,148165.68098318664
44,State,Ohio,2012-02-29,111790.66450399833
16,State,Georgia,2012-02-29,122370.73570953585
36,State,North Carolina,2012-02-29,151653.49590506023
30,State,Michigan,2012-02-29,96233.28935550211
40,State,New Jersey,2012-02-29,277844.91302911163
56,State,Virginia,2012-02-29,216814.88152327063
59,State,Washington,2012-02-29,229184.92355462172
8,State,Arizona,2012-02-29,139713.31678375875
26,State,Massachusetts,2012-02-29,297906.3566381672
53,State,Tennessee,2012-02-29,137355.95386940756
22,State,Indiana,2012-02-29,113408.19751848896
27,State,Maryland,2012-02-29,243178.74646629952
32,State,Missouri,2012-02-29,122803.9675571351
60,State,Wisconsin,2012-02-29,152422.70173270963
10,State,Colorado,2012-02-29,218254.66440953055
31,State,Minnesota,2012-02-29,157511.45213017683
51,State,South Carolina,2012-02-29,141003.5398741465
4,State,Alabama,2012-02-29,121411.18363229994
25,State,Louisiana,2012-02-29,160527.24468579705
24,State,Kentucky,2012-02-29,112443.30775378764
46,State,Oregon,2012-02-29,201844.8331150477
45,State,Oklahoma,2012-02-29,112019.2643025916
11,State,Connecticut,2012-02-29,238505.44151144064
55,State,Utah,2012-02-29,188719.32938806227
19,State,Iowa,2012-02-29,120869.025345748
42,State,Nevada,2012-02-29,132111.28448276967
6,State,Arkansas,2012-02-29,119231.7123723868
34,State,Mississippi,2012-02-29,116302.96704308064
23,State,Kansas,2012-02-29,117438.3337387662
41,State,New Mexico,2012-02-29,164829.13635096673
38,State,Nebraska,2012-02-29,128716.59839363856
20,State,Idaho,2012-02-29,148322.9402474028
61,State,West Virginia,2012-02-29,102289.89906393005
18,State,Hawaii,2012-02-29,413250.5343645124
39,State,New Hampshire,2012-02-29,210153.7153189768
28,State,Maine,2012-02-29,180458.70876336136
50,State,Rhode Island,2012-02-29,217591.34014717347
35,State,Montana,2012-02-29,182050.4852295546
13,State,Delaware,2012-02-29,221904.03389651945
52,State,South Dakota,2012-02-29,148945.9917244098
37,State,North Dakota,2012-02-29,169389.6288340296
3,State,Alaska,2012-02-29,251358.98043753777
12,State,District of Columbia,2012-02-29,363195.64816950675
58,State,Vermont,2012-02-29,219448.75702367365
62,State,Wyoming,2012-02-29,200076.68662024976
9,State,California,2012-03-31,282297.5553655572
54,State,Texas,2012-03-31,138372.4405425358
14,State,Florida,2012-03-31,132490.71601264132
43,State,New York,2012-03-31,254730.09819942425
47,State,Pennsylvania,2012-03-31,157617.98570633013
21,State,Illinois,2012-03-31,147611.3556708562
44,State,Ohio,2012-03-31,111790.01809435838
16,State,Georgia,2012-03-31,122493.3622863576
36,State,North Carolina,2012-03-31,151735.43111249022
30,State,Michigan,2012-03-31,96513.48112942356
40,State,New Jersey,2012-03-31,278404.263682423
56,State,Virginia,2012-03-31,217464.0443711868
59,State,Washington,2012-03-31,228244.58836814345
8,State,Arizona,2012-03-31,140509.48981921287
26,State,Massachusetts,2012-03-31,297342.26363957307
53,State,Tennessee,2012-03-31,137704.95750892026
22,State,Indiana,2012-03-31,113594.46539414124
27,State,Maryland,2012-03-31,243207.3797036696
32,State,Missouri,2012-03-31,122862.68915962514
60,State,Wisconsin,2012-03-31,152369.7037671973
10,State,Colorado,2012-03-31,218724.5133365052
31,State,Minnesota,2012-03-31,157877.8749166518
51,State,South Carolina,2012-03-31,141422.16024798533
4,State,Alabama,2012-03-31,121752.24781972112
25,State,Louisiana,2012-03-31,160689.49157786547
24,State,Kentucky,2012-03-31,112773.06517137129
46,State,Oregon,2012-03-31,202034.8631154319
45,State,Oklahoma,2012-03-31,112035.541829373
11,State,Connecticut,2012-03-31,238364.89134287377
55,State,Utah,2012-03-31,189247.5472964622
19,State,Iowa,2012-03-31,121256.01153966236
42,State,Nevada,2012-03-31,131779.16636186224
6,State,Arkansas,2012-03-31,119473.9432319502
34,State,Mississippi,2012-03-31,116155.5450429461
23,State,Kansas,2012-03-31,117661.02737289664
41,State,New Mexico,2012-03-31,164907.96834578228
38,State,Nebraska,2012-03-31,128681.3333174342
20,State,Idaho,2012-03-31,149058.11456767775
61,State,West Virginia,2012-03-31,102469.22331418964
18,State,Hawaii,2012-03-31,413166.21115621814
39,State,New Hampshire,2012-03-31,210087.66882564983
28,State,Maine,2012-03-31,180142.22698193858
50,State,Rhode Island,2012-03-31,217231.91469274863
35,State,Montana,2012-03-31,182616.90689665885
13,State,Delaware,2012-03-31,220993.37126365732
52,State,South Dakota,2012-03-31,149507.73959179712
37,State,North Dakota,2012-03-31,170133.34556155515
3,State,Alaska,2012-03-31,252159.14246942417
12,State,District of Columbia,2012-03-31,363483.470455134
58,State,Vermont,2012-03-31,220252.7596838332
62,State,Wyoming,2012-03-31,201082.8158387452
9,State,California,2012-04-30,281864.69119734224
54,State,Texas,2012-04-30,138660.4227018361
14,State,Florida,2012-04-30,132860.98192791094
43,State,New York,2012-04-30,255132.27702636784
47,State,Pennsylvania,2012-04-30,158108.75972555712
21,State,Illinois,2012-04-30,147137.6813888338
44,State,Ohio,2012-04-30,111995.70594848134
16,State,Georgia,2012-04-30,122831.65965550578
36,State,North Carolina,2012-04-30,152053.3730163961
30,State,Michigan,2012-04-30,97066.94816495596
40,State,New Jersey,2012-04-30,279243.4146499066
56,State,Virginia,2012-04-30,218463.00526032023
59,State,Washington,2012-04-30,227158.2300902059
8,State,Arizona,2012-04-30,142010.4206731221
26,State,Massachusetts,2012-04-30,297239.0389712917
53,State,Tennessee,2012-04-30,138186.25205307317
22,State,Indiana,2012-04-30,113941.28345421124
27,State,Maryland,2012-04-30,243977.0481191985
32,State,Missouri,2012-04-30,123169.51792655152
60,State,Wisconsin,2012-04-30,152549.02522388523
10,State,Colorado,2012-04-30,219089.5099035838
31,State,Minnesota,2012-04-30,158542.31573747683
51,State,South Carolina,2012-04-30,141892.53257554804
4,State,Alabama,2012-04-30,122273.92622665896
25,State,Louisiana,2012-04-30,160745.04132094377
24,State,Kentucky,2012-04-30,113313.15936336294
46,State,Oregon,2012-04-30,202388.67116543732
45,State,Oklahoma,2012-04-30,112081.21300116436
11,State,Connecticut,2012-04-30,238466.50862972788
55,State,Utah,2012-04-30,190253.75991058443
19,State,Iowa,2012-04-30,121892.09990141874
42,State,Nevada,2012-04-30,131323.9664731511
6,State,Arkansas,2012-04-30,119773.42888340222
34,State,Mississippi,2012-04-30,116088.18313150438
23,State,Kansas,2012-04-30,118019.49258015676
41,State,New Mexico,2012-04-30,165053.78638353126
38,State,Nebraska,2012-04-30,128922.64243715866
20,State,Idaho,2012-04-30,150201.74019399367
61,State,West Virginia,2012-04-30,102476.02584137216
18,State,Hawaii,2012-04-30,412165.89445602946
39,State,New Hampshire,2012-04-30,210477.94446882303
28,State,Maine,2012-04-30,180324.2091303004
50,State,Rhode Island,2012-04-30,216993.8227583666
35,State,Montana,2012-04-30,183335.2887886409
13,State,Delaware,2012-04-30,219685.99498472747
52,State,South Dakota,2012-04-30,150328.13874190988
37,State,North Dakota,2012-04-30,170964.9359602813
3,State,Alaska,2012-04-30,253010.97517284108
12,State,District of Columbia,2012-04-30,363474.1133472573
58,State,Vermont,2012-04-30,221412.63133212036
62,State,Wyoming,2012-04-30,202085.23600786328
9,State,California,2012-05-31,282061.65735586063
54,State,Texas,2012-05-31,138981.87240024496
14,State,Florida,2012-05-31,133340.3366699594
43,State,New York,2012-05-31,255633.94387037875
47,State,Pennsylvania,2012-05-31,158577.24036716527
21,State,Illinois,2012-05-31,146806.5786799692
44,State,Ohio,2012-05-31,112264.22682787782
16,State,Georgia,2012-05-31,123332.32542286984
36,State,North Carolina,2012-05-31,152427.5923047002
30,State,Michigan,2012-05-31,97804.38290335576
40,State,New Jersey,2012-05-31,279950.2990656197
56,State,Virginia,2012-05-31,219559.78125361103
59,State,Washington,2012-05-31,226248.47070638448
8,State,Arizona,2012-05-31,144158.0814811234
26,State,Massachusetts,2012-05-31,297728.6610413335
53,State,Tennessee,2012-05-31,138591.23040897553
22,State,Indiana,2012-05-31,114225.69345073846
27,State,Maryland,2012-05-31,244748.7571875058
32,State,Missouri,2012-05-31,123697.51610694172
60,State,Wisconsin,2012-05-31,152938.0383464983
10,State,Colorado,2012-05-31,219662.28311918408
31,State,Minnesota,2012-05-31,159370.63492434748
51,State,South Carolina,2012-05-31,142332.43852847168
4,State,Alabama,2012-05-31,123211.7395859653
25,State,Louisiana,2012-05-31,161126.48019772253
24,State,Kentucky,2012-05-31,113936.71559861377
46,State,Oregon,2012-05-31,202721.7535358536
45,State,Oklahoma,2012-05-31,112274.46404279547
11,State,Connecticut,2012-05-31,238346.33414430617
55,State,Utah,2012-05-31,191637.99210128436
19,State,Iowa,2012-05-31,122708.47496466013
42,State,Nevada,2012-05-31,131329.75947110832
6,State,Arkansas,2012-05-31,120177.53373430292
34,State,Mississippi,2012-05-31,116390.14964131096
23,State,Kansas,2012-05-31,118549.02647603113
41,State,New Mexico,2012-05-31,165254.53392171886
38,State,Nebraska,2012-05-31,129262.34843956206
20,State,Idaho,2012-05-31,151444.14712539435
61,State,West Virginia,2012-05-31,102800.69875455454
18,State,Hawaii,2012-05-31,411534.8207707556
39,State,New Hampshire,2012-05-31,210961.4153904727
28,State,Maine,2012-05-31,180678.0951609856
50,State,Rhode Island,2012-05-31,217029.14992277732
35,State,Montana,2012-05-31,184257.68107778547
13,State,Delaware,2012-05-31,218600.65068601744
52,State,South Dakota,2012-05-31,
37,State,North Dakota,2012-05-31,172107.10632274832
3,State,Alaska,2012-05-31,254140.69354706144
12,State,District of Columbia,2012-05-31,364148.6292171157
58,State,Vermont,2012-05-31,222354.67399122205
62,State,Wyoming,2012-05-31,203300.40471796715
9,State,California,2012-06-30,283176.42719621205
54,State,Texas,2012-06-30,139434.82156015266
14,State,Florida,2012-06-30,133989.87461999702
43,State,New York,2012-06-30,256001.6428073315
47,State,Pennsylvania,2012-06-30,158766.3527898148
21,State,Illinois,2012-06-30,146829.67839895064
44,State,Ohio,2012-06-30,112426.0995639456
16,State,Georgia,2012-06-30,123946.88712124714
36,State,North Carolina,2012-06-30,152722.94587900964
30,State,Michigan,2012-06-30,98646.598194646
40,State,New Jersey,2012-06-30,279977.21239248774
56,State,Virginia,2012-06-30,220625.78571116683
59,State,Washington,2012-06-30,225838.4572622648
8,State,Arizona,2012-06-30,146734.13793136287
26,State,Massachusetts,2012-06-30,298693.00407420984
53,State,Tennessee,2012-06-30,138953.32225776612
22,State,Indiana,2012-06-30,114494.77188097274
27,State,Maryland,2012-06-30,245558.99760194388
32,State,Missouri,2012-06-30,124277.52647422148
60,State,Wisconsin,2012-06-30,153385.55767254037
10,State,Colorado,2012-06-30,220665.6853053911
31,State,Minnesota,2012-06-30,160435.45947189027
51,State,South Carolina,2012-06-30,142680.80092699346
4,State,Alabama,2012-06-30,124552.15596059248
25,State,Louisiana,2012-06-30,161912.53548647105
24,State,Kentucky,2012-06-30,114413.9823474604
46,State,Oregon,2012-06-30,203214.1118604748
45,State,Oklahoma,2012-06-30,112553.7373313172
11,State,Connecticut,2012-06-30,237962.34307409523
55,State,Utah,2012-06-30,193123.9470938979
19,State,Iowa,2012-06-30,123256.78352058804
42,State,Nevada,2012-06-30,132452.49249248163
6,State,Arkansas,2012-06-30,120718.95079876788
34,State,Mississippi,2012-06-30,116868.39263083869
23,State,Kansas,2012-06-30,119240.04768942446
41,State,New Mexico,2012-06-30,165455.36535364867
38,State,Nebraska,2012-06-30,129665.39114643371
20,State,Idaho,2012-06-30,152786.8849410016
61,State,West Virginia,2012-06-30,103193.72478195529
18,State,Hawaii,2012-06-30,411476.62956299266
39,State,New Hampshire,2012-06-30,211561.87016560792
28,State,Maine,2012-06-30,181177.58208912984
50,State,Rhode Island,2012-06-30,217141.92792051332
35,State,Montana,2012-06-30,185283.24543883256
13,State,Delaware,2012-06-30,218093.00922041896
52,State,South Dakota,2012-06-30,153252.249789399
37,State,North Dakota,2012-06-30,173667.02583404016
3,State,Alaska,2012-06-30,255611.21348589112
12,State,District of Columbia,2012-06-30,365891.7786001162
58,State,Vermont,2012-06-30,223022.32672242096
62,State,Wyoming,2012-06-30,204555.78789105575
9,State,California,2012-07-31,284793.04516943893
54,State,Texas,2012-07-31,139948.17305353755
14,State,Florida,2012-07-31,134641.39750335683
43,State,New York,2012-07-31,256342.98593347915
47,State,Pennsylvania,2012-07-31,158844.98178898418
21,State,Illinois,2012-07-31,147082.4855959482
44,State,Ohio,2012-07-31,112581.574383197
16,State,Georgia,2012-07-31,124613.15863181528
36,State,North Carolina,2012-07-31,152978.4539918194
30,State,Michigan,2012-07-31,99481.83064758877
40,State,New Jersey,2012-07-31,279864.35768306954
56,State,Virginia,2012-07-31,221560.23701303257
59,State,Washington,2012-07-31,225781.1654666739
8,State,Arizona,2012-07-31,149542.05474807258
26,State,Massachusetts,2012-07-31,299865.84308697615
53,State,Tennessee,2012-07-31,139344.93480200114
22,State,Indiana,2012-07-31,114784.93887881638
27,State,Maryland,2012-07-31,246067.4445666373
32,State,Missouri,2012-07-31,124842.98546102934
60,State,Wisconsin,2012-07-31,153731.75396212528
10,State,Colorado,2012-07-31,222149.0054948032
31,State,Minnesota,2012-07-31,161798.44922154583
51,State,South Carolina,2012-07-31,142914.87790790256
4,State,Alabama,2012-07-31,125963.93822617654
25,State,Louisiana,2012-07-31,162687.17182059656
24,State,Kentucky,2012-07-31,114743.16678647662
46,State,Oregon,2012-07-31,203830.88746321885
45,State,Oklahoma,2012-07-31,112946.3088874912
11,State,Connecticut,2012-07-31,237469.14349555472
55,State,Utah,2012-07-31,194552.3956817865
19,State,Iowa,2012-07-31,123798.81027074678
42,State,Nevada,2012-07-31,134117.84339972312
6,State,Arkansas,2012-07-31,121354.54710481434
34,State,Mississippi,2012-07-31,117389.03569351656
23,State,Kansas,2012-07-31,119974.61341123136
41,State,New Mexico,2012-07-31,165685.0273955944
38,State,Nebraska,2012-07-31,130116.30379348424
20,State,Idaho,2012-07-31,154133.9570077588
61,State,West Virginia,2012-07-31,103977.3137835408
18,State,Hawaii,2012-07-31,412946.1413087545
39,State,New Hampshire,2012-07-31,212116.50248532332
28,State,Maine,2012-07-31,181490.34523946865
50,State,Rhode Island,2012-07-31,217325.21007331985
35,State,Montana,2012-07-31,186192.3292908394
13,State,Delaware,2012-07-31,218241.82651784128
52,State,South Dakota,2012-07-31,154984.9909359384
37,State,North Dakota,2012-07-31,175456.2249019375
3,State,Alaska,2012-07-31,256937.8181919695
12,State,District of Columbia,2012-07-31,368543.3681644337
58,State,Vermont,2012-07-31,223511.00449353733
62,State,Wyoming,2012-07-31,205734.52830397896
9,State,California,2012-08-31,287349.2541815055
54,State,Texas,2012-08-31,140331.48472976245
14,State,Florida,2012-08-31,135220.73839151734
43,State,New York,2012-08-31,256354.63289670853
47,State,Pennsylvania,2012-08-31,158717.18797549952
21,State,Illinois,2012-08-31,147218.99166706062
44,State,Ohio,2012-08-31,112571.1236831734
16,State,Georgia,2012-08-31,125027.54975319658
36,State,North Carolina,2012-08-31,153012.13282524442
30,State,Michigan,2012-08-31,100096.47932839884
40,State,New Jersey,2012-08-31,279239.51795564126
56,State,Virginia,2012-08-31,222397.6455597653
59,State,Washington,2012-08-31,226004.14127952312
8,State,Arizona,2012-08-31,152327.16820655705
26,State,Massachusetts,2012-08-31,300870.7580411793
53,State,Tennessee,2012-08-31,139553.19421079045
22,State,Indiana,2012-08-31,115033.74510161036
27,State,Maryland,2012-08-31,246468.96115500655
32,State,Missouri,2012-08-31,125177.818321166
60,State,Wisconsin,2012-08-31,153897.08082149105
10,State,Colorado,2012-08-31,223975.72024104177
31,State,Minnesota,2012-08-31,163270.85445075462
51,State,South Carolina,2012-08-31,142983.21345453025
4,State,Alabama,2012-08-31,127014.18612872332
25,State,Louisiana,2012-08-31,162942.66224296924
24,State,Kentucky,2012-08-31,114694.10910500777
46,State,Oregon,2012-08-31,204615.28054426392
45,State,Oklahoma,2012-08-31,113172.00308092024
11,State,Connecticut,2012-08-31,236885.88849340883
55,State,Utah,2012-08-31,195872.73454807376
19,State,Iowa,2012-08-31,124243.39835187267
42,State,Nevada,2012-08-31,135999.518396143
6,State,Arkansas,2012-08-31,121759.18698890811
34,State,Mississippi,2012-08-31,117202.27396275624
23,State,Kansas,2012-08-31,120492.52721073576
41,State,New Mexico,2012-08-31,165719.22094233634
38,State,Nebraska,2012-08-31,130652.32000506551
20,State,Idaho,2012-08-31,155457.7019844649
61,State,West Virginia,2012-08-31,104425.57190223147
18,State,Hawaii,2012-08-31,415187.71768365713
39,State,New Hampshire,2012-08-31,212249.251440946
28,State,Maine,2012-08-31,181293.74462361663
50,State,Rhode Island,2012-08-31,217244.71675495777
35,State,Montana,2012-08-31,186887.8783143379
13,State,Delaware,2012-08-31,218180.97354319025
52,State,South Dakota,2012-08-31,156504.51373488843
37,State,North Dakota,2012-08-31,177448.92660865196
3,State,Alaska,2012-08-31,258129.75371130832
12,State,District of Columbia,2012-08-31,371827.78024017526
58,State,Vermont,2012-08-31,224059.3426454724
62,State,Wyoming,2012-08-31,206574.67084119387
9,State,California,2012-09-30,290801.3737669335
54,State,Texas,2012-09-30,140660.125363257
14,State,Florida,2012-09-30,135837.05202300378
43,State,New York,2012-09-30,256382.1541185152
47,State,Pennsylvania,2012-09-30,158590.9825132226
21,State,Illinois,2012-09-30,147277.07280013623
44,State,Ohio,2012-09-30,112632.34643131452
16,State,Georgia,2012-09-30,125411.2049343548
36,State,North Carolina,2012-09-30,153060.32668970208
30,State,Michigan,2012-09-30,100818.18150015413
40,State,New Jersey,2012-09-30,278948.78330633364
56,State,Virginia,2012-09-30,223203.19144740267
59,State,Washington,2012-09-30,226652.4177641027
8,State,Arizona,2012-09-30,155277.91954152755
26,State,Massachusetts,2012-09-30,301633.5139270445
53,State,Tennessee,2012-09-30,139784.5164057692
22,State,Indiana,2012-09-30,115292.9596343654
27,State,Maryland,2012-09-30,247152.9947960993
32,State,Missouri,2012-09-30,125525.60151467784
60,State,Wisconsin,2012-09-30,154082.2839329735
10,State,Colorado,2012-09-30,226075.7470281465
31,State,Minnesota,2012-09-30,164821.91710771513
51,State,South Carolina,2012-09-30,143117.22150456745
4,State,Alabama,2012-09-30,127988.54539315344
25,State,Louisiana,2012-09-30,162973.2395616401
24,State,Kentucky,2012-09-30,114537.49150279304
46,State,Oregon,2012-09-30,205525.7887208114
45,State,Oklahoma,2012-09-30,113360.38200181516
11,State,Connecticut,2012-09-30,236199.67185256977
55,State,Utah,2012-09-30,197287.46162442272
19,State,Iowa,2012-09-30,124666.20983674849
42,State,Nevada,2012-09-30,137900.11848755775
6,State,Arkansas,2012-09-30,122138.6634856235
34,State,Mississippi,2012-09-30,117012.79661050651
23,State,Kansas,2012-09-30,120756.0276533176
41,State,New Mexico,2012-09-30,165792.99518912882
38,State,Nebraska,2012-09-30,131215.32271360117
20,State,Idaho,2012-09-30,156916.78500754925
61,State,West Virginia,2012-09-30,104987.15711413104
18,State,Hawaii,2012-09-30,418019.0341680523
39,State,New Hampshire,2012-09-30,212318.01854375083
28,State,Maine,2012-09-30,181161.088694307
50,State,Rhode Island,2012-09-30,217010.67436468563
35,State,Montana,2012-09-30,187440.8102700245
13,State,Delaware,2012-09-30,217878.674881359
52,State,South Dakota,2012-09-30,157672.62433618805
37,State,North Dakota,2012-09-30,179509.4924055946
3,State,Alaska,2012-09-30,259825.84957403247
12,State,District of Columbia,2012-09-30,376214.1849689612
58,State,Vermont,2012-09-30,224622.1234387496
62,State,Wyoming,2012-09-30,207489.6881235613
9,State,California,2012-10-31,295206.8116594431
54,State,Texas,2012-10-31,140987.66192181615
14,State,Florida,2012-10-31,136601.1754751349
43,State,New York,2012-10-31,256217.67648218063
47,State,Pennsylvania,2012-10-31,158405.80710817003
21,State,Illinois,2012-10-31,147091.60890154584
44,State,Ohio,2012-10-31,112691.02203024153
16,State,Georgia,2012-10-31,125696.18853230606
36,State,North Carolina,2012-10-31,153046.70566731357
30,State,Michigan,2012-10-31,101574.92728064008
40,State,New Jersey,2012-10-31,278740.9369887972
56,State,Virginia,2012-10-31,224076.2736814332
59,State,Washington,2012-10-31,227669.58020476816
8,State,Arizona,2012-10-31,157960.77802749726
26,State,Massachusetts,2012-10-31,302326.8824377142
53,State,Tennessee,2012-10-31,139865.59768376895
22,State,Indiana,2012-10-31,115570.25929750755
27,State,Maryland,2012-10-31,247919.24374590177
32,State,Missouri,2012-10-31,125611.00654251494
60,State,Wisconsin,2012-10-31,154314.54958401856
10,State,Colorado,2012-10-31,228147.23293534317
31,State,Minnesota,2012-10-31,166419.6782841864
51,State,South Carolina,2012-10-31,143308.25783949217
4,State,Alabama,2012-10-31,128854.38421086392
25,State,Louisiana,2012-10-31,163006.8210231718
24,State,Kentucky,2012-10-31,114350.50719938804
46,State,Oregon,2012-10-31,206840.73979170088
45,State,Oklahoma,2012-10-31,113475.17590225396
11,State,Connecticut,2012-10-31,235543.6660944283
55,State,Utah,2012-10-31,198733.96659200217
19,State,Iowa,2012-10-31,124703.05929476598
42,State,Nevada,2012-10-31,139875.53212587492
6,State,Arkansas,2012-10-31,122328.87654013716
34,State,Mississippi,2012-10-31,116590.16407906606
23,State,Kansas,2012-10-31,120848.56546414802
41,State,New Mexico,2012-10-31,165894.8113205987
38,State,Nebraska,2012-10-31,131787.26814442562
20,State,Idaho,2012-10-31,158373.50355001664
61,State,West Virginia,2012-10-31,105384.3159075585
18,State,Hawaii,2012-10-31,420690.1491681503
39,State,New Hampshire,2012-10-31,212316.38782068575
28,State,Maine,2012-10-31,180898.17800119583
50,State,Rhode Island,2012-10-31,216955.8658639203
35,State,Montana,2012-10-31,188176.42954546103
13,State,Delaware,2012-10-31,217380.3653093429
52,State,South Dakota,2012-10-31,158310.7403432974
37,State,North Dakota,2012-10-31,181841.79597759395
3,State,Alaska,2012-10-31,261012.79103503833
12,State,District of Columbia,2012-10-31,381108.1863866315
58,State,Vermont,2012-10-31,224990.72696183025
62,State,Wyoming,2012-10-31,208292.12841529303
9,State,California,2012-11-30,300030.73978798004
54,State,Texas,2012-11-30,141365.68356856395
14,State,Florida,2012-11-30,137683.2455785
43,State,New York,2012-11-30,256202.21169164623
47,State,Pennsylvania,2012-11-30,158269.64592948233
21,State,Illinois,2012-11-30,146765.91167025722
44,State,Ohio,2012-11-30,112795.08465985113
16,State,Georgia,2012-11-30,126161.01414573671
36,State,North Carolina,2012-11-30,153048.5638625049
30,State,Michigan,2012-11-30,102307.1654134196
40,State,New Jersey,2012-11-30,279017.15524213895
56,State,Virginia,2012-11-30,224918.03949992635
59,State,Washington,2012-11-30,229167.10672224348
8,State,Arizona,2012-11-30,160389.12113275123
26,State,Massachusetts,2012-11-30,303297.2246339855
53,State,Tennessee,2012-11-30,139991.144828146
22,State,Indiana,2012-11-30,115706.0340654099
27,State,Maryland,2012-11-30,249067.45212494943
32,State,Missouri,2012-11-30,125579.55861477302
60,State,Wisconsin,2012-11-30,154432.3934382219
10,State,Colorado,2012-11-30,230083.77562784715
31,State,Minnesota,2012-11-30,167859.3252139075
51,State,South Carolina,2012-11-30,143455.53124931944
4,State,Alabama,2012-11-30,129780.1103606474
25,State,Louisiana,2012-11-30,163014.17314533071
24,State,Kentucky,2012-11-30,114255.85146514476
46,State,Oregon,2012-11-30,208356.25242936704
45,State,Oklahoma,2012-11-30,113822.17528448968
11,State,Connecticut,2012-11-30,235294.95576156757
55,State,Utah,2012-11-30,200482.76503179985
19,State,Iowa,2012-11-30,124612.63364556448
42,State,Nevada,2012-11-30,142151.27613722588
6,State,Arkansas,2012-11-30,122540.48050499136
34,State,Mississippi,2012-11-30,116633.19733201544
23,State,Kansas,2012-11-30,120947.19849363073
41,State,New Mexico,2012-11-30,166322.3398719432
38,State,Nebraska,2012-11-30,132154.42591761556
20,State,Idaho,2012-11-30,159754.09466116838
61,State,West Virginia,2012-11-30,105626.55760556238
18,State,Hawaii,2012-11-30,423534.5467038604
39,State,New Hampshire,2012-11-30,212462.86416297496
28,State,Maine,2012-11-30,180995.38011188817
50,State,Rhode Island,2012-11-30,217384.0606825168
35,State,Montana,2012-11-30,189282.11319721455
13,State,Delaware,2012-11-30,217484.60860450557
52,State,South Dakota,2012-11-30,158575.6831763216
37,State,North Dakota,2012-11-30,184076.0243599421
3,State,Alaska,2012-11-30,262259.11618164735
12,State,District of Columbia,2012-11-30,386081.1749568563
58,State,Vermont,2012-11-30,225077.26120570384
62,State,Wyoming,2012-11-30,209172.85238021272
9,State,California,2012-12-31,305165.0316235354
54,State,Texas,2012-12-31,141745.1004045758
14,State,Florida,2012-12-31,139125.3868302667
43,State,New York,2012-12-31,256176.02273283573
47,State,Pennsylvania,2012-12-31,158179.44984926368
21,State,Illinois,2012-12-31,146439.64226952172
44,State,Ohio,2012-12-31,112859.46593615491
16,State,Georgia,2012-12-31,126612.2637162724
36,State,North Carolina,2012-12-31,152983.3452205004
30,State,Michigan,2012-12-31,102961.2184611865
40,State,New Jersey,2012-12-31,279344.7467937315
56,State,Virginia,2012-12-31,225529.44997715755
59,State,Washington,2012-12-31,230842.2015911577
8,State,Arizona,2012-12-31,162358.49682756476
26,State,Massachusetts,2012-12-31,304811.2161535344
53,State,Tennessee,2012-12-31,139878.6907852034
22,State,Indiana,2012-12-31,115763.34663681012
27,State,Maryland,2012-12-31,250046.9675267033
32,State,Missouri,2012-12-31,125512.5240100202
60,State,Wisconsin,2012-12-31,154502.12945809294
10,State,Colorado,2012-12-31,231794.42976708987
31,State,Minnesota,2012-12-31,169169.3179639056
51,State,South Carolina,2012-12-31,143545.22360958115
4,State,Alabama,2012-12-31,130411.63674987432
25,State,Louisiana,2012-12-31,163034.96995803888
24,State,Kentucky,2012-12-31,114335.6503650478
46,State,Oregon,2012-12-31,209936.4701353863
45,State,Oklahoma,2012-12-31,114294.45150920202
11,State,Connecticut,2012-12-31,235365.09223280137
55,State,Utah,2012-12-31,202297.09983884983
19,State,Iowa,2012-12-31,124911.5350892438
42,State,Nevada,2012-12-31,144256.5973549201
6,State,Arkansas,2012-12-31,122759.00179081848
34,State,Mississippi,2012-12-31,117014.5134095719
23,State,Kansas,2012-12-31,121085.37424704188
41,State,New Mexico,2012-12-31,166866.29830843527
38,State,Nebraska,2012-12-31,132361.89634482533
20,State,Idaho,2012-12-31,160992.5089546484
61,State,West Virginia,2012-12-31,105831.03434268395
18,State,Hawaii,2012-12-31,425569.86690463295
39,State,New Hampshire,2012-12-31,212590.07956694983
28,State,Maine,2012-12-31,180947.3690199879
50,State,Rhode Island,2012-12-31,217598.99753046947
35,State,Montana,2012-12-31,190537.00401938337
13,State,Delaware,2012-12-31,217799.911721984
52,State,South Dakota,2012-12-31,158862.0281607683
37,State,North Dakota,2012-12-31,186338.7213415358
3,State,Alaska,2012-12-31,262585.55411605246
12,State,District of Columbia,2012-12-31,390717.10922737326
58,State,Vermont,2012-12-31,225119.20537648496
62,State,Wyoming,2012-12-31,209730.4718200514
9,State,California,2013-01-31,310028.4991966842
54,State,Texas,2013-01-31,142274.78471499775
14,State,Florida,2013-01-31,140774.74067658986
43,State,New York,2013-01-31,256586.27592031148
47,State,Pennsylvania,2013-01-31,158173.39888237615
21,State,Illinois,2013-01-31,146472.8857852434
44,State,Ohio,2013-01-31,112989.14297595323
16,State,Georgia,2013-01-31,127170.13885890935
36,State,North Carolina,2013-01-31,152928.0317768123
30,State,Michigan,2013-01-31,103612.3820272496
40,State,New Jersey,2013-01-31,279916.4405145913
56,State,Virginia,2013-01-31,226288.7219809584
59,State,Washington,2013-01-31,232879.6660388389
8,State,Arizona,2013-01-31,164177.35655810378
26,State,Massachusetts,2013-01-31,306733.6075351027
53,State,Tennessee,2013-01-31,139743.70525723722
22,State,Indiana,2013-01-31,115708.48802587362
27,State,Maryland,2013-01-31,251350.2268699123
32,State,Missouri,2013-01-31,125493.4188839158
60,State,Wisconsin,2013-01-31,154664.62078452844
10,State,Colorado,2013-01-31,233537.84537938205
31,State,Minnesota,2013-01-31,170384.60201248885
51,State,South Carolina,2013-01-31,143650.03244594368
4,State,Alabama,2013-01-31,130712.18577985544
25,State,Louisiana,2013-01-31,163312.1897125557
24,State,Kentucky,2013-01-31,114354.78803413497
46,State,Oregon,2013-01-31,211643.636369226
45,State,Oklahoma,2013-01-31,114806.75636031946
11,State,Connecticut,2013-01-31,235915.60699878915
55,State,Utah,2013-01-31,204306.5274173765
19,State,Iowa,2013-01-31,125601.05571879772
42,State,Nevada,2013-01-31,146632.6163598597
6,State,Arkansas,2013-01-31,123041.98627853168
34,State,Mississippi,2013-01-31,117489.7500764095
23,State,Kansas,2013-01-31,121264.42828658498
41,State,New Mexico,2013-01-31,167108.836562732
38,State,Nebraska,2013-01-31,132476.4665072769
20,State,Idaho,2013-01-31,162178.07098524683
61,State,West Virginia,2013-01-31,105919.30994433748
18,State,Hawaii,2013-01-31,427466.58413654
39,State,New Hampshire,2013-01-31,212789.43513067148
28,State,Maine,2013-01-31,180819.5916482714
50,State,Rhode Island,2013-01-31,217655.59507208175
35,State,Montana,2013-01-31,191546.07445411792
13,State,Delaware,2013-01-31,218188.4133406945
52,State,South Dakota,2013-01-31,159405.39111965575
37,State,North Dakota,2013-01-31,188734.1189734233
3,State,Alaska,2013-01-31,262511.39396749384
12,State,District of Columbia,2013-01-31,394644.9586835935
58,State,Vermont,2013-01-31,225531.7754159945
62,State,Wyoming,2013-01-31,210483.05489709225
9,State,California,2013-02-28,314332.45311448094
54,State,Texas,2013-02-28,142947.89857148245
14,State,Florida,2013-02-28,142458.53255550007
43,State,New York,2013-02-28,257268.5895134443
47,State,Pennsylvania,2013-02-28,158195.2316959979
21,State,Illinois,2013-02-28,147020.1643988199
44,State,Ohio,2013-02-28,113206.45436637838
16,State,Georgia,2013-02-28,127898.80106612614
36,State,North Carolina,2013-02-28,153041.89681436282
30,State,Michigan,2013-02-28,104367.72842501703
40,State,New Jersey,2013-02-28,280473.6274785909
56,State,Virginia,2013-02-28,227220.72602103732
59,State,Washington,2013-02-28,234908.44211596737
8,State,Arizona,2013-02-28,165895.6413492877
26,State,Massachusetts,2013-02-28,308854.6001689989
53,State,Tennessee,2013-02-28,139846.92868504208
22,State,Indiana,2013-02-28,115735.72592988129
27,State,Maryland,2013-02-28,252678.7873951925
32,State,Missouri,2013-02-28,125575.99507336871
60,State,Wisconsin,2013-02-28,155074.32601497186
10,State,Colorado,2013-02-28,235172.04927093873
31,State,Minnesota,2013-02-28,171587.60484765586
51,State,South Carolina,2013-02-28,143928.77535405543
4,State,Alabama,2013-02-28,130879.28832465726
25,State,Louisiana,2013-02-28,163272.06962872492
24,State,Kentucky,2013-02-28,114362.86679048346
46,State,Oregon,2013-02-28,213486.58392331735
45,State,Oklahoma,2013-02-28,114967.08713794556
11,State,Connecticut,2013-02-28,236649.0780053317
55,State,Utah,2013-02-28,206080.90997704575
19,State,Iowa,2013-02-28,126197.45785536768
42,State,Nevada,2013-02-28,149050.52485963993
6,State,Arkansas,2013-02-28,123377.31261808476
34,State,Mississippi,2013-02-28,117483.89791304678
23,State,Kansas,2013-02-28,121353.48986035748
41,State,New Mexico,2013-02-28,166938.9884460648
38,State,Nebraska,2013-02-28,132776.50475073946
20,State,Idaho,2013-02-28,163470.60289020435
61,State,West Virginia,2013-02-28,105576.06110911178
18,State,Hawaii,2013-02-28,429020.9804229168
39,State,New Hampshire,2013-02-28,213404.97479907004
28,State,Maine,2013-02-28,180846.4432399215
50,State,Rhode Island,2013-02-28,217863.11841133577
35,State,Montana,2013-02-28,192142.18125561744
13,State,Delaware,2013-02-28,218256.00140312943
52,State,South Dakota,2013-02-28,160110.9121275512
37,State,North Dakota,2013-02-28,190644.69797090476
3,State,Alaska,2013-02-28,261983.63876492495
12,State,District of Columbia,2013-02-28,398171.42828171887
58,State,Vermont,2013-02-28,226374.21021202524
62,State,Wyoming,2013-02-28,211204.35751188904
9,State,California,2013-03-31,318029.5765216555
54,State,Texas,2013-03-31,143745.62123620676
14,State,Florida,2013-03-31,144176.79756841352
43,State,New York,2013-03-31,258072.10652448327
47,State,Pennsylvania,2013-03-31,158435.40567625625
21,State,Illinois,2013-03-31,147839.2196833715
44,State,Ohio,2013-03-31,113626.25621195717
16,State,Georgia,2013-03-31,129002.73473178498
36,State,North Carolina,2013-03-31,153286.48926745355
30,State,Michigan,2013-03-31,105356.80949404422
40,State,New Jersey,2013-03-31,280909.32240890915
56,State,Virginia,2013-03-31,228189.63867954593
59,State,Washington,2013-03-31,236763.52062549524
8,State,Arizona,2013-03-31,167847.53466843444
26,State,Massachusetts,2013-03-31,310249.17836637684
53,State,Tennessee,2013-03-31,140323.42209591685
22,State,Indiana,2013-03-31,115746.49972275044
27,State,Maryland,2013-03-31,254009.16418183883
32,State,Missouri,2013-03-31,125693.8951874574
60,State,Wisconsin,2013-03-31,155594.8338837234
10,State,Colorado,2013-03-31,236460.203613809
31,State,Minnesota,2013-03-31,172791.02431363627
51,State,South Carolina,2013-03-31,144363.12187043834
4,State,Alabama,2013-03-31,131126.92725141114
25,State,Louisiana,2013-03-31,163478.38696831095
24,State,Kentucky,2013-03-31,114267.98320781086
46,State,Oregon,2013-03-31,215311.38194658936
45,State,Oklahoma,2013-03-31,115059.96496705942
11,State,Connecticut,2013-03-31,237215.88791433536
55,State,Utah,2013-03-31,207822.68576658555
19,State,Iowa,2013-03-31,126668.80130858456
42,State,Nevada,2013-03-31,151886.9446278082
6,State,Arkansas,2013-03-31,123732.99138621596
34,State,Mississippi,2013-03-31,116994.33857658356
23,State,Kansas,2013-03-31,121312.31827615538
41,State,New Mexico,2013-03-31,166765.5778529868
38,State,Nebraska,2013-03-31,133182.60714629627
20,State,Idaho,2013-03-31,164882.29317909383
61,State,West Virginia,2013-03-31,105227.5202791508
18,State,Hawaii,2013-03-31,431039.6233264417
39,State,New Hampshire,2013-03-31,213833.62756564372
28,State,Maine,2013-03-31,180838.10374863457
50,State,Rhode Island,2013-03-31,218761.27363818444
35,State,Montana,2013-03-31,192447.79882711612
13,State,Delaware,2013-03-31,218662.67970627945
52,State,South Dakota,2013-03-31,160907.3748198589
37,State,North Dakota,2013-03-31,192188.7427730693
3,State,Alaska,2013-03-31,261301.54933412277
12,State,District of Columbia,2013-03-31,400300.58790205
58,State,Vermont,2013-03-31,227403.07763487697
62,State,Wyoming,2013-03-31,211909.44548545015
9,State,California,2013-04-30,322381.7438850007
54,State,Texas,2013-04-30,144502.95054444033
14,State,Florida,2013-04-30,145946.54021256868
43,State,New York,2013-04-30,258830.81325199944
47,State,Pennsylvania,2013-04-30,158884.72306549552
21,State,Illinois,2013-04-30,148964.99290216938
44,State,Ohio,2013-04-30,114215.85291162466
16,State,Georgia,2013-04-30,130389.39705763751
36,State,North Carolina,2013-04-30,153653.9281431659
30,State,Michigan,2013-04-30,106538.56122011092
40,State,New Jersey,2013-04-30,281412.0713523712
56,State,Virginia,2013-04-30,228977.64084996004
59,State,Washington,2013-04-30,238472.50205722867
8,State,Arizona,2013-04-30,170211.9513927762
26,State,Massachusetts,2013-04-30,311522.17920669186
53,State,Tennessee,2013-04-30,141062.79398203656
22,State,Indiana,2013-04-30,115871.9988950548
27,State,Maryland,2013-04-30,255335.66455469144
32,State,Missouri,2013-04-30,125992.03005414493
60,State,Wisconsin,2013-04-30,156156.85400571383
10,State,Colorado,2013-04-30,237602.0072680191
31,State,Minnesota,2013-04-30,173884.11853585657
51,State,South Carolina,2013-04-30,144883.81173425392
4,State,Alabama,2013-04-30,131613.08653004802
25,State,Louisiana,2013-04-30,163970.16001538103
24,State,Kentucky,2013-04-30,114259.16906623942
46,State,Oregon,2013-04-30,217062.49436858535
45,State,Oklahoma,2013-04-30,115177.18932441076
11,State,Connecticut,2013-04-30,237659.5486954384
55,State,Utah,2013-04-30,209686.49209400557
19,State,Iowa,2013-04-30,127151.6728950572
42,State,Nevada,2013-04-30,155236.38247178556
6,State,Arkansas,2013-04-30,124035.16676722736
34,State,Mississippi,2013-04-30,116542.43626766
23,State,Kansas,2013-04-30,121297.29326543036
41,State,New Mexico,2013-04-30,166833.56690046666
38,State,Nebraska,2013-04-30,133668.69025679436
20,State,Idaho,2013-04-30,166454.8994085935
61,State,West Virginia,2013-04-30,104740.9133134734
18,State,Hawaii,2013-04-30,432631.3872092382
39,State,New Hampshire,2013-04-30,214507.85938405525
28,State,Maine,2013-04-30,181484.86906804153
50,State,Rhode Island,2013-04-30,220072.98105978864
35,State,Montana,2013-04-30,193111.77421537903
13,State,Delaware,2013-04-30,219313.74860073987
52,State,South Dakota,2013-04-30,161638.3715744361
37,State,North Dakota,2013-04-30,193059.41690748977
3,State,Alaska,2013-04-30,261396.8380471951
12,State,District of Columbia,2013-04-30,402401.4393471658
58,State,Vermont,2013-04-30,228308.8184796646
62,State,Wyoming,2013-04-30,212490.9104000062
9,State,California,2013-05-31,328326.86693305505
54,State,Texas,2013-05-31,145367.3168873482
14,State,Florida,2013-05-31,147942.64698987847
43,State,New York,2013-05-31,259689.93666216117
47,State,Pennsylvania,2013-05-31,159549.65751651794
21,State,Illinois,2013-05-31,149929.73324719825
44,State,Ohio,2013-05-31,114983.3454851838
16,State,Georgia,2013-05-31,132116.15089943967
36,State,North Carolina,2013-05-31,154194.8152519257
30,State,Michigan,2013-05-31,107959.00549865846
40,State,New Jersey,2013-05-31,282277.6013928551
56,State,Virginia,2013-05-31,229829.66292192767
59,State,Washington,2013-05-31,240424.58817381735
8,State,Arizona,2013-05-31,172991.26688758642
26,State,Massachusetts,2013-05-31,312952.1333382852
53,State,Tennessee,2013-05-31,141913.40281823758
22,State,Indiana,2013-05-31,116180.92546748005
27,State,Maryland,2013-05-31,257002.49882811363
32,State,Missouri,2013-05-31,126413.57512437397
60,State,Wisconsin,2013-05-31,156773.5518728523
10,State,Colorado,2013-05-31,238911.49847588004
31,State,Minnesota,2013-05-31,175137.4170631351
51,State,South Carolina,2013-05-31,145472.86662936438
4,State,Alabama,2013-05-31,132303.58022578523
25,State,Louisiana,2013-05-31,164966.8352340256
24,State,Kentucky,2013-05-31,114513.42386022351
46,State,Oregon,2013-05-31,219050.84974527865
45,State,Oklahoma,2013-05-31,115378.61965269288
11,State,Connecticut,2013-05-31,238105.40882539176
55,State,Utah,2013-05-31,211920.23190748287
19,State,Iowa,2013-05-31,127829.75135522516
42,State,Nevada,2013-05-31,159412.34744031166
6,State,Arkansas,2013-05-31,124251.9605059984
34,State,Mississippi,2013-05-31,116186.19829054808
23,State,Kansas,2013-05-31,121432.33107866386
41,State,New Mexico,2013-05-31,167260.46021505888
38,State,Nebraska,2013-05-31,134080.22355528237
20,State,Idaho,2013-05-31,168274.44839312756
61,State,West Virginia,2013-05-31,104470.59812929842
18,State,Hawaii,2013-05-31,435001.81044609944
39,State,New Hampshire,2013-05-31,215209.03574853743
28,State,Maine,2013-05-31,182320.26587458912
50,State,Rhode Island,2013-05-31,221507.98347764928
35,State,Montana,2013-05-31,194101.0536577165
13,State,Delaware,2013-05-31,219779.56714322983
52,State,South Dakota,2013-05-31,162419.5744610027
37,State,North Dakota,2013-05-31,194355.71879322725
3,State,Alaska,2013-05-31,262050.0489560583
12,State,District of Columbia,2013-05-31,405353.4885917632
58,State,Vermont,2013-05-31,229108.95789418693
62,State,Wyoming,2013-05-31,212962.00728874383
9,State,California,2013-06-30,335520.98861877824
54,State,Texas,2013-06-30,146398.734170786
14,State,Florida,2013-06-30,149898.67063828
43,State,New York,2013-06-30,260883.5042077039
47,State,Pennsylvania,2013-06-30,160110.61707584417
21,State,Illinois,2013-06-30,151113.04710937128
44,State,Ohio,2013-06-30,115666.97274370896
16,State,Georgia,2013-06-30,133876.32205981185
36,State,North Carolina,2013-06-30,154867.27837276843
30,State,Michigan,2013-06-30,109480.8910239545
40,State,New Jersey,2013-06-30,283305.92599614384
56,State,Virginia,2013-06-30,230968.3413515857
59,State,Washington,2013-06-30,242556.17854256343
8,State,Arizona,2013-06-30,175908.72684523987
26,State,Massachusetts,2013-06-30,315096.34032855625
53,State,Tennessee,2013-06-30,142603.10345564064
22,State,Indiana,2013-06-30,116646.12700621894
27,State,Maryland,2013-06-30,258782.59675251137
32,State,Missouri,2013-06-30,127000.94989489652
60,State,Wisconsin,2013-06-30,157432.56330229863
10,State,Colorado,2013-06-30,240667.6102339601
31,State,Minnesota,2013-06-30,176530.14988417746
51,State,South Carolina,2013-06-30,146090.44321186715
4,State,Alabama,2013-06-30,132904.47159244536
25,State,Louisiana,2013-06-30,166186.4910615521
24,State,Kentucky,2013-06-30,115028.99016502908
46,State,Oregon,2013-06-30,221333.74187583177
45,State,Oklahoma,2013-06-30,115625.56377582764
11,State,Connecticut,2013-06-30,238720.32149345265
55,State,Utah,2013-06-30,214304.86494451275
19,State,Iowa,2013-06-30,128402.72813463902
42,State,Nevada,2013-06-30,164362.19445800994
6,State,Arkansas,2013-06-30,124407.51646183028
34,State,Mississippi,2013-06-30,116207.29554197892
23,State,Kansas,2013-06-30,121790.07869784046
41,State,New Mexico,2013-06-30,167676.12624872438
38,State,Nebraska,2013-06-30,134528.42980642605
20,State,Idaho,2013-06-30,170121.23560830604
61,State,West Virginia,2013-06-30,104271.70305196317
18,State,Hawaii,2013-06-30,437867.10730150406
39,State,New Hampshire,2013-06-30,216284.20790620832
28,State,Maine,2013-06-30,183577.6260168644
50,State,Rhode Island,2013-06-30,222924.7228252642
35,State,Montana,2013-06-30,195223.7811173523
13,State,Delaware,2013-06-30,220545.7292661967
52,State,South Dakota,2013-06-30,163089.59063306832
37,State,North Dakota,2013-06-30,195791.04438745175
3,State,Alaska,2013-06-30,263405.8329689714
12,State,District of Columbia,2013-06-30,409887.2551493387
58,State,Vermont,2013-06-30,229854.54626299036
62,State,Wyoming,2013-06-30,213378.47593508556
9,State,California,2013-07-31,342727.5359575946
54,State,Texas,2013-07-31,147388.58551908133
14,State,Florida,2013-07-31,151777.6138300466
43,State,New York,2013-07-31,262072.8265826266
47,State,Pennsylvania,2013-07-31,160275.98520476735
21,State,Illinois,2013-07-31,152078.4155922539
44,State,Ohio,2013-07-31,116204.51576678676
16,State,Georgia,2013-07-31,135588.20805214145
36,State,North Carolina,2013-07-31,155555.81466940677
30,State,Michigan,2013-07-31,110949.21957477172
40,State,New Jersey,2013-07-31,284465.75855255837
56,State,Virginia,2013-07-31,232060.2167275563
59,State,Washington,2013-07-31,244575.7219674613
8,State,Arizona,2013-07-31,178711.69489780333
26,State,Massachusetts,2013-07-31,317351.9798042194
53,State,Tennessee,2013-07-31,143070.42558633306
22,State,Indiana,2013-07-31,117183.58857924114
27,State,Maryland,2013-07-31,260263.34166843587
32,State,Missouri,2013-07-31,127645.73915255856
60,State,Wisconsin,2013-07-31,157996.89030935406
10,State,Colorado,2013-07-31,242700.49588996032
31,State,Minnesota,2013-07-31,178083.87715787813
51,State,South Carolina,2013-07-31,146620.54067766425
4,State,Alabama,2013-07-31,133309.45644954787
25,State,Louisiana,2013-07-31,166997.67042313443
24,State,Kentucky,2013-07-31,115543.95801012556
46,State,Oregon,2013-07-31,223592.0557851444
45,State,Oklahoma,2013-07-31,115798.10959330657
11,State,Connecticut,2013-07-31,239377.78665509005
55,State,Utah,2013-07-31,216553.30643680328
19,State,Iowa,2013-07-31,128851.7343824514
42,State,Nevada,2013-07-31,169293.3184550401
6,State,Arkansas,2013-07-31,124431.26480369765
34,State,Mississippi,2013-07-31,116160.04594218588
23,State,Kansas,2013-07-31,122108.49532300072
41,State,New Mexico,2013-07-31,167745.4223094652
38,State,Nebraska,2013-07-31,134999.74809877065
20,State,Idaho,2013-07-31,171838.98153497127
61,State,West Virginia,2013-07-31,103954.90194736888
18,State,Hawaii,2013-07-31,441541.0163667384
39,State,New Hampshire,2013-07-31,217139.38185654735
28,State,Maine,2013-07-31,184500.13357484507
50,State,Rhode Island,2013-07-31,224132.0450549817
35,State,Montana,2013-07-31,196082.0316807728
13,State,Delaware,2013-07-31,221188.12770374565
52,State,South Dakota,2013-07-31,163630.3835721104
37,State,North Dakota,2013-07-31,197234.7650969096
3,State,Alaska,2013-07-31,264799.1339052966
12,State,District of Columbia,2013-07-31,414872.6636714279
58,State,Vermont,2013-07-31,230351.16068939908
62,State,Wyoming,2013-07-31,213365.0698957419
9,State,California,2013-08-31,349620.4278704485
54,State,Texas,2013-08-31,148348.21030346374
14,State,Florida,2013-08-31,153571.52662200536
43,State,New York,2013-08-31,263140.8910775424
47,State,Pennsylvania,2013-08-31,160333.68017100682
21,State,Illinois,2013-08-31,153347.93636231183
44,State,Ohio,2013-08-31,116693.34765510746
16,State,Georgia,2013-08-31,137191.2990156583
36,State,North Carolina,2013-08-31,156211.91282260252
30,State,Michigan,2013-08-31,112578.1867606913
40,State,New Jersey,2013-08-31,285825.9730219392
56,State,Virginia,2013-08-31,233103.21398833135
59,State,Washington,2013-08-31,246361.6338297861
8,State,Arizona,2013-08-31,181370.53578930165
26,State,Massachusetts,2013-08-31,319374.9158748249
53,State,Tennessee,2013-08-31,143449.72258947094
22,State,Indiana,2013-08-31,117764.06058271212
27,State,Maryland,2013-08-31,261263.9198437951
32,State,Missouri,2013-08-31,128502.21491621454
60,State,Wisconsin,2013-08-31,158673.64165649717
10,State,Colorado,2013-08-31,244810.74183504152
31,State,Minnesota,2013-08-31,179826.7080163593
51,State,South Carolina,2013-08-31,147165.9366630807
4,State,Alabama,2013-08-31,133678.172271324
25,State,Louisiana,2013-08-31,167948.310931217
24,State,Kentucky,2013-08-31,116124.25347567927
46,State,Oregon,2013-08-31,225803.94286026244
45,State,Oklahoma,2013-08-31,116209.14848731951
11,State,Connecticut,2013-08-31,239931.89678898532
55,State,Utah,2013-08-31,218613.1809085821
19,State,Iowa,2013-08-31,129506.51160644463
42,State,Nevada,2013-08-31,173699.38468457747
6,State,Arkansas,2013-08-31,124543.7987925627
34,State,Mississippi,2013-08-31,116533.65284702758
23,State,Kansas,2013-08-31,122512.36067830282
41,State,New Mexico,2013-08-31,167782.88364720132
38,State,Nebraska,2013-08-31,135646.97002381124
20,State,Idaho,2013-08-31,173354.46130964204
61,State,West Virginia,2013-08-31,104060.8461174516
18,State,Hawaii,2013-08-31,445592.3478356027
39,State,New Hampshire,2013-08-31,218017.47503493915
28,State,Maine,2013-08-31,185226.5331325911
50,State,Rhode Island,2013-08-31,225189.9818805271
35,State,Montana,2013-08-31,196952.05072866564
13,State,Delaware,2013-08-31,222379.20535148968
52,State,South Dakota,2013-08-31,164250.77676733793
37,State,North Dakota,2013-08-31,198807.14863281697
3,State,Alaska,2013-08-31,266117.57508374465
12,State,District of Columbia,2013-08-31,419738.7292661688
58,State,Vermont,2013-08-31,230829.7436373555
62,State,Wyoming,2013-08-31,213336.24004935063
9,State,California,2013-09-30,356375.3880791893
54,State,Texas,2013-09-30,149097.2103275605
14,State,Florida,2013-09-30,155314.90974532464
43,State,New York,2013-09-30,263913.121786795
47,State,Pennsylvania,2013-09-30,160261.24415242937
21,State,Illinois,2013-09-30,154502.87650134263
44,State,Ohio,2013-09-30,117090.45370291876
16,State,Georgia,2013-09-30,138568.04022373693
36,State,North Carolina,2013-09-30,156740.23326542007
30,State,Michigan,2013-09-30,114020.85222234049
40,State,New Jersey,2013-09-30,287418.2960416974
56,State,Virginia,2013-09-30,233954.29132123297
59,State,Washington,2013-09-30,248109.7699858391
8,State,Arizona,2013-09-30,183796.18048179697
26,State,Massachusetts,2013-09-30,321202.2878855522
53,State,Tennessee,2013-09-30,143790.7466728142
22,State,Indiana,2013-09-30,118232.56881682132
27,State,Maryland,2013-09-30,262194.6603093399
32,State,Missouri,2013-09-30,129245.39821843187
60,State,Wisconsin,2013-09-30,159285.7909074954
10,State,Colorado,2013-09-30,246843.09571794255
31,State,Minnesota,2013-09-30,181503.816968244
51,State,South Carolina,2013-09-30,147641.5095955174
4,State,Alabama,2013-09-30,133985.16127425173
25,State,Louisiana,2013-09-30,168718.0133450611
24,State,Kentucky,2013-09-30,116436.00710283346
46,State,Oregon,2013-09-30,227891.91416565425
45,State,Oklahoma,2013-09-30,116474.37505194226
11,State,Connecticut,2013-09-30,240385.88273780336
55,State,Utah,2013-09-30,220454.14638161784
19,State,Iowa,2013-09-30,129946.72355937435
42,State,Nevada,2013-09-30,177652.07316187877
6,State,Arkansas,2013-09-30,124714.4524549202
34,State,Mississippi,2013-09-30,116620.59157397295
23,State,Kansas,2013-09-30,122819.64543875348
41,State,New Mexico,2013-09-30,167676.4643157163
38,State,Nebraska,2013-09-30,136193.29935829373
20,State,Idaho,2013-09-30,174761.95047049513
61,State,West Virginia,2013-09-30,104407.422424998
18,State,Hawaii,2013-09-30,450532.9202143559
39,State,New Hampshire,2013-09-30,218949.75842162492
28,State,Maine,2013-09-30,185775.55414043265
50,State,Rhode Island,2013-09-30,226135.3531685619
35,State,Montana,2013-09-30,197879.9570926325
13,State,Delaware,2013-09-30,223356.714813894
52,State,South Dakota,2013-09-30,164814.9467353993
37,State,North Dakota,2013-09-30,200330.53173920105
3,State,Alaska,2013-09-30,267637.0834112605
12,State,District of Columbia,2013-09-30,425394.9522409353
58,State,Vermont,2013-09-30,231410.34553484037
62,State,Wyoming,2013-09-30,213508.39748991453
9,State,California,2013-10-31,363046.9523781818
54,State,Texas,2013-10-31,149951.23645485126
14,State,Florida,2013-10-31,157155.5530600365
43,State,New York,2013-10-31,264732.8229708574
47,State,Pennsylvania,2013-10-31,160485.74848245832
21,State,Illinois,2013-10-31,155977.7977992827
44,State,Ohio,2013-10-31,117477.93009279348
16,State,Georgia,2013-10-31,139978.18042013873
36,State,North Carolina,2013-10-31,157277.34134099088
30,State,Michigan,2013-10-31,115399.60039219428
40,State,New Jersey,2013-10-31,288999.1103060667
56,State,Virginia,2013-10-31,234830.37773949272
59,State,Washington,2013-10-31,249928.4348634781
8,State,Arizona,2013-10-31,185961.215487972
26,State,Massachusetts,2013-10-31,323092.1238994477
53,State,Tennessee,2013-10-31,144282.189408995
22,State,Indiana,2013-10-31,118628.69498246686
27,State,Maryland,2013-10-31,263302.9949282559
32,State,Missouri,2013-10-31,129964.11930129788
60,State,Wisconsin,2013-10-31,159907.24544573473
10,State,Colorado,2013-10-31,248782.07699227807
31,State,Minnesota,2013-10-31,183173.65127311193
51,State,South Carolina,2013-10-31,148239.16870978937
4,State,Alabama,2013-10-31,134486.5540605776
25,State,Louisiana,2013-10-31,169377.5818704923
24,State,Kentucky,2013-10-31,116768.4631847571
46,State,Oregon,2013-10-31,230008.3434902743
45,State,Oklahoma,2013-10-31,117018.80005326588
11,State,Connecticut,2013-10-31,240848.53672953055
55,State,Utah,2013-10-31,222179.5941601103
19,State,Iowa,2013-10-31,130429.98115486954
42,State,Nevada,2013-10-31,181271.21424218567
6,State,Arkansas,2013-10-31,125038.02529980204
34,State,Mississippi,2013-10-31,117009.01468520371
23,State,Kansas,2013-10-31,123257.7205364023
41,State,New Mexico,2013-10-31,167689.9631768126
38,State,Nebraska,2013-10-31,136763.87691330348
20,State,Idaho,2013-10-31,176167.19693390245
61,State,West Virginia,2013-10-31,105167.36530354428
18,State,Hawaii,2013-10-31,455789.7131591478
39,State,New Hampshire,2013-10-31,220036.5996100077
28,State,Maine,2013-10-31,186165.56272992492
50,State,Rhode Island,2013-10-31,227074.79982570547
35,State,Montana,2013-10-31,198910.38364792263
13,State,Delaware,2013-10-31,224978.03226024297
52,State,South Dakota,2013-10-31,165641.63071450515
37,State,North Dakota,2013-10-31,202168.66932670583
3,State,Alaska,2013-10-31,268545.8968478919
12,State,District of Columbia,2013-10-31,431606.9306115467
58,State,Vermont,2013-10-31,231993.85190242165
62,State,Wyoming,2013-10-31,214001.39519286496
9,State,California,2013-11-30,368643.09391428553
54,State,Texas,2013-11-30,150733.5171940541
14,State,Florida,2013-11-30,158781.28106211845
43,State,New York,2013-11-30,265412.0591325699
47,State,Pennsylvania,2013-11-30,160646.91128338486
21,State,Illinois,2013-11-30,157253.24338970296
44,State,Ohio,2013-11-30,117557.17933367509
16,State,Georgia,2013-11-30,141104.92914103143
36,State,North Carolina,2013-11-30,157548.31829097806
30,State,Michigan,2013-11-30,116253.7210991489
40,State,New Jersey,2013-11-30,289894.6377637491
56,State,Virginia,2013-11-30,235411.53357158715
59,State,Washington,2013-11-30,251624.96629750056
8,State,Arizona,2013-11-30,187594.52291749933
26,State,Massachusetts,2013-11-30,324950.94807677675
53,State,Tennessee,2013-11-30,144626.69284537667
22,State,Indiana,2013-11-30,118718.6085817538
27,State,Maryland,2013-11-30,264573.47250894195
32,State,Missouri,2013-11-30,130217.05444533045
60,State,Wisconsin,2013-11-30,160032.82583464062
10,State,Colorado,2013-11-30,250461.22398307067
31,State,Minnesota,2013-11-30,184446.7460386864
51,State,South Carolina,2013-11-30,148599.637861398
4,State,Alabama,2013-11-30,134800.46370072756
25,State,Louisiana,2013-11-30,169605.24508485672
24,State,Kentucky,2013-11-30,116823.00077149202
46,State,Oregon,2013-11-30,231824.5096611831
45,State,Oklahoma,2013-11-30,117526.5068188476
11,State,Connecticut,2013-11-30,241285.8688836265
55,State,Utah,2013-11-30,223529.2538761772
19,State,Iowa,2013-11-30,130726.34781205708
42,State,Nevada,2013-11-30,184442.5848295633
6,State,Arkansas,2013-11-30,125117.2532194139
34,State,Mississippi,2013-11-30,117165.03829127597
23,State,Kansas,2013-11-30,123561.85734043091
41,State,New Mexico,2013-11-30,167512.7924408835
38,State,Nebraska,2013-11-30,137023.42552923385
20,State,Idaho,2013-11-30,177146.13103861405
61,State,West Virginia,2013-11-30,105474.89282547262
18,State,Hawaii,2013-11-30,459904.23671078106
39,State,New Hampshire,2013-11-30,220718.8127455985
28,State,Maine,2013-11-30,186384.28864520416
50,State,Rhode Island,2013-11-30,227943.79608869995
35,State,Montana,2013-11-30,199752.0837938313
13,State,Delaware,2013-11-30,226718.91248017224
52,State,South Dakota,2013-11-30,166138.76007468998
37,State,North Dakota,2013-11-30,203515.7122795596
3,State,Alaska,2013-11-30,268952.1215178966
12,State,District of Columbia,2013-11-30,436980.1110805173
58,State,Vermont,2013-11-30,231820.03773630064
62,State,Wyoming,2013-11-30,214253.0212116255
9,State,California,2013-12-31,373150.8807142917
54,State,Texas,2013-12-31,151611.11967028608
14,State,Florida,2013-12-31,160439.9675450646
43,State,New York,2013-12-31,265870.82525952434
47,State,Pennsylvania,2013-12-31,160865.93018777863
21,State,Illinois,2013-12-31,158457.56198357994
44,State,Ohio,2013-12-31,117634.1065770305
16,State,Georgia,2013-12-31,142337.13325949537
36,State,North Carolina,2013-12-31,157790.18180911845
30,State,Michigan,2013-12-31,116982.87219291613
40,State,New Jersey,2013-12-31,290579.7701921163
56,State,Virginia,2013-12-31,235852.83333229655
59,State,Washington,2013-12-31,253381.70219119437
8,State,Arizona,2013-12-31,188772.0780504284
26,State,Massachusetts,2013-12-31,326884.4622786147
53,State,Tennessee,2013-12-31,145107.93115436155
22,State,Indiana,2013-12-31,118774.50718653631
27,State,Maryland,2013-12-31,265962.59162444697
32,State,Missouri,2013-12-31,130251.68331513414
60,State,Wisconsin,2013-12-31,160234.18709446056
10,State,Colorado,2013-12-31,252003.22857652357
31,State,Minnesota,2013-12-31,185632.24656799584
51,State,South Carolina,2013-12-31,148973.6800845484
4,State,Alabama,2013-12-31,135206.29709745923
25,State,Louisiana,2013-12-31,169285.1184498144
24,State,Kentucky,2013-12-31,116963.34530581458
46,State,Oregon,2013-12-31,233624.05817063
45,State,Oklahoma,2013-12-31,118051.164597076
11,State,Connecticut,2013-12-31,241750.2203412609
55,State,Utah,2013-12-31,224484.70735564057
19,State,Iowa,2013-12-31,131004.03128884415
42,State,Nevada,2013-12-31,186644.7625499504
6,State,Arkansas,2013-12-31,124989.80453239453
34,State,Mississippi,2013-12-31,117415.7659453462
23,State,Kansas,2013-12-31,123771.84190756676
41,State,New Mexico,2013-12-31,167435.97325167424
38,State,Nebraska,2013-12-31,137344.95361395963
20,State,Idaho,2013-12-31,177891.09735572815
61,State,West Virginia,2013-12-31,105319.55916622166
18,State,Hawaii,2013-12-31,462933.0024654741
39,State,New Hampshire,2013-12-31,221218.2598989555
28,State,Maine,2013-12-31,186381.456133742
50,State,Rhode Island,2013-12-31,228485.9254935115
35,State,Montana,2013-12-31,200639.6154379217
13,State,Delaware,2013-12-31,228093.15108888232
52,State,South Dakota,2013-12-31,166383.73769896053
37,State,North Dakota,2013-12-31,204557.62644214163
3,State,Alaska,2013-12-31,268395.67748986656
12,State,District of Columbia,2013-12-31,440812.016277002
58,State,Vermont,2013-12-31,231336.62760607243
62,State,Wyoming,2013-12-31,214294.12757580788
9,State,California,2014-01-31,376413.5218191445
54,State,Texas,2014-01-31,152641.82117629782
14,State,Florida,2014-01-31,162018.75599462804
43,State,New York,2014-01-31,266265.0202690145
47,State,Pennsylvania,2014-01-31,161010.50113868178
21,State,Illinois,2014-01-31,159334.03978801213
44,State,Ohio,2014-01-31,117602.2124868511
16,State,Georgia,2014-01-31,143454.00201325933
36,State,North Carolina,2014-01-31,158034.85527538575
30,State,Michigan,2014-01-31,117714.99317839874
40,State,New Jersey,2014-01-31,291524.1511390552
56,State,Virginia,2014-01-31,236211.87426805255
59,State,Washington,2014-01-31,255134.81055699592
8,State,Arizona,2014-01-31,189973.4826062499
26,State,Massachusetts,2014-01-31,328723.8957877531
53,State,Tennessee,2014-01-31,145535.6639994741
22,State,Indiana,2014-01-31,118832.52940640996
27,State,Maryland,2014-01-31,267317.14881736453
32,State,Missouri,2014-01-31,130164.37993231918
60,State,Wisconsin,2014-01-31,160488.79506326967
10,State,Colorado,2014-01-31,253294.92900072635
31,State,Minnesota,2014-01-31,186671.09551729332
51,State,South Carolina,2014-01-31,149319.19950296258
4,State,Alabama,2014-01-31,135559.0006174751
25,State,Louisiana,2014-01-31,168863.81555264562
24,State,Kentucky,2014-01-31,117059.3371048195
46,State,Oregon,2014-01-31,235302.85552804367
45,State,Oklahoma,2014-01-31,118334.3911042218
11,State,Connecticut,2014-01-31,242123.44228005115
55,State,Utah,2014-01-31,225255.91794513015
19,State,Iowa,2014-01-31,131262.14992758076
42,State,Nevada,2014-01-31,188140.0038054517
6,State,Arkansas,2014-01-31,124986.44627813331
34,State,Mississippi,2014-01-31,117655.8945291356
23,State,Kansas,2014-01-31,123787.9061677305
41,State,New Mexico,2014-01-31,167762.38402697878
38,State,Nebraska,2014-01-31,137502.597039856
20,State,Idaho,2014-01-31,178416.67368838552
61,State,West Virginia,2014-01-31,104790.4810935838
18,State,Hawaii,2014-01-31,465280.8615751594
39,State,New Hampshire,2014-01-31,221666.6402521653
28,State,Maine,2014-01-31,186380.54219709733
50,State,Rhode Island,2014-01-31,228906.34230217183
35,State,Montana,2014-01-31,201563.97810461663
13,State,Delaware,2014-01-31,229066.95174008547
52,State,South Dakota,2014-01-31,166484.8737721534
37,State,North Dakota,2014-01-31,205178.12201729175
3,State,Alaska,2014-01-31,267560.5821204694
12,State,District of Columbia,2014-01-31,443257.54220979946
58,State,Vermont,2014-01-31,230966.3814689216
62,State,Wyoming,2014-01-31,214241.3882141929
9,State,California,2014-02-28,379110.9212844924
54,State,Texas,2014-02-28,153805.2712614784
14,State,Florida,2014-02-28,163720.1866302525
43,State,New York,2014-02-28,266805.056937328
47,State,Pennsylvania,2014-02-28,161111.77272535535
21,State,Illinois,2014-02-28,160281.64518283276
44,State,Ohio,2014-02-28,117714.72070279536
16,State,Georgia,2014-02-28,144702.98088457753
36,State,North Carolina,2014-02-28,158540.27297977265
30,State,Michigan,2014-02-28,118698.55175939342
40,State,New Jersey,2014-02-28,293215.2650153274
56,State,Virginia,2014-02-28,236495.93502830085
59,State,Washington,2014-02-28,256842.19268126413
8,State,Arizona,2014-02-28,191254.18402867156
26,State,Massachusetts,2014-02-28,330368.733246348
53,State,Tennessee,2014-02-28,146154.87090272398
22,State,Indiana,2014-02-28,119059.50588714752
27,State,Maryland,2014-02-28,268686.1301884734
32,State,Missouri,2014-02-28,130162.4104266819
60,State,Wisconsin,2014-02-28,161111.678158402
10,State,Colorado,2014-02-28,254614.35040082203
31,State,Minnesota,2014-02-28,187827.3187373101
51,State,South Carolina,2014-02-28,149927.68171497365
4,State,Alabama,2014-02-28,136082.98319880207
25,State,Louisiana,2014-02-28,168601.31966773816
24,State,Kentucky,2014-02-28,117238.21051901951
46,State,Oregon,2014-02-28,236939.06711616236
45,State,Oklahoma,2014-02-28,118479.64645024716
11,State,Connecticut,2014-02-28,242382.1147306683
55,State,Utah,2014-02-28,225890.66053782043
19,State,Iowa,2014-02-28,131279.9181095358
42,State,Nevada,2014-02-28,189642.01044344108
6,State,Arkansas,2014-02-28,125273.65443701664
34,State,Mississippi,2014-02-28,118083.11524381404
23,State,Kansas,2014-02-28,123644.24621576077
41,State,New Mexico,2014-02-28,168353.02521556048
38,State,Nebraska,2014-02-28,137722.96456608755
20,State,Idaho,2014-02-28,179109.37027676086
61,State,West Virginia,2014-02-28,104364.05501248012
18,State,Hawaii,2014-02-28,467901.9689690528
39,State,New Hampshire,2014-02-28,222216.6597310796
28,State,Maine,2014-02-28,186448.95354218816
50,State,Rhode Island,2014-02-28,229299.86688611435
35,State,Montana,2014-02-28,202437.515651451
13,State,Delaware,2014-02-28,229456.64836865928
52,State,South Dakota,2014-02-28,166402.54029501043
37,State,North Dakota,2014-02-28,205656.3887598091
3,State,Alaska,2014-02-28,266728.7553719876
12,State,District of Columbia,2014-02-28,446184.8964878694
58,State,Vermont,2014-02-28,231176.3565356382
62,State,Wyoming,2014-02-28,214287.643070391
9,State,California,2014-03-31,381564.05317459867
54,State,Texas,2014-03-31,154978.98962528302
14,State,Florida,2014-03-31,165315.82956639267
43,State,New York,2014-03-31,267796.6651817613
47,State,Pennsylvania,2014-03-31,161212.61453131773
21,State,Illinois,2014-03-31,161106.28167928403
44,State,Ohio,2014-03-31,117863.94546781087
16,State,Georgia,2014-03-31,145862.2696910179
36,State,North Carolina,2014-03-31,159083.39376719785
30,State,Michigan,2014-03-31,119590.37786809956
40,State,New Jersey,2014-03-31,295423.67821199895
56,State,Virginia,2014-03-31,236988.65333847053
59,State,Washington,2014-03-31,258396.98618162857
8,State,Arizona,2014-03-31,192546.97051723688
26,State,Massachusetts,2014-03-31,331828.4705481185
53,State,Tennessee,2014-03-31,146680.1356344672
22,State,Indiana,2014-03-31,119305.74553728884
27,State,Maryland,2014-03-31,270029.36442981334
32,State,Missouri,2014-03-31,130260.10562544833
60,State,Wisconsin,2014-03-31,161825.1468865135
10,State,Colorado,2014-03-31,255869.8035292047
31,State,Minnesota,2014-03-31,189001.65251110573
51,State,South Carolina,2014-03-31,150481.36396956068
4,State,Alabama,2014-03-31,136483.66449175202
25,State,Louisiana,2014-03-31,168449.14943232771
24,State,Kentucky,2014-03-31,117297.11054893164
46,State,Oregon,2014-03-31,238549.27098989708
45,State,Oklahoma,2014-03-31,118494.70524486453
11,State,Connecticut,2014-03-31,242770.70402036907
55,State,Utah,2014-03-31,226742.2805109977
19,State,Iowa,2014-03-31,131533.19357938398
42,State,Nevada,2014-03-31,191225.7633188913
6,State,Arkansas,2014-03-31,125525.61641903274
34,State,Mississippi,2014-03-31,118409.1280271447
23,State,Kansas,2014-03-31,123587.54253520723
41,State,New Mexico,2014-03-31,168925.60514009313
38,State,Nebraska,2014-03-31,137938.1153113181
20,State,Idaho,2014-03-31,179921.2619412014
61,State,West Virginia,2014-03-31,103625.70379658436
18,State,Hawaii,2014-03-31,470788.052964201
39,State,New Hampshire,2014-03-31,222823.50960650135
28,State,Maine,2014-03-31,186596.1423873941
50,State,Rhode Island,2014-03-31,230081.08184798548
35,State,Montana,2014-03-31,203289.4268884735
13,State,Delaware,2014-03-31,229905.89334862423
52,State,South Dakota,2014-03-31,166464.7103926066
37,State,North Dakota,2014-03-31,205980.04293182425
3,State,Alaska,2014-03-31,266211.036277353
12,State,District of Columbia,2014-03-31,448766.3929562161
58,State,Vermont,2014-03-31,231592.0527304868
62,State,Wyoming,2014-03-31,214387.61051829855
9,State,California,2014-04-30,384555.790623506
54,State,Texas,2014-04-30,155999.25250610363
14,State,Florida,2014-04-30,166736.7830328873
43,State,New York,2014-04-30,268950.88855581096
47,State,Pennsylvania,2014-04-30,161465.07204769822
21,State,Illinois,2014-04-30,161948.58110151425
44,State,Ohio,2014-04-30,118270.33914465872
16,State,Georgia,2014-04-30,147050.07042453412
36,State,North Carolina,2014-04-30,159650.2367684388
30,State,Michigan,2014-04-30,120601.5740092137
40,State,New Jersey,2014-04-30,297586.20665180293
56,State,Virginia,2014-04-30,237569.06680913852
59,State,Washington,2014-04-30,259772.2465459077
8,State,Arizona,2014-04-30,193515.9409561111
26,State,Massachusetts,2014-04-30,333361.5521472888
53,State,Tennessee,2014-04-30,147337.00508869338
22,State,Indiana,2014-04-30,119747.17467777764
27,State,Maryland,2014-04-30,271489.0049958594
32,State,Missouri,2014-04-30,130518.82384813696
60,State,Wisconsin,2014-04-30,162620.54163000616
10,State,Colorado,2014-04-30,257310.9173499448
31,State,Minnesota,2014-04-30,190072.0624746229
51,State,South Carolina,2014-04-30,151055.9238582372
4,State,Alabama,2014-04-30,136887.2253795201
25,State,Louisiana,2014-04-30,168519.31526874393
24,State,Kentucky,2014-04-30,117567.52044259208
46,State,Oregon,2014-04-30,240132.22546682184
45,State,Oklahoma,2014-04-30,118625.18950102448
11,State,Connecticut,2014-04-30,243303.60303010745
55,State,Utah,2014-04-30,227476.49887221435
19,State,Iowa,2014-04-30,132051.53579699932
42,State,Nevada,2014-04-30,193135.8850513027
6,State,Arkansas,2014-04-30,125728.64590182812
34,State,Mississippi,2014-04-30,118730.32771908963
23,State,Kansas,2014-04-30,123656.7046059101
41,State,New Mexico,2014-04-30,169307.89201415612
38,State,Nebraska,2014-04-30,138346.75863747133
20,State,Idaho,2014-04-30,180781.4376400589
61,State,West Virginia,2014-04-30,103022.12252658098
18,State,Hawaii,2014-04-30,473804.0669676036
39,State,New Hampshire,2014-04-30,223397.68844268649
28,State,Maine,2014-04-30,186863.3481536788
50,State,Rhode Island,2014-04-30,231359.6247681029
35,State,Montana,2014-04-30,204054.79293905743
13,State,Delaware,2014-04-30,229789.51528806568
52,State,South Dakota,2014-04-30,166535.65374715466
37,State,North Dakota,2014-04-30,206363.71399766716
3,State,Alaska,2014-04-30,266609.99608460855
12,State,District of Columbia,2014-04-30,452011.9228799513
58,State,Vermont,2014-04-30,231877.4656537954
62,State,Wyoming,2014-04-30,214583.807099372
9,State,California,2014-05-31,387748.285315
54,State,Texas,2014-05-31,157032.75443334246
14,State,Florida,2014-05-31,168138.32431958077
43,State,New York,2014-05-31,270323.03939140675
47,State,Pennsylvania,2014-05-31,161926.353952268
21,State,Illinois,2014-05-31,162818.05553167663
44,State,Ohio,2014-05-31,118978.12473093062
16,State,Georgia,2014-05-31,148267.36502845623
36,State,North Carolina,2014-05-31,160245.00891310791
30,State,Michigan,2014-05-31,121603.66417462374
40,State,New Jersey,2014-05-31,299637.2097739799
56,State,Virginia,2014-05-31,238469.66271357183
59,State,Washington,2014-05-31,261259.8554794016
8,State,Arizona,2014-05-31,194303.05874113188
26,State,Massachusetts,2014-05-31,335118.1908236303
53,State,Tennessee,2014-05-31,148099.43409254096
22,State,Indiana,2014-05-31,120362.1711751937
27,State,Maryland,2014-05-31,272753.16652325954
32,State,Missouri,2014-05-31,131084.03000119212
60,State,Wisconsin,2014-05-31,163427.3873075629
10,State,Colorado,2014-05-31,258863.8058773149
31,State,Minnesota,2014-05-31,191047.86795568312
51,State,South Carolina,2014-05-31,151629.5142822649
4,State,Alabama,2014-05-31,137255.93383695706
25,State,Louisiana,2014-05-31,168755.9535038766
24,State,Kentucky,2014-05-31,118070.47112084665
46,State,Oregon,2014-05-31,241919.28227840943
45,State,Oklahoma,2014-05-31,118951.87794613682
11,State,Connecticut,2014-05-31,244070.46954753503
55,State,Utah,2014-05-31,228399.7973103139
19,State,Iowa,2014-05-31,132787.43634752047
42,State,Nevada,2014-05-31,195057.96107387243
6,State,Arkansas,2014-05-31,126031.91033554
34,State,Mississippi,2014-05-31,119200.23923984448
23,State,Kansas,2014-05-31,124073.52419201196
41,State,New Mexico,2014-05-31,169877.79234213306
38,State,Nebraska,2014-05-31,138915.3910378222
20,State,Idaho,2014-05-31,181833.6197144861
61,State,West Virginia,2014-05-31,102390.19758502376
18,State,Hawaii,2014-05-31,477113.2906185124
39,State,New Hampshire,2014-05-31,224297.68960191496
28,State,Maine,2014-05-31,187556.82343158592
50,State,Rhode Island,2014-05-31,232732.43577876256
35,State,Montana,2014-05-31,205082.81487687497
13,State,Delaware,2014-05-31,230184.0173137656
52,State,South Dakota,2014-05-31,166880.67593184015
37,State,North Dakota,2014-05-31,206977.41689536892
3,State,Alaska,2014-05-31,267510.09335911594
12,State,District of Columbia,2014-05-31,454872.5703661772
58,State,Vermont,2014-05-31,232653.1951284449
62,State,Wyoming,2014-05-31,215227.5160594754
9,State,California,2014-06-30,390377.3577332469
54,State,Texas,2014-06-30,158082.04824896512
14,State,Florida,2014-06-30,169299.78264807476
43,State,New York,2014-06-30,271269.5074855664
47,State,Pennsylvania,2014-06-30,162413.94578591874
21,State,Illinois,2014-06-30,163747.08750325177
44,State,Ohio,2014-06-30,119737.0997129
16,State,Georgia,2014-06-30,149286.55970181074
36,State,North Carolina,2014-06-30,160748.06985777404
30,State,Michigan,2014-06-30,122743.74009209126
40,State,New Jersey,2014-06-30,300854.4765960073
56,State,Virginia,2014-06-30,239086.69292379683
59,State,Washington,2014-06-30,262345.79691649735
8,State,Arizona,2014-06-30,194863.53092394109
26,State,Massachusetts,2014-06-30,336466.966503056
53,State,Tennessee,2014-06-30,148906.57704335524
22,State,Indiana,2014-06-30,121027.52728590864
27,State,Maryland,2014-06-30,273482.0930394267
32,State,Missouri,2014-06-30,131808.4692598793
60,State,Wisconsin,2014-06-30,164079.88716020057
10,State,Colorado,2014-06-30,260443.33191569228
31,State,Minnesota,2014-06-30,191653.80727611008
51,State,South Carolina,2014-06-30,152198.0028818415
4,State,Alabama,2014-06-30,137525.96741941915
25,State,Louisiana,2014-06-30,169361.52516538533
24,State,Kentucky,2014-06-30,118813.68876686283
46,State,Oregon,2014-06-30,243351.05240842816
45,State,Oklahoma,2014-06-30,119500.82850967026
11,State,Connecticut,2014-06-30,244510.66918097215
55,State,Utah,2014-06-30,229008.89648690892
19,State,Iowa,2014-06-30,133576.54661019973
42,State,Nevada,2014-06-30,197260.81931139555
6,State,Arkansas,2014-06-30,126459.07896634792
34,State,Mississippi,2014-06-30,119865.06095167916
23,State,Kansas,2014-06-30,124621.96742222892
41,State,New Mexico,2014-06-30,170186.1757979696
38,State,Nebraska,2014-06-30,139505.60626935668
20,State,Idaho,2014-06-30,182639.6993569861
61,State,West Virginia,2014-06-30,102315.67975470722
18,State,Hawaii,2014-06-30,479852.324106498
39,State,New Hampshire,2014-06-30,225089.4565948915
28,State,Maine,2014-06-30,188362.92801083665
50,State,Rhode Island,2014-06-30,233590.26323140043
35,State,Montana,2014-06-30,205895.14894425505
13,State,Delaware,2014-06-30,230469.59991595917
52,State,South Dakota,2014-06-30,167371.17760654658
37,State,North Dakota,2014-06-30,207892.3306705981
3,State,Alaska,2014-06-30,267971.1885478888
12,State,District of Columbia,2014-06-30,457667.62412430375
58,State,Vermont,2014-06-30,233352.67151654616
62,State,Wyoming,2014-06-30,215747.15136256916
9,State,California,2014-07-31,392106.0192186241
54,State,Texas,2014-07-31,159276.98992603534
14,State,Florida,2014-07-31,170496.36674029645
43,State,New York,2014-07-31,272048.46199114056
47,State,Pennsylvania,2014-07-31,162921.19689547457
21,State,Illinois,2014-07-31,164776.33623924656
44,State,Ohio,2014-07-31,120424.38205546276
16,State,Georgia,2014-07-31,150168.58894681663
36,State,North Carolina,2014-07-31,161170.77723572982
30,State,Michigan,2014-07-31,123815.31423359952
40,State,New Jersey,2014-07-31,301542.980947862
56,State,Virginia,2014-07-31,239549.97486700863
59,State,Washington,2014-07-31,263247.234395844
8,State,Arizona,2014-07-31,195356.43548042947
26,State,Massachusetts,2014-07-31,337422.99979213526
53,State,Tennessee,2014-07-31,149634.2605811099
22,State,Indiana,2014-07-31,121731.66610737906
27,State,Maryland,2014-07-31,273722.972313201
32,State,Missouri,2014-07-31,132595.34319523777
60,State,Wisconsin,2014-07-31,164608.69305862425
10,State,Colorado,2014-07-31,262109.28819884907
31,State,Minnesota,2014-07-31,192129.43255724036
51,State,South Carolina,2014-07-31,152769.38503994144
4,State,Alabama,2014-07-31,137844.67254314545
25,State,Louisiana,2014-07-31,170294.19583882825
24,State,Kentucky,2014-07-31,119524.7099565644
46,State,Oregon,2014-07-31,244698.76205412
45,State,Oklahoma,2014-07-31,120119.87161283968
11,State,Connecticut,2014-07-31,244697.63330902904
55,State,Utah,2014-07-31,229628.9397933928
19,State,Iowa,2014-07-31,134309.1302952038
42,State,Nevada,2014-07-31,199209.87198474072
6,State,Arkansas,2014-07-31,126904.2368113256
34,State,Mississippi,2014-07-31,120772.09214717709
23,State,Kansas,2014-07-31,125252.00083493126
41,State,New Mexico,2014-07-31,170473.35329086418
38,State,Nebraska,2014-07-31,140120.20433281656
20,State,Idaho,2014-07-31,183560.1276699144
61,State,West Virginia,2014-07-31,102920.3863577352
18,State,Hawaii,2014-07-31,482468.2455694775
39,State,New Hampshire,2014-07-31,225825.73405654437
28,State,Maine,2014-07-31,189217.7247674016
50,State,Rhode Island,2014-07-31,233920.36942677852
35,State,Montana,2014-07-31,207116.29469449795
13,State,Delaware,2014-07-31,231274.60442363657
52,State,South Dakota,2014-07-31,168096.4812141267
37,State,North Dakota,2014-07-31,209306.32651229505
3,State,Alaska,2014-07-31,268482.17426029994
12,State,District of Columbia,2014-07-31,460562.599951996
58,State,Vermont,2014-07-31,234352.6279669447
62,State,Wyoming,2014-07-31,216469.57635694087
9,State,California,2014-08-31,393621.6248029583
54,State,Texas,2014-08-31,160351.54800428986
14,State,Florida,2014-08-31,171514.60349058142
43,State,New York,2014-08-31,272511.63583522796
47,State,Pennsylvania,2014-08-31,163170.6777392302
21,State,Illinois,2014-08-31,165626.1545472854
44,State,Ohio,2014-08-31,120827.5507480732
16,State,Georgia,2014-08-31,150864.035327572
36,State,North Carolina,2014-08-31,161392.3353671748
30,State,Michigan,2014-08-31,124661.51159718582
40,State,New Jersey,2014-08-31,301766.8773919874
56,State,Virginia,2014-08-31,239841.72418733675
59,State,Washington,2014-08-31,263864.27861217107
8,State,Arizona,2014-08-31,195805.93900318255
26,State,Massachusetts,2014-08-31,337812.3048185062
53,State,Tennessee,2014-08-31,150080.0099568177
22,State,Indiana,2014-08-31,122310.95087391784
27,State,Maryland,2014-08-31,273876.8654463442
32,State,Missouri,2014-08-31,133230.35751737046
60,State,Wisconsin,2014-08-31,164902.75347858676
10,State,Colorado,2014-08-31,263787.075208618
31,State,Minnesota,2014-08-31,192467.47591395932
51,State,South Carolina,2014-08-31,153098.00553017505
4,State,Alabama,2014-08-31,138125.665878783
25,State,Louisiana,2014-08-31,171036.54426635578
24,State,Kentucky,2014-08-31,119988.7167674556
46,State,Oregon,2014-08-31,245907.69163345793
45,State,Oklahoma,2014-08-31,120686.10779265476
11,State,Connecticut,2014-08-31,244467.81365403952
55,State,Utah,2014-08-31,230201.8634195829
19,State,Iowa,2014-08-31,134768.22890620035
42,State,Nevada,2014-08-31,200565.23006890665
6,State,Arkansas,2014-08-31,127314.61881529615
34,State,Mississippi,2014-08-31,121777.27765321732
23,State,Kansas,2014-08-31,125809.91859629512
41,State,New Mexico,2014-08-31,170370.59584380744
38,State,Nebraska,2014-08-31,140666.88799537116
20,State,Idaho,2014-08-31,184272.87119215404
61,State,West Virginia,2014-08-31,103944.78966692887
18,State,Hawaii,2014-08-31,484789.5765851707
39,State,New Hampshire,2014-08-31,226270.8496345506
28,State,Maine,2014-08-31,189600.70087653943
50,State,Rhode Island,2014-08-31,233942.38771993908
35,State,Montana,2014-08-31,208195.2061374943
13,State,Delaware,2014-08-31,231959.4300890953
52,State,South Dakota,2014-08-31,168893.2716296946
37,State,North Dakota,2014-08-31,210941.54209174705
3,State,Alaska,2014-08-31,268961.0237007253
12,State,District of Columbia,2014-08-31,463169.09199729
58,State,Vermont,2014-08-31,234951.01371452183
62,State,Wyoming,2014-08-31,217077.1432404097
9,State,California,2014-09-30,396123.8275513235
54,State,Texas,2014-09-30,161298.96396955856
14,State,Florida,2014-09-30,172572.9722443485
43,State,New York,2014-09-30,273133.1541333974
47,State,Pennsylvania,2014-09-30,163194.26130155972
21,State,Illinois,2014-09-30,166248.16675909262
44,State,Ohio,2014-09-30,121034.48680454986
16,State,Georgia,2014-09-30,151491.60874419057
36,State,North Carolina,2014-09-30,161559.4714403701
30,State,Michigan,2014-09-30,125252.83324981488
40,State,New Jersey,2014-09-30,302084.888951558
56,State,Virginia,2014-09-30,240219.61634158276
59,State,Washington,2014-09-30,264710.58234047977
8,State,Arizona,2014-09-30,196307.92879027745
26,State,Massachusetts,2014-09-30,338428.5259563315
53,State,Tennessee,2014-09-30,150386.68793058526
22,State,Indiana,2014-09-30,122754.39625681918
27,State,Maryland,2014-09-30,274425.33435866307
32,State,Missouri,2014-09-30,133623.01696005996
60,State,Wisconsin,2014-09-30,164926.18186848483
10,State,Colorado,2014-09-30,265828.47582389513
31,State,Minnesota,2014-09-30,192824.07266614787
51,State,South Carolina,2014-09-30,153322.23057866847
4,State,Alabama,2014-09-30,138267.9577011805
25,State,Louisiana,2014-09-30,171603.99527299587
24,State,Kentucky,2014-09-30,120139.19587677853
46,State,Oregon,2014-09-30,247310.2494848208
45,State,Oklahoma,2014-09-30,121153.57947238152
11,State,Connecticut,2014-09-30,244102.0103192964
55,State,Utah,2014-09-30,230855.29491114177
19,State,Iowa,2014-09-30,134825.73176654323
42,State,Nevada,2014-09-30,201596.35909335897
6,State,Arkansas,2014-09-30,127669.19827927882
34,State,Mississippi,2014-09-30,122681.99530510847
23,State,Kansas,2014-09-30,126235.20039288024
41,State,New Mexico,2014-09-30,170290.53699241497
38,State,Nebraska,2014-09-30,141017.4889147889
20,State,Idaho,2014-09-30,184992.33666344328
61,State,West Virginia,2014-09-30,104933.68797918988
18,State,Hawaii,2014-09-30,488052.4473206258
39,State,New Hampshire,2014-09-30,226614.83020091677
28,State,Maine,2014-09-30,189773.93388651183
50,State,Rhode Island,2014-09-30,234212.4837724776
35,State,Montana,2014-09-30,209326.3082769512
13,State,Delaware,2014-09-30,233016.18385419456
52,State,South Dakota,2014-09-30,169587.4678102139
37,State,North Dakota,2014-09-30,212558.29802547497
3,State,Alaska,2014-09-30,270687.79125186434
12,State,District of Columbia,2014-09-30,465714.9201746434
58,State,Vermont,2014-09-30,235581.1025805132
62,State,Wyoming,2014-09-30,217896.50370263195
9,State,California,2014-10-31,399297.9491633248
54,State,Texas,2014-10-31,161970.67826542817
14,State,Florida,2014-10-31,173461.17831144205
43,State,New York,2014-10-31,273615.1575686648
47,State,Pennsylvania,2014-10-31,162852.56144469595
21,State,Illinois,2014-10-31,166620.21776314444
44,State,Ohio,2014-10-31,120938.8478292378
16,State,Georgia,2014-10-31,151969.04390395377
36,State,North Carolina,2014-10-31,161556.39043635954
30,State,Michigan,2014-10-31,125414.72552092304
40,State,New Jersey,2014-10-31,302277.2914306792
56,State,Virginia,2014-10-31,240459.84804860223
59,State,Washington,2014-10-31,265574.3671386079
8,State,Arizona,2014-10-31,196597.985295206
26,State,Massachusetts,2014-10-31,338739.66124101117
53,State,Tennessee,2014-10-31,150516.49180033614
22,State,Indiana,2014-10-31,122871.92631712672
27,State,Maryland,2014-10-31,275026.95243959344
32,State,Missouri,2014-10-31,133705.576491246
60,State,Wisconsin,2014-10-31,164667.22804515727
10,State,Colorado,2014-10-31,268037.4935005235
31,State,Minnesota,2014-10-31,193056.2710724112
51,State,South Carolina,2014-10-31,153314.51793786694
4,State,Alabama,2014-10-31,138024.0016720516
25,State,Louisiana,2014-10-31,171929.89168106907
24,State,Kentucky,2014-10-31,119993.4742582776
46,State,Oregon,2014-10-31,248619.1385230782
45,State,Oklahoma,2014-10-31,121456.35004842893
11,State,Connecticut,2014-10-31,243450.17571577008
55,State,Utah,2014-10-31,231323.45428389337
19,State,Iowa,2014-10-31,134329.04880118082
42,State,Nevada,2014-10-31,202264.1926717976
6,State,Arkansas,2014-10-31,127757.45912446384
34,State,Mississippi,2014-10-31,123304.04960350326
23,State,Kansas,2014-10-31,126563.45893038328
41,State,New Mexico,2014-10-31,170095.6839946344
38,State,Nebraska,2014-10-31,141161.18876762618
20,State,Idaho,2014-10-31,185409.94050822937
61,State,West Virginia,2014-10-31,105553.5993118786
18,State,Hawaii,2014-10-31,491065.9863074648
39,State,New Hampshire,2014-10-31,226838.84151333896
28,State,Maine,2014-10-31,189478.57122608033
50,State,Rhode Island,2014-10-31,234439.891269036
35,State,Montana,2014-10-31,209878.05326390648
13,State,Delaware,2014-10-31,233781.65143298823
52,State,South Dakota,2014-10-31,169858.9969409618
37,State,North Dakota,2014-10-31,213994.72190662695
3,State,Alaska,2014-10-31,271906.7313667816
12,State,District of Columbia,2014-10-31,467874.00350639416
58,State,Vermont,2014-10-31,235685.6044217691
62,State,Wyoming,2014-10-31,218416.9968872315
9,State,California,2014-11-30,402855.13401413406
54,State,Texas,2014-11-30,162819.59304314177
14,State,Florida,2014-11-30,174571.1548252507
43,State,New York,2014-11-30,274277.2106101213
47,State,Pennsylvania,2014-11-30,162638.7116664354
21,State,Illinois,2014-11-30,166972.40248579095
44,State,Ohio,2014-11-30,120901.18530943844
16,State,Georgia,2014-11-30,152535.0225784436
36,State,North Carolina,2014-11-30,161704.0583496169
30,State,Michigan,2014-11-30,125627.91598480185
40,State,New Jersey,2014-11-30,302376.13497369294
56,State,Virginia,2014-11-30,240701.26664652803
59,State,Washington,2014-11-30,266833.47215094505
8,State,Arizona,2014-11-30,197042.1657056595
26,State,Massachusetts,2014-11-30,339541.4452896318
53,State,Tennessee,2014-11-30,150880.3961183962
22,State,Indiana,2014-11-30,122946.77979408926
27,State,Maryland,2014-11-30,275743.4224198607
32,State,Missouri,2014-11-30,133801.1371759842
60,State,Wisconsin,2014-11-30,164497.37670781623
10,State,Colorado,2014-11-30,270517.5408215458
31,State,Minnesota,2014-11-30,193388.8993009909
51,State,South Carolina,2014-11-30,153474.94773967867
4,State,Alabama,2014-11-30,137740.9350087756
25,State,Louisiana,2014-11-30,172621.9441395876
24,State,Kentucky,2014-11-30,119846.47877183928
46,State,Oregon,2014-11-30,250058.4904178518
45,State,Oklahoma,2014-11-30,121887.4894489617
11,State,Connecticut,2014-11-30,243200.0469069347
55,State,Utah,2014-11-30,231840.799372517
19,State,Iowa,2014-11-30,133998.50282421894
42,State,Nevada,2014-11-30,203422.69924274273
6,State,Arkansas,2014-11-30,127813.95197974484
34,State,Mississippi,2014-11-30,123871.62716898248
23,State,Kansas,2014-11-30,126875.41668569768
41,State,New Mexico,2014-11-30,170180.2265408927
38,State,Nebraska,2014-11-30,141310.3354335279
20,State,Idaho,2014-11-30,185653.7318000275
61,State,West Virginia,2014-11-30,106293.19308433397
18,State,Hawaii,2014-11-30,494053.1583806891
39,State,New Hampshire,2014-11-30,227212.00573332244
28,State,Maine,2014-11-30,189198.29599216572
50,State,Rhode Island,2014-11-30,234952.86501420883
35,State,Montana,2014-11-30,210589.6599921816
13,State,Delaware,2014-11-30,234711.91420944364
52,State,South Dakota,2014-11-30,169958.68623048006
37,State,North Dakota,2014-11-30,215505.6943428453
3,State,Alaska,2014-11-30,273230.962246002
12,State,District of Columbia,2014-11-30,470229.16433674766
58,State,Vermont,2014-11-30,235570.7818611785
62,State,Wyoming,2014-11-30,218858.17699175
9,State,California,2014-12-31,406139.5863945728
54,State,Texas,2014-12-31,163812.79286529563
14,State,Florida,2014-12-31,175887.3495782681
43,State,New York,2014-12-31,274842.2061502171
47,State,Pennsylvania,2014-12-31,162619.39777752155
21,State,Illinois,2014-12-31,167354.10958957675
44,State,Ohio,2014-12-31,121041.23580217164
16,State,Georgia,2014-12-31,153141.7339435529
36,State,North Carolina,2014-12-31,162003.73540070385
30,State,Michigan,2014-12-31,125926.0954956267
40,State,New Jersey,2014-12-31,302345.3756070296
56,State,Virginia,2014-12-31,240965.2105913344
59,State,Washington,2014-12-31,268523.8983280999
8,State,Arizona,2014-12-31,197487.30789821912
26,State,Massachusetts,2014-12-31,340704.3207726498
53,State,Tennessee,2014-12-31,151341.09157545437
22,State,Indiana,2014-12-31,123110.9487221608
27,State,Maryland,2014-12-31,276074.60837918305
32,State,Missouri,2014-12-31,134090.32453263758
60,State,Wisconsin,2014-12-31,164607.3446794959
10,State,Colorado,2014-12-31,273203.6515704433
31,State,Minnesota,2014-12-31,193840.19003558788
51,State,South Carolina,2014-12-31,153722.97382647227
4,State,Alabama,2014-12-31,137565.52423338257
25,State,Louisiana,2014-12-31,173588.1002127915
24,State,Kentucky,2014-12-31,119905.11129906894
46,State,Oregon,2014-12-31,251818.36076097825
45,State,Oklahoma,2014-12-31,122547.64254145794
11,State,Connecticut,2014-12-31,243111.5576853327
55,State,Utah,2014-12-31,232549.1160487548
19,State,Iowa,2014-12-31,134135.7612033259
42,State,Nevada,2014-12-31,204313.14447888333
6,State,Arkansas,2014-12-31,127921.02834376018
34,State,Mississippi,2014-12-31,124572.89201320236
23,State,Kansas,2014-12-31,127420.69723562342
41,State,New Mexico,2014-12-31,170451.77579503608
38,State,Nebraska,2014-12-31,141655.64394305227
20,State,Idaho,2014-12-31,185913.1039045524
61,State,West Virginia,2014-12-31,107027.60511153463
18,State,Hawaii,2014-12-31,496261.6824910686
39,State,New Hampshire,2014-12-31,227775.32200925777
28,State,Maine,2014-12-31,188964.4953966129
50,State,Rhode Island,2014-12-31,235362.06256679527
35,State,Montana,2014-12-31,211390.3155599459
13,State,Delaware,2014-12-31,235341.73877028827
52,State,South Dakota,2014-12-31,170163.59158134516
37,State,North Dakota,2014-12-31,217185.92463638063
3,State,Alaska,2014-12-31,274039.7424846425
12,State,District of Columbia,2014-12-31,472840.1671952184
58,State,Vermont,2014-12-31,235321.15146431583
62,State,Wyoming,2014-12-31,219559.7020948213
9,State,California,2015-01-31,409059.71534146974
54,State,Texas,2015-01-31,165055.68177967623
14,State,Florida,2015-01-31,177324.3586519748
43,State,New York,2015-01-31,275265.425127917
47,State,Pennsylvania,2015-01-31,162701.51097468706
21,State,Illinois,2015-01-31,167593.7935496522
44,State,Ohio,2015-01-31,121390.58868099676
16,State,Georgia,2015-01-31,153743.30573203825
36,State,North Carolina,2015-01-31,162517.76908761016
30,State,Michigan,2015-01-31,126458.37890578024
40,State,New Jersey,2015-01-31,302290.0723991199
56,State,Virginia,2015-01-31,241337.595895004
59,State,Washington,2015-01-31,270714.9861172701
8,State,Arizona,2015-01-31,198142.58899552477
26,State,Massachusetts,2015-01-31,342569.43556343013
53,State,Tennessee,2015-01-31,151903.06617152804
22,State,Indiana,2015-01-31,123360.80455677188
27,State,Maryland,2015-01-31,276152.9674067847
32,State,Missouri,2015-01-31,134455.0427971423
60,State,Wisconsin,2015-01-31,165039.69906001052
10,State,Colorado,2015-01-31,276250.3050811665
31,State,Minnesota,2015-01-31,194624.1759182048
51,State,South Carolina,2015-01-31,154112.6645806031
4,State,Alabama,2015-01-31,137459.86431264356
25,State,Louisiana,2015-01-31,174626.61116608852
24,State,Kentucky,2015-01-31,120029.68250104168
46,State,Oregon,2015-01-31,253824.1361928943
45,State,Oklahoma,2015-01-31,123171.1439301233
11,State,Connecticut,2015-01-31,243271.1871216822
55,State,Utah,2015-01-31,233729.9474424383
19,State,Iowa,2015-01-31,134722.74230572427
42,State,Nevada,2015-01-31,205394.16650109648
6,State,Arkansas,2015-01-31,128096.66550164796
34,State,Mississippi,2015-01-31,125372.7992768746
23,State,Kansas,2015-01-31,127952.42659838934
41,State,New Mexico,2015-01-31,170690.7136465012
38,State,Nebraska,2015-01-31,142088.77618027994
20,State,Idaho,2015-01-31,186439.26872230193
61,State,West Virginia,2015-01-31,107844.20058959827
18,State,Hawaii,2015-01-31,498790.3174897831
39,State,New Hampshire,2015-01-31,228413.4401928195
28,State,Maine,2015-01-31,188891.66466518643
50,State,Rhode Island,2015-01-31,235741.2452947253
35,State,Montana,2015-01-31,212414.52007575252
13,State,Delaware,2015-01-31,236363.5128328042
52,State,South Dakota,2015-01-31,170763.17800058066
37,State,North Dakota,2015-01-31,218730.52272191425
3,State,Alaska,2015-01-31,274942.45833958744
12,State,District of Columbia,2015-01-31,474510.0284704771
58,State,Vermont,2015-01-31,235352.4020066585
62,State,Wyoming,2015-01-31,220654.5703383751
9,State,California,2015-02-28,411527.7832834397
54,State,Texas,2015-02-28,166343.74107820712
14,State,Florida,2015-02-28,178583.77932077087
43,State,New York,2015-02-28,275514.918173048
47,State,Pennsylvania,2015-02-28,162755.19783253322
21,State,Illinois,2015-02-28,167614.8891552613
44,State,Ohio,2015-02-28,121768.45313327618
16,State,Georgia,2015-02-28,154330.5562911701
36,State,North Carolina,2015-02-28,163090.90047445774
30,State,Michigan,2015-02-28,127042.44242736707
40,State,New Jersey,2015-02-28,302389.23743484064
56,State,Virginia,2015-02-28,241705.6404239078
59,State,Washington,2015-02-28,273130.19213777385
8,State,Arizona,2015-02-28,198843.9191018364
26,State,Massachusetts,2015-02-28,344607.5238503454
53,State,Tennessee,2015-02-28,152496.23466055075
22,State,Indiana,2015-02-28,123621.92627404258
27,State,Maryland,2015-02-28,276257.239780383
32,State,Missouri,2015-02-28,134705.07366381856
60,State,Wisconsin,2015-02-28,165575.93007650136
10,State,Colorado,2015-02-28,279650.022327292
31,State,Minnesota,2015-02-28,195606.48263805115
51,State,South Carolina,2015-02-28,154567.0255638178
4,State,Alabama,2015-02-28,137345.97259623522
25,State,Louisiana,2015-02-28,175647.7909710003
24,State,Kentucky,2015-02-28,120179.40064077922
46,State,Oregon,2015-02-28,256084.55676309412
45,State,Oklahoma,2015-02-28,123541.48751406938
11,State,Connecticut,2015-02-28,243238.89993365575
55,State,Utah,2015-02-28,235068.30537393055
19,State,Iowa,2015-02-28,135484.96824841516
42,State,Nevada,2015-02-28,206334.70252212803
6,State,Arkansas,2015-02-28,128251.00183129145
34,State,Mississippi,2015-02-28,126060.62468236902
23,State,Kansas,2015-02-28,128469.07970974108
41,State,New Mexico,2015-02-28,170897.78261839063
38,State,Nebraska,2015-02-28,142618.59792806898
20,State,Idaho,2015-02-28,187320.7551634792
61,State,West Virginia,2015-02-28,108340.29543944774
18,State,Hawaii,2015-02-28,501453.02110836847
39,State,New Hampshire,2015-02-28,229237.21096256457
28,State,Maine,2015-02-28,189084.51401210824
50,State,Rhode Island,2015-02-28,236322.65651375675
35,State,Montana,2015-02-28,213327.00034759185
13,State,Delaware,2015-02-28,237531.60498575005
52,State,South Dakota,2015-02-28,171644.10846144383
37,State,North Dakota,2015-02-28,220192.3724394052
3,State,Alaska,2015-02-28,275544.95375353645
12,State,District of Columbia,2015-02-28,475776.55150566826
58,State,Vermont,2015-02-28,235859.80527228175
62,State,Wyoming,2015-02-28,222161.93991412243
9,State,California,2015-03-31,413547.863348101
54,State,Texas,2015-03-31,167602.9945993751
14,State,Florida,2015-03-31,179695.7822984487
43,State,New York,2015-03-31,275768.2524125012
47,State,Pennsylvania,2015-03-31,162952.68588754322
21,State,Illinois,2015-03-31,167858.92578159008
44,State,Ohio,2015-03-31,122206.1442570035
16,State,Georgia,2015-03-31,154989.80424344275
36,State,North Carolina,2015-03-31,163647.27036788574
30,State,Michigan,2015-03-31,127849.37534454736
40,State,New Jersey,2015-03-31,302834.33003977715
56,State,Virginia,2015-03-31,242075.49878091444
59,State,Washington,2015-03-31,275392.59213409
8,State,Arizona,2015-03-31,199812.73025269175
26,State,Massachusetts,2015-03-31,346454.39938757493
53,State,Tennessee,2015-03-31,153168.00034353873
22,State,Indiana,2015-03-31,123905.32643981247
27,State,Maryland,2015-03-31,276755.7697342573
32,State,Missouri,2015-03-31,135020.1563502139
60,State,Wisconsin,2015-03-31,166196.87771509596
10,State,Colorado,2015-03-31,282955.1063947135
31,State,Minnesota,2015-03-31,196743.9221774196
51,State,South Carolina,2015-03-31,155166.55290646103
4,State,Alabama,2015-03-31,137449.77154691037
25,State,Louisiana,2015-03-31,176454.6208705301
24,State,Kentucky,2015-03-31,120414.90806955624
46,State,Oregon,2015-03-31,258133.82845815655
45,State,Oklahoma,2015-03-31,123823.45700153336
11,State,Connecticut,2015-03-31,243550.88470654597
55,State,Utah,2015-03-31,236571.90041269257
19,State,Iowa,2015-03-31,136244.86060625906
42,State,Nevada,2015-03-31,207561.00504900623
6,State,Arkansas,2015-03-31,128524.66007036652
34,State,Mississippi,2015-03-31,126824.68931028662
23,State,Kansas,2015-03-31,128877.2140254345
41,State,New Mexico,2015-03-31,171291.96732433356
38,State,Nebraska,2015-03-31,143166.0596646509
20,State,Idaho,2015-03-31,188493.88081001467
61,State,West Virginia,2015-03-31,108811.58333895996
18,State,Hawaii,2015-03-31,503795.6190965877
39,State,New Hampshire,2015-03-31,230073.5579196734
28,State,Maine,2015-03-31,189375.63470011824
50,State,Rhode Island,2015-03-31,237104.10603254373
35,State,Montana,2015-03-31,214313.30994901457
13,State,Delaware,2015-03-31,238763.53722655587
52,State,South Dakota,2015-03-31,172468.01652163803
37,State,North Dakota,2015-03-31,221645.90627192624
3,State,Alaska,2015-03-31,275748.1788712963
12,State,District of Columbia,2015-03-31,476331.34780520544
58,State,Vermont,2015-03-31,236506.2940538269
62,State,Wyoming,2015-03-31,223686.06858579017
9,State,California,2015-04-30,415503.06776725827
54,State,Texas,2015-04-30,168781.40423515387
14,State,Florida,2015-04-30,180812.6124637903
43,State,New York,2015-04-30,276228.01992827555
47,State,Pennsylvania,2015-04-30,163386.33816352036
21,State,Illinois,2015-04-30,168270.19138170592
44,State,Ohio,2015-04-30,122757.51810250814
16,State,Georgia,2015-04-30,155815.0204075932
36,State,North Carolina,2015-04-30,164236.71072560624
30,State,Michigan,2015-04-30,128833.97250161153
40,State,New Jersey,2015-04-30,303325.80976013775
56,State,Virginia,2015-04-30,242469.50751318297
59,State,Washington,2015-04-30,277502.97784471785
8,State,Arizona,2015-04-30,200980.25432782012
26,State,Massachusetts,2015-04-30,347972.0552263294
53,State,Tennessee,2015-04-30,153975.8841633393
22,State,Indiana,2015-04-30,124335.71090795525
27,State,Maryland,2015-04-30,277616.2783709927
32,State,Missouri,2015-04-30,135536.06112894564
60,State,Wisconsin,2015-04-30,166914.04771630073
10,State,Colorado,2015-04-30,286052.4002448448
31,State,Minnesota,2015-04-30,197942.18998411504
51,State,South Carolina,2015-04-30,155879.99204456777
4,State,Alabama,2015-04-30,137962.65435087192
25,State,Louisiana,2015-04-30,177367.95389785376
24,State,Kentucky,2015-04-30,120979.80429296548
46,State,Oregon,2015-04-30,260115.7737928527
45,State,Oklahoma,2015-04-30,124209.5506025122
11,State,Connecticut,2015-04-30,243988.52838689584
55,State,Utah,2015-04-30,238112.18617821767
19,State,Iowa,2015-04-30,137101.76691849696
42,State,Nevada,2015-04-30,209028.38228100137
6,State,Arkansas,2015-04-30,128965.7109548858
34,State,Mississippi,2015-04-30,127704.5613901238
23,State,Kansas,2015-04-30,129427.95724470132
41,State,New Mexico,2015-04-30,171950.3962089703
38,State,Nebraska,2015-04-30,143919.4410650906
20,State,Idaho,2015-04-30,189751.41999968985
61,State,West Virginia,2015-04-30,109284.87056944716
18,State,Hawaii,2015-04-30,505343.80661134375
39,State,New Hampshire,2015-04-30,231207.60587561328
28,State,Maine,2015-04-30,190075.87770376497
50,State,Rhode Island,2015-04-30,238037.78073549896
35,State,Montana,2015-04-30,215666.9274759229
13,State,Delaware,2015-04-30,239723.17756251225
52,State,South Dakota,2015-04-30,173320.89402027402
37,State,North Dakota,2015-04-30,223416.97497746185
3,State,Alaska,2015-04-30,276333.47046493075
12,State,District of Columbia,2015-04-30,477620.6312519213
58,State,Vermont,2015-04-30,237330.0425885411
62,State,Wyoming,2015-04-30,225107.9066716913
9,State,California,2015-05-31,417713.8240324501
54,State,Texas,2015-05-31,169908.85882833178
14,State,Florida,2015-05-31,182077.63484002417
43,State,New York,2015-05-31,277053.64050718426
47,State,Pennsylvania,2015-05-31,163998.7009990157
21,State,Illinois,2015-05-31,169052.11879405976
44,State,Ohio,2015-05-31,123454.53833447302
16,State,Georgia,2015-05-31,156725.39269170832
36,State,North Carolina,2015-05-31,164887.5487570686
30,State,Michigan,2015-05-31,129957.61712210794
40,State,New Jersey,2015-05-31,304105.31259470637
56,State,Virginia,2015-05-31,242978.83930996305
59,State,Washington,2015-05-31,279572.14383518166
8,State,Arizona,2015-05-31,202377.45237810528
26,State,Massachusetts,2015-05-31,349349.47955000796
53,State,Tennessee,2015-05-31,154896.33483224828
22,State,Indiana,2015-05-31,124866.02731763045
27,State,Maryland,2015-05-31,278451.4984216166
32,State,Missouri,2015-05-31,136254.98861787442
60,State,Wisconsin,2015-05-31,167720.69581291106
10,State,Colorado,2015-05-31,288893.921004736
31,State,Minnesota,2015-05-31,199104.02062358128
51,State,South Carolina,2015-05-31,156718.69396824777
4,State,Alabama,2015-05-31,138614.31196700447
25,State,Louisiana,2015-05-31,178360.21855215452
24,State,Kentucky,2015-05-31,121659.47322031757
46,State,Oregon,2015-05-31,261974.30274241313
45,State,Oklahoma,2015-05-31,124665.51857535316
11,State,Connecticut,2015-05-31,244518.7095585569
55,State,Utah,2015-05-31,239742.85729524915
19,State,Iowa,2015-05-31,137839.8906179044
42,State,Nevada,2015-05-31,210779.6696883778
6,State,Arkansas,2015-05-31,129380.96166206228
34,State,Mississippi,2015-05-31,128795.23409653448
23,State,Kansas,2015-05-31,129982.84009087564
41,State,New Mexico,2015-05-31,172570.42801627144
38,State,Nebraska,2015-05-31,144708.27509726665
20,State,Idaho,2015-05-31,191178.80906018015
61,State,West Virginia,2015-05-31,109832.80870405154
18,State,Hawaii,2015-05-31,507127.8817912825
39,State,New Hampshire,2015-05-31,232339.41941658597
28,State,Maine,2015-05-31,190939.0818864683
50,State,Rhode Island,2015-05-31,238724.2195222004
35,State,Montana,2015-05-31,217165.5249965276
13,State,Delaware,2015-05-31,240302.89869977185
52,State,South Dakota,2015-05-31,174130.16468290062
37,State,North Dakota,2015-05-31,225308.7144504403
3,State,Alaska,2015-05-31,277233.5971131587
12,State,District of Columbia,2015-05-31,478887.83357453207
58,State,Vermont,2015-05-31,238234.4609989516
62,State,Wyoming,2015-05-31,226305.3652550242
9,State,California,2015-06-30,419979.3902656271
54,State,Texas,2015-06-30,171031.90887633988
14,State,Florida,2015-06-30,183374.70905014992
43,State,New York,2015-06-30,277958.5507702587
47,State,Pennsylvania,2015-06-30,164544.97887706905
21,State,Illinois,2015-06-30,169693.5445060653
44,State,Ohio,2015-06-30,124125.34537656407
16,State,Georgia,2015-06-30,157639.07147347924
36,State,North Carolina,2015-06-30,165540.06681774417
30,State,Michigan,2015-06-30,130956.36527454636
40,State,New Jersey,2015-06-30,304649.7646650241
56,State,Virginia,2015-06-30,243459.34477387523
59,State,Washington,2015-06-30,281537.7206244219
8,State,Arizona,2015-06-30,203769.06046694927
26,State,Massachusetts,2015-06-30,350498.7221348574
53,State,Tennessee,2015-06-30,155850.85113868656
22,State,Indiana,2015-06-30,125459.80002176188
27,State,Maryland,2015-06-30,279027.51620220975
32,State,Missouri,2015-06-30,136919.17725000752
60,State,Wisconsin,2015-06-30,168412.98613023091
10,State,Colorado,2015-06-30,291635.0488439931
31,State,Minnesota,2015-06-30,200068.57569448635
51,State,South Carolina,2015-06-30,157540.56807086803
4,State,Alabama,2015-06-30,139160.14064771883
25,State,Louisiana,2015-06-30,179152.57201025766
24,State,Kentucky,2015-06-30,122299.07080844315
46,State,Oregon,2015-06-30,263940.5575948323
45,State,Oklahoma,2015-06-30,124924.67513110022
11,State,Connecticut,2015-06-30,244731.04992926551
55,State,Utah,2015-06-30,241497.9156609761
19,State,Iowa,2015-06-30,138423.49855057045
42,State,Nevada,2015-06-30,212954.73536172183
6,State,Arkansas,2015-06-30,129806.06131207664
34,State,Mississippi,2015-06-30,129747.98039578092
23,State,Kansas,2015-06-30,130483.12384387932
41,State,New Mexico,2015-06-30,172840.55495128312
38,State,Nebraska,2015-06-30,145491.62738840724
20,State,Idaho,2015-06-30,192505.25400163676
61,State,West Virginia,2015-06-30,110328.63155013742
18,State,Hawaii,2015-06-30,509085.3151423607
39,State,New Hampshire,2015-06-30,233459.52969080396
28,State,Maine,2015-06-30,191975.7401034111
50,State,Rhode Island,2015-06-30,239301.8945861715
35,State,Montana,2015-06-30,218692.55858060883
13,State,Delaware,2015-06-30,240998.58891992076
52,State,South Dakota,2015-06-30,175025.83696870098
37,State,North Dakota,2015-06-30,226961.70119488743
3,State,Alaska,2015-06-30,278192.16371379874
12,State,District of Columbia,2015-06-30,481140.1147475879
58,State,Vermont,2015-06-30,239104.98235552447
62,State,Wyoming,2015-06-30,227418.32732777123
9,State,California,2015-07-31,421764.6485207414
54,State,Texas,2015-07-31,172199.58041768233
14,State,Florida,2015-07-31,184853.6139102705
43,State,New York,2015-07-31,279085.0510621643
47,State,Pennsylvania,2015-07-31,165195.3596417366
21,State,Illinois,2015-07-31,170379.51044463235
44,State,Ohio,2015-07-31,124821.80327827552
16,State,Georgia,2015-07-31,158644.65318151002
36,State,North Carolina,2015-07-31,166232.0715268741
30,State,Michigan,2015-07-31,131798.9368013352
40,State,New Jersey,2015-07-31,305428.21639390854
56,State,Virginia,2015-07-31,244082.6904661912
59,State,Washington,2015-07-31,283618.02754581516
8,State,Arizona,2015-07-31,205236.01234309925
26,State,Massachusetts,2015-07-31,351851.32493083825
53,State,Tennessee,2015-07-31,156861.59273241973
22,State,Indiana,2015-07-31,125994.35491720396
27,State,Maryland,2015-07-31,279647.07113511505
32,State,Missouri,2015-07-31,137652.3262415795
60,State,Wisconsin,2015-07-31,168938.42758997527
10,State,Colorado,2015-07-31,294519.435614168
31,State,Minnesota,2015-07-31,200909.13960144777
51,State,South Carolina,2015-07-31,158387.96103144748
4,State,Alabama,2015-07-31,139530.50958892598
25,State,Louisiana,2015-07-31,179732.26702049217
24,State,Kentucky,2015-07-31,122846.42616475576
46,State,Oregon,2015-07-31,266179.0126358774
45,State,Oklahoma,2015-07-31,125179.36456103247
11,State,Connecticut,2015-07-31,245063.52156269932
55,State,Utah,2015-07-31,243472.6940332676
19,State,Iowa,2015-07-31,138834.2860844472
42,State,Nevada,2015-07-31,215206.9575964105
6,State,Arkansas,2015-07-31,130314.03719807023
34,State,Mississippi,2015-07-31,130748.85728841956
23,State,Kansas,2015-07-31,130987.17662895255
41,State,New Mexico,2015-07-31,173065.4264860284
38,State,Nebraska,2015-07-31,146181.16614061798
20,State,Idaho,2015-07-31,193799.01576531515
61,State,West Virginia,2015-07-31,110751.60776190677
18,State,Hawaii,2015-07-31,511723.53571824776
39,State,New Hampshire,2015-07-31,234594.47336054535
28,State,Maine,2015-07-31,193101.78014052575
50,State,Rhode Island,2015-07-31,240208.51658053743
35,State,Montana,2015-07-31,220091.12555884395
13,State,Delaware,2015-07-31,241967.02689016447
52,State,South Dakota,2015-07-31,175737.06634469578
37,State,North Dakota,2015-07-31,228163.37642305973
3,State,Alaska,2015-07-31,279269.46437732683
12,State,District of Columbia,2015-07-31,484247.9869543435
58,State,Vermont,2015-07-31,239894.0879314468
62,State,Wyoming,2015-07-31,228865.83976168223
9,State,California,2015-08-31,422961.099066481
54,State,Texas,2015-08-31,173417.7653205303
14,State,Florida,2015-08-31,186419.28476034396
43,State,New York,2015-08-31,280436.3190982521
47,State,Pennsylvania,2015-08-31,165942.57524147458
21,State,Illinois,2015-08-31,170991.8477140781
44,State,Ohio,2015-08-31,125555.0564056212
16,State,Georgia,2015-08-31,159688.0007643449
36,State,North Carolina,2015-08-31,166951.04492827837
30,State,Michigan,2015-08-31,132580.46461499968
40,State,New Jersey,2015-08-31,306418.54263085657
56,State,Virginia,2015-08-31,244847.2218343737
59,State,Washington,2015-08-31,285733.6582352778
8,State,Arizona,2015-08-31,206742.0085670479
26,State,Massachusetts,2015-08-31,353631.1373255583
53,State,Tennessee,2015-08-31,157808.3229592084
22,State,Indiana,2015-08-31,126575.08644343662
27,State,Maryland,2015-08-31,280241.93267303525
32,State,Missouri,2015-08-31,138458.3846941887
60,State,Wisconsin,2015-08-31,169413.2537250809
10,State,Colorado,2015-08-31,297570.990857367
31,State,Minnesota,2015-08-31,201743.2834422567
51,State,South Carolina,2015-08-31,159219.2122709575
4,State,Alabama,2015-08-31,139874.17807866272
25,State,Louisiana,2015-08-31,180026.62034980793
24,State,Kentucky,2015-08-31,123471.74788229908
46,State,Oregon,2015-08-31,268754.62300320406
45,State,Oklahoma,2015-08-31,125445.5939125445
11,State,Connecticut,2015-08-31,245402.42286950897
55,State,Utah,2015-08-31,245770.50765955623
19,State,Iowa,2015-08-31,139426.05570140423
42,State,Nevada,2015-08-31,217112.97181774964
6,State,Arkansas,2015-08-31,131028.15538626187
34,State,Mississippi,2015-08-31,131784.49815393696
23,State,Kansas,2015-08-31,131662.95827163113
41,State,New Mexico,2015-08-31,173333.6184530344
38,State,Nebraska,2015-08-31,147008.61549572
20,State,Idaho,2015-08-31,195038.64655804285
61,State,West Virginia,2015-08-31,111163.04712317728
18,State,Hawaii,2015-08-31,514818.0500591332
39,State,New Hampshire,2015-08-31,235920.49996652544
28,State,Maine,2015-08-31,194138.11369549553
50,State,Rhode Island,2015-08-31,241367.3293090324
35,State,Montana,2015-08-31,221510.41258726895
13,State,Delaware,2015-08-31,243237.2341957177
52,State,South Dakota,2015-08-31,176576.089984952
37,State,North Dakota,2015-08-31,229169.6720987993
3,State,Alaska,2015-08-31,280482.40735144186
12,State,District of Columbia,2015-08-31,487833.4424253889
58,State,Vermont,2015-08-31,240458.60001985476
62,State,Wyoming,2015-08-31,230476.63836395575
9,State,California,2015-09-30,423984.4702048232
54,State,Texas,2015-09-30,174659.9006015065
14,State,Florida,2015-09-30,188122.4416407134
43,State,New York,2015-09-30,282223.40193280263
47,State,Pennsylvania,2015-09-30,166674.1554540997
21,State,Illinois,2015-09-30,171702.61362626954
44,State,Ohio,2015-09-30,126245.23402007514
16,State,Georgia,2015-09-30,160793.2939749138
36,State,North Carolina,2015-09-30,167729.30008026533
30,State,Michigan,2015-09-30,133358.1711086872
40,State,New Jersey,2015-09-30,307860.03989369544
56,State,Virginia,2015-09-30,245725.00985071005
59,State,Washington,2015-09-30,288162.6417078469
8,State,Arizona,2015-09-30,208432.5727491296
26,State,Massachusetts,2015-09-30,355926.5362121409
53,State,Tennessee,2015-09-30,158793.80132424997
22,State,Indiana,2015-09-30,127042.98670967144
27,State,Maryland,2015-09-30,281018.7889580353
32,State,Missouri,2015-09-30,139296.52851299007
60,State,Wisconsin,2015-09-30,169862.4118100415
10,State,Colorado,2015-09-30,300784.3823523093
31,State,Minnesota,2015-09-30,202707.59031040897
51,State,South Carolina,2015-09-30,160045.56460646715
4,State,Alabama,2015-09-30,140176.9519654524
25,State,Louisiana,2015-09-30,180558.44325679512
24,State,Kentucky,2015-09-30,124061.13508505368
46,State,Oregon,2015-09-30,271574.1663043571
45,State,Oklahoma,2015-09-30,125949.930259927
11,State,Connecticut,2015-09-30,245848.16654170095
55,State,Utah,2015-09-30,248111.84866070648
19,State,Iowa,2015-09-30,140032.50593946132
42,State,Nevada,2015-09-30,218780.33667409004
6,State,Arkansas,2015-09-30,131777.1456166144
34,State,Mississippi,2015-09-30,132931.4217664804
23,State,Kansas,2015-09-30,132414.4692976797
41,State,New Mexico,2015-09-30,173825.19356501786
38,State,Nebraska,2015-09-30,147821.9340869775
20,State,Idaho,2015-09-30,196356.48255838524
61,State,West Virginia,2015-09-30,111751.35543816276
18,State,Hawaii,2015-09-30,518948.11394528765
39,State,New Hampshire,2015-09-30,237328.01412873357
28,State,Maine,2015-09-30,195251.61449358077
50,State,Rhode Island,2015-09-30,242773.36837818808
35,State,Montana,2015-09-30,222968.55585707145
13,State,Delaware,2015-09-30,244450.7047141958
52,State,South Dakota,2015-09-30,177494.74225588678
37,State,North Dakota,2015-09-30,229937.34340696456
3,State,Alaska,2015-09-30,282359.52921284095
12,State,District of Columbia,2015-09-30,491882.4192975973
58,State,Vermont,2015-09-30,241020.21802512847
62,State,Wyoming,2015-09-30,232133.74322568963
9,State,California,2015-10-31,425245.9541982406
54,State,Texas,2015-10-31,175911.47981789373
14,State,Florida,2015-10-31,189902.15879076495
43,State,New York,2015-10-31,284156.165150034
47,State,Pennsylvania,2015-10-31,167226.30148982673
21,State,Illinois,2015-10-31,172691.547820569
44,State,Ohio,2015-10-31,126889.84942722594
16,State,Georgia,2015-10-31,161852.18605088003
36,State,North Carolina,2015-10-31,168570.20022020096
30,State,Michigan,2015-10-31,134160.89607312198
40,State,New Jersey,2015-10-31,309568.15999982954
56,State,Virginia,2015-10-31,246668.00034250377
59,State,Washington,2015-10-31,290816.9405090317
8,State,Arizona,2015-10-31,210166.51657453447
26,State,Massachusetts,2015-10-31,358291.1021731524
53,State,Tennessee,2015-10-31,159841.97191069476
22,State,Indiana,2015-10-31,127496.46111445338
27,State,Maryland,2015-10-31,281875.9160577719
32,State,Missouri,2015-10-31,140107.44776695696
60,State,Wisconsin,2015-10-31,170528.6248415773
10,State,Colorado,2015-10-31,303806.76047574816
31,State,Minnesota,2015-10-31,203776.9607246421
51,State,South Carolina,2015-10-31,160983.85531852406
4,State,Alabama,2015-10-31,140599.6242911365
25,State,Louisiana,2015-10-31,181414.3137917927
24,State,Kentucky,2015-10-31,124653.04231600527
46,State,Oregon,2015-10-31,274789.80156503455
45,State,Oklahoma,2015-10-31,126287.73156445246
11,State,Connecticut,2015-10-31,246281.49765684316
55,State,Utah,2015-10-31,250364.91104728144
19,State,Iowa,2015-10-31,140748.58410684403
42,State,Nevada,2015-10-31,220262.0861165253
6,State,Arkansas,2015-10-31,132660.72457093885
34,State,Mississippi,2015-10-31,133816.40855854936
23,State,Kansas,2015-10-31,133259.72837081246
41,State,New Mexico,2015-10-31,174326.6664702453
38,State,Nebraska,2015-10-31,148720.4758302764
20,State,Idaho,2015-10-31,197617.63531573172
61,State,West Virginia,2015-10-31,112586.80627546748
18,State,Hawaii,2015-10-31,523103.3899511414
39,State,New Hampshire,2015-10-31,238765.94904138416
28,State,Maine,2015-10-31,196442.27120165576
50,State,Rhode Island,2015-10-31,244190.0611078057
35,State,Montana,2015-10-31,224437.57376712945
13,State,Delaware,2015-10-31,245366.23846017677
52,State,South Dakota,2015-10-31,178524.911332507
37,State,North Dakota,2015-10-31,230850.09481114204
3,State,Alaska,2015-10-31,283822.1181077008
12,State,District of Columbia,2015-10-31,495890.5105272439
58,State,Vermont,2015-10-31,241547.69344708495
62,State,Wyoming,2015-10-31,233378.38445757175
9,State,California,2015-11-30,426298.80264484807
54,State,Texas,2015-11-30,177013.6702355469
14,State,Florida,2015-11-30,191618.2051440061
43,State,New York,2015-11-30,285735.5749198022
47,State,Pennsylvania,2015-11-30,167505.47310021098
21,State,Illinois,2015-11-30,173633.14184893205
44,State,Ohio,2015-11-30,127280.18252225524
16,State,Georgia,2015-11-30,162797.79526432123
36,State,North Carolina,2015-11-30,169298.7842680902
30,State,Michigan,2015-11-30,134824.56124344256
40,State,New Jersey,2015-11-30,311067.6817412194
56,State,Virginia,2015-11-30,247479.8781229111
59,State,Washington,2015-11-30,293779.8306702179
8,State,Arizona,2015-11-30,211925.60468746055
26,State,Massachusetts,2015-11-30,360419.9896402059
53,State,Tennessee,2015-11-30,160826.4247249382
22,State,Indiana,2015-11-30,127736.66202339674
27,State,Maryland,2015-11-30,282881.8458496418
32,State,Missouri,2015-11-30,140717.01130026774
60,State,Wisconsin,2015-11-30,171217.4222251263
10,State,Colorado,2015-11-30,306724.82691757014
31,State,Minnesota,2015-11-30,204871.33604103385
51,State,South Carolina,2015-11-30,161873.89225121745
4,State,Alabama,2015-11-30,140992.9331469762
25,State,Louisiana,2015-11-30,182278.57007765365
24,State,Kentucky,2015-11-30,125037.54824821006
46,State,Oregon,2015-11-30,277982.20452588546
45,State,Oklahoma,2015-11-30,126286.68659951045
11,State,Connecticut,2015-11-30,246704.0759881374
55,State,Utah,2015-11-30,252376.26681881843
19,State,Iowa,2015-11-30,141398.6787928288
42,State,Nevada,2015-11-30,222029.42962119423
6,State,Arkansas,2015-11-30,133330.79052528573
34,State,Mississippi,2015-11-30,134113.50687987966
23,State,Kansas,2015-11-30,133896.72023227546
41,State,New Mexico,2015-11-30,174525.84245842896
38,State,Nebraska,2015-11-30,149393.56928708515
20,State,Idaho,2015-11-30,198580.3489271704
61,State,West Virginia,2015-11-30,113241.14197086164
18,State,Hawaii,2015-11-30,526154.7453959151
39,State,New Hampshire,2015-11-30,239929.8354002509
28,State,Maine,2015-11-30,197482.8748761545
50,State,Rhode Island,2015-11-30,245768.6511326231
35,State,Montana,2015-11-30,225821.46208666833
13,State,Delaware,2015-11-30,245897.9286189007
52,State,South Dakota,2015-11-30,179221.30183376197
37,State,North Dakota,2015-11-30,231542.56019498233
3,State,Alaska,2015-11-30,284938.01730263163
12,State,District of Columbia,2015-11-30,499805.50255937665
58,State,Vermont,2015-11-30,241591.16972713437
62,State,Wyoming,2015-11-30,234229.38703301692
9,State,California,2015-12-31,427259.1200990856
54,State,Texas,2015-12-31,178156.7809281433
14,State,Florida,2015-12-31,193211.44902290797
43,State,New York,2015-12-31,287015.58857027424
47,State,Pennsylvania,2015-12-31,167876.63157036874
21,State,Illinois,2015-12-31,174546.8010045001
44,State,Ohio,2015-12-31,127768.60394210166
16,State,Georgia,2015-12-31,163749.39573079694
36,State,North Carolina,2015-12-31,170131.55061131096
30,State,Michigan,2015-12-31,135539.38678176593
40,State,New Jersey,2015-12-31,312356.8523999693
56,State,Virginia,2015-12-31,248301.28452619305
59,State,Washington,2015-12-31,297076.7315248276
8,State,Arizona,2015-12-31,213578.03818546663
26,State,Massachusetts,2015-12-31,362644.9233264751
53,State,Tennessee,2015-12-31,161864.97766973934
22,State,Indiana,2015-12-31,128148.89447764168
27,State,Maryland,2015-12-31,284018.12245079293
32,State,Missouri,2015-12-31,141437.4201588003
60,State,Wisconsin,2015-12-31,172203.44388318722
10,State,Colorado,2015-12-31,309571.4680757153
31,State,Minnesota,2015-12-31,206169.86351277772
51,State,South Carolina,2015-12-31,162832.00391008327
4,State,Alabama,2015-12-31,141557.70827881605
25,State,Louisiana,2015-12-31,183459.0180634536
24,State,Kentucky,2015-12-31,125564.13454053162
46,State,Oregon,2015-12-31,281493.7387524385
45,State,Oklahoma,2015-12-31,125919.14736310791
11,State,Connecticut,2015-12-31,246895.85308827923
55,State,Utah,2015-12-31,254441.91990740327
19,State,Iowa,2015-12-31,142310.06566584963
42,State,Nevada,2015-12-31,223588.80822207825
6,State,Arkansas,2015-12-31,133998.1138572643
34,State,Mississippi,2015-12-31,134201.54974154368
23,State,Kansas,2015-12-31,134615.57982057022
41,State,New Mexico,2015-12-31,174702.95213063012
38,State,Nebraska,2015-12-31,150232.02242769903
20,State,Idaho,2015-12-31,199553.38557059935
61,State,West Virginia,2015-12-31,113528.73943205788
18,State,Hawaii,2015-12-31,527562.6382823222
39,State,New Hampshire,2015-12-31,240973.9295098139
28,State,Maine,2015-12-31,198310.6219903429
50,State,Rhode Island,2015-12-31,247372.5202611723
35,State,Montana,2015-12-31,227142.11641139045
13,State,Delaware,2015-12-31,246462.85703965547
52,State,South Dakota,2015-12-31,180016.85680571114
37,State,North Dakota,2015-12-31,232721.45411618883
3,State,Alaska,2015-12-31,285406.36971864273
12,State,District of Columbia,2015-12-31,502800.5249725184
58,State,Vermont,2015-12-31,241586.2431915987
62,State,Wyoming,2015-12-31,234622.7424119611
9,State,California,2016-01-31,430440.6218979581
54,State,Texas,2016-01-31,179380.87348170148
14,State,Florida,2016-01-31,194680.04232905144
43,State,New York,2016-01-31,287921.3088077023
47,State,Pennsylvania,2016-01-31,168381.45563683496
21,State,Illinois,2016-01-31,175424.727509119
44,State,Ohio,2016-01-31,128426.1371206424
16,State,Georgia,2016-01-31,164802.37329928228
36,State,North Carolina,2016-01-31,171078.1374124148
30,State,Michigan,2016-01-31,136454.7478770764
40,State,New Jersey,2016-01-31,313295.77482983033
56,State,Virginia,2016-01-31,249207.05717540547
59,State,Washington,2016-01-31,300689.1245640889
8,State,Arizona,2016-01-31,215606.97503517347
26,State,Massachusetts,2016-01-31,365009.3451359553
53,State,Tennessee,2016-01-31,162940.6262980833
22,State,Indiana,2016-01-31,128636.87710235074
27,State,Maryland,2016-01-31,285213.1045330264
32,State,Missouri,2016-01-31,142261.4907536791
60,State,Wisconsin,2016-01-31,173234.18869300824
10,State,Colorado,2016-01-31,312499.90866580285
31,State,Minnesota,2016-01-31,207697.8113518523
51,State,South Carolina,2016-01-31,163815.99155384678
4,State,Alabama,2016-01-31,142191.0388871098
25,State,Louisiana,2016-01-31,184366.1018227581
24,State,Kentucky,2016-01-31,126156.1481799734
46,State,Oregon,2016-01-31,284877.01968498045
45,State,Oklahoma,2016-01-31,125851.85812593868
11,State,Connecticut,2016-01-31,247174.29933738933
55,State,Utah,2016-01-31,256663.119292013
19,State,Iowa,2016-01-31,143341.33420514813
42,State,Nevada,2016-01-31,225122.997227811
6,State,Arkansas,2016-01-31,134722.98879807568
34,State,Mississippi,2016-01-31,134449.50094650034
23,State,Kansas,2016-01-31,135233.93032787487
41,State,New Mexico,2016-01-31,174870.05138966153
38,State,Nebraska,2016-01-31,151102.70552261817
20,State,Idaho,2016-01-31,200987.8094092446
61,State,West Virginia,2016-01-31,113757.74304284586
18,State,Hawaii,2016-01-31,529224.778379891
39,State,New Hampshire,2016-01-31,241815.41870735757
28,State,Maine,2016-01-31,198845.26150224483
50,State,Rhode Island,2016-01-31,248993.60328658385
35,State,Montana,2016-01-31,228408.9771667329
13,State,Delaware,2016-01-31,247509.42414413777
52,State,South Dakota,2016-01-31,180814.40661935255
37,State,North Dakota,2016-01-31,233453.30219823084
3,State,Alaska,2016-01-31,285629.47559268953
12,State,District of Columbia,2016-01-31,504681.1213274421
58,State,Vermont,2016-01-31,241467.45809463935
62,State,Wyoming,2016-01-31,234987.1172122945
9,State,California,2016-02-29,435792.8055183704
54,State,Texas,2016-02-29,180657.775586319
14,State,Florida,2016-02-29,196072.12617670096
43,State,New York,2016-02-29,288628.8807103063
47,State,Pennsylvania,2016-02-29,168898.65802402
21,State,Illinois,2016-02-29,176371.42784776338
44,State,Ohio,2016-02-29,129251.36328638962
16,State,Georgia,2016-02-29,165837.56655995164
36,State,North Carolina,2016-02-29,172039.28550840614
30,State,Michigan,2016-02-29,137423.20957534327
40,State,New Jersey,2016-02-29,313915.9928710303
56,State,Virginia,2016-02-29,249962.63810407897
59,State,Washington,2016-02-29,304099.45126501104
8,State,Arizona,2016-02-29,217516.83370226956
26,State,Massachusetts,2016-02-29,367153.223955904
53,State,Tennessee,2016-02-29,163992.33703704012
22,State,Indiana,2016-02-29,129298.08051479708
27,State,Maryland,2016-02-29,286044.2564630325
32,State,Missouri,2016-02-29,143105.36184622053
60,State,Wisconsin,2016-02-29,174178.24257383397
10,State,Colorado,2016-02-29,315319.4330515689
31,State,Minnesota,2016-02-29,209245.84052401615
51,State,South Carolina,2016-02-29,164706.35222550773
4,State,Alabama,2016-02-29,142898.60623512475
25,State,Louisiana,2016-02-29,185131.83247051216
24,State,Kentucky,2016-02-29,126801.09879841648
46,State,Oregon,2016-02-29,288037.5267157524
45,State,Oklahoma,2016-02-29,126296.8135445763
11,State,Connecticut,2016-02-29,247179.99546895933
55,State,Utah,2016-02-29,258716.13986873263
19,State,Iowa,2016-02-29,144365.8014203113
42,State,Nevada,2016-02-29,226522.82454621547
6,State,Arkansas,2016-02-29,135427.47582599614
34,State,Mississippi,2016-02-29,134971.44036806843
23,State,Kansas,2016-02-29,135838.9997172421
41,State,New Mexico,2016-02-29,175193.69293140984
38,State,Nebraska,2016-02-29,152054.20291864377
20,State,Idaho,2016-02-29,202646.16435476055
61,State,West Virginia,2016-02-29,114004.9473613953
18,State,Hawaii,2016-02-29,531414.1001687784
39,State,New Hampshire,2016-02-29,242330.27878278133
28,State,Maine,2016-02-29,199446.5256505134
50,State,Rhode Island,2016-02-29,250268.5154031909
35,State,Montana,2016-02-29,229559.8743787752
13,State,Delaware,2016-02-29,248668.4005376151
52,State,South Dakota,2016-02-29,181699.19321368876
37,State,North Dakota,2016-02-29,233932.14851654388
3,State,Alaska,2016-02-29,285667.4007563863
12,State,District of Columbia,2016-02-29,506333.7008739722
58,State,Vermont,2016-02-29,241334.0273745273
62,State,Wyoming,2016-02-29,235474.03032144523
9,State,California,2016-03-31,441872.5989258105
54,State,Texas,2016-03-31,181599.3774890969
14,State,Florida,2016-03-31,197351.76616786592
43,State,New York,2016-03-31,288949.13305976527
47,State,Pennsylvania,2016-03-31,168941.3345169508
21,State,Illinois,2016-03-31,177024.60874770174
44,State,Ohio,2016-03-31,129760.7442332981
16,State,Georgia,2016-03-31,166572.5462912609
36,State,North Carolina,2016-03-31,172627.8489201478
30,State,Michigan,2016-03-31,138095.42650795777
40,State,New Jersey,2016-03-31,314098.4699408431
56,State,Virginia,2016-03-31,250300.7487439604
59,State,Washington,2016-03-31,306898.3258925928
8,State,Arizona,2016-03-31,219008.13084652208
26,State,Massachusetts,2016-03-31,368712.53771124687
53,State,Tennessee,2016-03-31,164712.6128128563
22,State,Indiana,2016-03-31,129705.15952885842
27,State,Maryland,2016-03-31,286178.05789905484
32,State,Missouri,2016-03-31,143558.3260090229
60,State,Wisconsin,2016-03-31,174780.5371467791
10,State,Colorado,2016-03-31,318081.1029355268
31,State,Minnesota,2016-03-31,210552.35086614336
51,State,South Carolina,2016-03-31,165250.3005619615
4,State,Alabama,2016-03-31,143260.82957539285
25,State,Louisiana,2016-03-31,185156.6781390475
24,State,Kentucky,2016-03-31,127097.29019888796
46,State,Oregon,2016-03-31,290719.69018141023
45,State,Oklahoma,2016-03-31,127024.63539204102
11,State,Connecticut,2016-03-31,247286.00795620691
55,State,Utah,2016-03-31,260335.49632216917
19,State,Iowa,2016-03-31,144830.97581480103
42,State,Nevada,2016-03-31,227754.4381768876
6,State,Arkansas,2016-03-31,135801.92654621528
34,State,Mississippi,2016-03-31,135188.590243903
23,State,Kansas,2016-03-31,136081.52771432817
41,State,New Mexico,2016-03-31,175458.16735326496
38,State,Nebraska,2016-03-31,152694.33731703708
20,State,Idaho,2016-03-31,204234.15311677652
61,State,West Virginia,2016-03-31,114049.3148581481
18,State,Hawaii,2016-03-31,534222.9271727377
39,State,New Hampshire,2016-03-31,242524.49639057493
28,State,Maine,2016-03-31,199727.04269610927
50,State,Rhode Island,2016-03-31,251176.63138537123
35,State,Montana,2016-03-31,230258.84875491852
13,State,Delaware,2016-03-31,249480.98056830317
52,State,South Dakota,2016-03-31,182158.1412779479
37,State,North Dakota,2016-03-31,233398.70224408412
3,State,Alaska,2016-03-31,285267.9466437472
12,State,District of Columbia,2016-03-31,507454.2075049714
58,State,Vermont,2016-03-31,240648.9832479312
62,State,Wyoming,2016-03-31,235834.5687573988
9,State,California,2016-04-30,446466.3203474244
54,State,Texas,2016-04-30,182495.3079907197
14,State,Florida,2016-04-30,198707.2082694531
43,State,New York,2016-04-30,289521.46426334814
47,State,Pennsylvania,2016-04-30,168933.86994949335
21,State,Illinois,2016-04-30,177626.75759508568
44,State,Ohio,2016-04-30,130077.688902383
16,State,Georgia,2016-04-30,167328.29541783643
36,State,North Carolina,2016-04-30,173105.98405229818
30,State,Michigan,2016-04-30,138782.02253775476
40,State,New Jersey,2016-04-30,314439.97567735304
56,State,Virginia,2016-04-30,250327.6200493113
59,State,Washington,2016-04-30,309345.22374957986
8,State,Arizona,2016-04-30,219906.65615627423
26,State,Massachusetts,2016-04-30,370334.42564156745
53,State,Tennessee,2016-04-30,165328.76909202055
22,State,Indiana,2016-04-30,130191.50748548417
27,State,Maryland,2016-04-30,286133.08094870095
32,State,Missouri,2016-04-30,143837.2463983257
60,State,Wisconsin,2016-04-30,175434.5531397791
10,State,Colorado,2016-04-30,321017.51271770376
31,State,Minnesota,2016-04-30,211778.1639017912
51,State,South Carolina,2016-04-30,165696.74964840358
4,State,Alabama,2016-04-30,143624.11159421268
25,State,Louisiana,2016-04-30,185251.60892834625
24,State,Kentucky,2016-04-30,127317.05594927732
46,State,Oregon,2016-04-30,293474.42610824923
45,State,Oklahoma,2016-04-30,127752.99823254655
11,State,Connecticut,2016-04-30,247209.01386660247
55,State,Utah,2016-04-30,261911.6623886491
19,State,Iowa,2016-04-30,144937.84596692736
42,State,Nevada,2016-04-30,229233.52717932092
6,State,Arkansas,2016-04-30,135992.6971112129
34,State,Mississippi,2016-04-30,135263.71485332196
23,State,Kansas,2016-04-30,136215.28425126357
41,State,New Mexico,2016-04-30,175937.0099445534
38,State,Nebraska,2016-04-30,153205.6929846099
20,State,Idaho,2016-04-30,205653.3427730653
61,State,West Virginia,2016-04-30,113853.24657577748
18,State,Hawaii,2016-04-30,536262.9172470504
39,State,New Hampshire,2016-04-30,242914.11877721784
28,State,Maine,2016-04-30,200234.09568133028
50,State,Rhode Island,2016-04-30,252041.91191199925
35,State,Montana,2016-04-30,230701.80596116887
13,State,Delaware,2016-04-30,250372.87801149223
52,State,South Dakota,2016-04-30,182507.82061329807
37,State,North Dakota,2016-04-30,232786.52101316885
3,State,Alaska,2016-04-30,285417.5962659999
12,State,District of Columbia,2016-04-30,508480.5898626989
58,State,Vermont,2016-04-30,240245.19160457165
62,State,Wyoming,2016-04-30,235903.37218752268
9,State,California,2016-05-31,449513.5313077595
54,State,Texas,2016-05-31,183359.90691535603
14,State,Florida,2016-05-31,200048.53544117577
43,State,New York,2016-05-31,290399.54424024274
47,State,Pennsylvania,2016-05-31,169138.16977554015
21,State,Illinois,2016-05-31,178214.923849353
44,State,Ohio,2016-05-31,130282.08995541504
16,State,Georgia,2016-05-31,168062.06602960383
36,State,North Carolina,2016-05-31,173536.44613455527
30,State,Michigan,2016-05-31,139524.09927401083
40,State,New Jersey,2016-05-31,315033.9348537997
56,State,Virginia,2016-05-31,250358.22734813025
59,State,Washington,2016-05-31,311694.49215219036
8,State,Arizona,2016-05-31,220674.8012763668
26,State,Massachusetts,2016-05-31,372137.3744696488
53,State,Tennessee,2016-05-31,165888.6714223439
22,State,Indiana,2016-05-31,130723.1132047166
27,State,Maryland,2016-05-31,286323.9338048689
32,State,Missouri,2016-05-31,144209.1140058497
60,State,Wisconsin,2016-05-31,176102.09466121686
10,State,Colorado,2016-05-31,323908.0509830738
31,State,Minnesota,2016-05-31,212737.67271080104
51,State,South Carolina,2016-05-31,166100.99990647333
4,State,Alabama,2016-05-31,143843.08909201215
25,State,Louisiana,2016-05-31,185314.38313403376
24,State,Kentucky,2016-05-31,127616.53758831447
46,State,Oregon,2016-05-31,296424.04394413665
45,State,Oklahoma,2016-05-31,128346.27414258115
11,State,Connecticut,2016-05-31,247505.74426068968
55,State,Utah,2016-05-31,263695.14701128955
19,State,Iowa,2016-05-31,144798.44215855407
42,State,Nevada,2016-05-31,230591.31083514623
6,State,Arkansas,2016-05-31,136175.98258778555
34,State,Mississippi,2016-05-31,135377.29566392014
23,State,Kansas,2016-05-31,136330.49741111614
41,State,New Mexico,2016-05-31,176647.94913375133
38,State,Nebraska,2016-05-31,153613.05713372698
20,State,Idaho,2016-05-31,207215.94916187273
61,State,West Virginia,2016-05-31,113621.82968952385
18,State,Hawaii,2016-05-31,538012.1702489088
39,State,New Hampshire,2016-05-31,243870.11541746944
28,State,Maine,2016-05-31,200989.1534386837
50,State,Rhode Island,2016-05-31,253228.67012920452
35,State,Montana,2016-05-31,231009.1826081178
13,State,Delaware,2016-05-31,251290.90740238957
52,State,South Dakota,2016-05-31,182896.6709722261
37,State,North Dakota,2016-05-31,232250.52863110308
3,State,Alaska,2016-05-31,285867.4234518615
12,State,District of Columbia,2016-05-31,509160.32846349967
58,State,Vermont,2016-05-31,240519.6469591474
62,State,Wyoming,2016-05-31,235882.4749628869
9,State,California,2016-06-30,452206.2731037436
54,State,Texas,2016-06-30,184390.5089291788
14,State,Florida,2016-06-30,201482.42796472428
43,State,New York,2016-06-30,291761.32605398895
47,State,Pennsylvania,2016-06-30,169659.0709280024
21,State,Illinois,2016-06-30,178935.50501804796
44,State,Ohio,2016-06-30,130686.2875095727
16,State,Georgia,2016-06-30,168857.06086041356
36,State,North Carolina,2016-06-30,174180.80622828327
30,State,Michigan,2016-06-30,140480.00186025214
40,State,New Jersey,2016-06-30,315912.2644117147
56,State,Virginia,2016-06-30,250659.13034454503
59,State,Washington,2016-06-30,314084.64744371176
8,State,Arizona,2016-06-30,221552.04121088245
26,State,Massachusetts,2016-06-30,374037.33505510056
53,State,Tennessee,2016-06-30,166604.13099212668
22,State,Indiana,2016-06-30,131426.3809206379
27,State,Maryland,2016-06-30,287028.3081709897
32,State,Missouri,2016-06-30,144806.7450115237
60,State,Wisconsin,2016-06-30,176846.3411387447
10,State,Colorado,2016-06-30,326627.1855475006
31,State,Minnesota,2016-06-30,213651.6924041808
51,State,South Carolina,2016-06-30,166701.6572742391
4,State,Alabama,2016-06-30,144197.70034855817
25,State,Louisiana,2016-06-30,185613.34303941656
24,State,Kentucky,2016-06-30,128225.4971528942
46,State,Oregon,2016-06-30,299380.035414288
45,State,Oklahoma,2016-06-30,128862.1699069813
11,State,Connecticut,2016-06-30,247820.15553270932
55,State,Utah,2016-06-30,265742.805875984
19,State,Iowa,2016-06-30,144896.72087610327
42,State,Nevada,2016-06-30,232101.80855501615
6,State,Arkansas,2016-06-30,136530.95673484687
34,State,Mississippi,2016-06-30,135799.40358643638
23,State,Kansas,2016-06-30,136606.5673005355
41,State,New Mexico,2016-06-30,177413.28618745707
38,State,Nebraska,2016-06-30,154136.8134090746
20,State,Idaho,2016-06-30,208836.00536853512
61,State,West Virginia,2016-06-30,113521.47198190952
18,State,Hawaii,2016-06-30,539616.5405189038
39,State,New Hampshire,2016-06-30,245181.50668703672
28,State,Maine,2016-06-30,202233.30099962937
50,State,Rhode Island,2016-06-30,254713.5013810301
35,State,Montana,2016-06-30,231427.8830191548
13,State,Delaware,2016-06-30,252600.27542046015
52,State,South Dakota,2016-06-30,183449.78823670172
37,State,North Dakota,2016-06-30,232133.64674485257
3,State,Alaska,2016-06-30,286518.0836192102
12,State,District of Columbia,2016-06-30,509952.8553312602
58,State,Vermont,2016-06-30,241565.6895148639
62,State,Wyoming,2016-06-30,235962.40708283024
9,State,California,2016-07-31,453191.1103505309
54,State,Texas,2016-07-31,185249.6227856728
14,State,Florida,2016-07-31,202741.09693157184
43,State,New York,2016-07-31,292880.83552816353
47,State,Pennsylvania,2016-07-31,170066.0396876221
21,State,Illinois,2016-07-31,179260.82915164516
44,State,Ohio,2016-07-31,130946.3718731753
16,State,Georgia,2016-07-31,169295.4228040367
36,State,North Carolina,2016-07-31,174710.80493611362
30,State,Michigan,2016-07-31,141029.81077059402
40,State,New Jersey,2016-07-31,316563.5235448792
56,State,Virginia,2016-07-31,250951.50546519228
59,State,Washington,2016-07-31,316134.189934967
8,State,Arizona,2016-07-31,222482.68266858603
26,State,Massachusetts,2016-07-31,375431.76983390626
53,State,Tennessee,2016-07-31,167300.30551953358
22,State,Indiana,2016-07-31,131965.78110751795
27,State,Maryland,2016-07-31,287666.87151975627
32,State,Missouri,2016-07-31,145286.9915922067
60,State,Wisconsin,2016-07-31,177157.37911533727
10,State,Colorado,2016-07-31,328883.1675539931
31,State,Minnesota,2016-07-31,214219.7979417759
51,State,South Carolina,2016-07-31,167180.9071190415
4,State,Alabama,2016-07-31,144265.91882518292
25,State,Louisiana,2016-07-31,185432.5567367483
24,State,Kentucky,2016-07-31,128651.86084143436
46,State,Oregon,2016-07-31,301954.30905896873
45,State,Oklahoma,2016-07-31,129178.78727830634
11,State,Connecticut,2016-07-31,247941.49781949344
55,State,Utah,2016-07-31,267555.6504917019
19,State,Iowa,2016-07-31,144915.4590072759
42,State,Nevada,2016-07-31,233133.27125801044
6,State,Arkansas,2016-07-31,136704.5502154525
34,State,Mississippi,2016-07-31,136156.985303041
23,State,Kansas,2016-07-31,136721.53604166748
41,State,New Mexico,2016-07-31,177775.63265129924
38,State,Nebraska,2016-07-31,154567.0918622278
20,State,Idaho,2016-07-31,210174.40889724437
61,State,West Virginia,2016-07-31,113319.72525004816
18,State,Hawaii,2016-07-31,542116.9831542134
39,State,New Hampshire,2016-07-31,246132.6524079487
28,State,Maine,2016-07-31,203202.0693771661
50,State,Rhode Island,2016-07-31,256077.97852433613
35,State,Montana,2016-07-31,231775.07501199975
13,State,Delaware,2016-07-31,253527.72550515545
52,State,South Dakota,2016-07-31,183946.6601829815
37,State,North Dakota,2016-07-31,231764.2307880576
3,State,Alaska,2016-07-31,286671.48143047997
12,State,District of Columbia,2016-07-31,510701.3930785715
58,State,Vermont,2016-07-31,242409.2710509628
62,State,Wyoming,2016-07-31,235829.91535219888
9,State,California,2016-08-31,452881.0956623759
54,State,Texas,2016-08-31,186084.971023591
14,State,Florida,2016-08-31,204045.23335507963
43,State,New York,2016-08-31,293682.0159448942
47,State,Pennsylvania,2016-08-31,170474.46873083696
21,State,Illinois,2016-08-31,179470.7719456516
44,State,Ohio,2016-08-31,131228.73244350418
16,State,Georgia,2016-08-31,169665.1360133005
36,State,North Carolina,2016-08-31,175414.90153710466
30,State,Michigan,2016-08-31,141522.25914506675
40,State,New Jersey,2016-08-31,316978.2910389532
56,State,Virginia,2016-08-31,251315.91171790837
59,State,Washington,2016-08-31,317989.7866312317
8,State,Arizona,2016-08-31,223364.83648599524
26,State,Massachusetts,2016-08-31,376396.0263861346
53,State,Tennessee,2016-08-31,168194.31407407692
22,State,Indiana,2016-08-31,132465.6121915996
27,State,Maryland,2016-08-31,287931.79244402424
32,State,Missouri,2016-08-31,145646.51494835224
60,State,Wisconsin,2016-08-31,177545.11724443323
10,State,Colorado,2016-08-31,330700.2121877551
31,State,Minnesota,2016-08-31,214835.84795892777
51,State,South Carolina,2016-08-31,167770.34787686085
4,State,Alabama,2016-08-31,144447.23112523134
25,State,Louisiana,2016-08-31,185369.272749612
24,State,Kentucky,2016-08-31,129082.45100108546
46,State,Oregon,2016-08-31,304187.8275408626
45,State,Oklahoma,2016-08-31,129428.19250236732
11,State,Connecticut,2016-08-31,247950.66390245556
55,State,Utah,2016-08-31,269092.17800497584
19,State,Iowa,2016-08-31,145083.93428181738
42,State,Nevada,2016-08-31,233683.57239585865
6,State,Arkansas,2016-08-31,137052.47690279773
34,State,Mississippi,2016-08-31,136407.26107765737
23,State,Kansas,2016-08-31,136823.74668423733
41,State,New Mexico,2016-08-31,177924.46469751387
38,State,Nebraska,2016-08-31,154986.02090447603
20,State,Idaho,2016-08-31,211323.89807252676
61,State,West Virginia,2016-08-31,113150.81714880127
18,State,Hawaii,2016-08-31,544999.250901139
39,State,New Hampshire,2016-08-31,246666.177966284
28,State,Maine,2016-08-31,203996.6637214132
50,State,Rhode Island,2016-08-31,257170.7410539968
35,State,Montana,2016-08-31,231959.66895911904
13,State,Delaware,2016-08-31,254476.32821223023
52,State,South Dakota,2016-08-31,184376.1478164895
37,State,North Dakota,2016-08-31,230813.4222271589
3,State,Alaska,2016-08-31,286447.31442179234
12,State,District of Columbia,2016-08-31,511653.6803741974
58,State,Vermont,2016-08-31,242965.22860641
62,State,Wyoming,2016-08-31,235412.05589770325
9,State,California,2016-09-30,451392.8477897024
54,State,Texas,2016-09-30,187040.0938741616
14,State,Florida,2016-09-30,205510.19696219463
43,State,New York,2016-09-30,294298.55838920694
47,State,Pennsylvania,2016-09-30,170989.74031486738
21,State,Illinois,2016-09-30,179649.47411181734
44,State,Ohio,2016-09-30,131569.89083740432
16,State,Georgia,2016-09-30,170192.85096018785
36,State,North Carolina,2016-09-30,176286.02100156425
30,State,Michigan,2016-09-30,142025.69816194757
40,State,New Jersey,2016-09-30,317140.5226944238
56,State,Virginia,2016-09-30,251820.2597491592
59,State,Washington,2016-09-30,319888.00901057496
8,State,Arizona,2016-09-30,224535.22160025788
26,State,Massachusetts,2016-09-30,377709.9766772352
53,State,Tennessee,2016-09-30,169319.04508359326
22,State,Indiana,2016-09-30,133028.45229766198
27,State,Maryland,2016-09-30,288271.3338943804
32,State,Missouri,2016-09-30,146044.5114786056
60,State,Wisconsin,2016-09-30,178155.56449519782
10,State,Colorado,2016-09-30,332378.2225728434
31,State,Minnesota,2016-09-30,215641.6509977832
51,State,South Carolina,2016-09-30,168521.31941092273
4,State,Alabama,2016-09-30,144760.00815049055
25,State,Louisiana,2016-09-30,185198.8119852764
24,State,Kentucky,2016-09-30,129554.22354495928
46,State,Oregon,2016-09-30,306211.83210445056
45,State,Oklahoma,2016-09-30,129670.06678344836
11,State,Connecticut,2016-09-30,247951.16532665197
55,State,Utah,2016-09-30,270489.0401381409
19,State,Iowa,2016-09-30,145430.26402085062
42,State,Nevada,2016-09-30,234207.75873150225
6,State,Arkansas,2016-09-30,137468.66026222872
34,State,Mississippi,2016-09-30,136623.6199622362
23,State,Kansas,2016-09-30,136997.77584370322
41,State,New Mexico,2016-09-30,177950.24234314906
38,State,Nebraska,2016-09-30,155498.49834614023
20,State,Idaho,2016-09-30,212552.2460697521
61,State,West Virginia,2016-09-30,113227.93547701724
18,State,Hawaii,2016-09-30,548137.3401539138
39,State,New Hampshire,2016-09-30,247136.96156791504
28,State,Maine,2016-09-30,204788.43633193432
50,State,Rhode Island,2016-09-30,258425.59485183697
35,State,Montana,2016-09-30,232115.42890353073
13,State,Delaware,2016-09-30,255118.0809752754
52,State,South Dakota,2016-09-30,184936.66440257433
37,State,North Dakota,2016-09-30,229741.80435751853
3,State,Alaska,2016-09-30,286690.83496062056
12,State,District of Columbia,2016-09-30,512553.90853171115
58,State,Vermont,2016-09-30,243307.2908200935
62,State,Wyoming,2016-09-30,234791.5841063951
9,State,California,2016-10-31,451054.5322821171
54,State,Texas,2016-10-31,188093.35128852693
14,State,Florida,2016-10-31,207139.86873487395
43,State,New York,2016-10-31,295157.0367982294
47,State,Pennsylvania,2016-10-31,171645.45384827405
21,State,Illinois,2016-10-31,180203.71096609347
44,State,Ohio,2016-10-31,132117.15595824036
16,State,Georgia,2016-10-31,170991.25722780172
36,State,North Carolina,2016-10-31,177381.76593007418
30,State,Michigan,2016-10-31,142756.47309418477
40,State,New Jersey,2016-10-31,317415.6308234437
56,State,Virginia,2016-10-31,252655.9976368423
59,State,Washington,2016-10-31,322167.6319092358
8,State,Arizona,2016-10-31,225696.3854649819
26,State,Massachusetts,2016-10-31,379645.2308423519
53,State,Tennessee,2016-10-31,170710.63996438574
22,State,Indiana,2016-10-31,133730.9844678901
27,State,Maryland,2016-10-31,288953.65452098125
32,State,Missouri,2016-10-31,146661.2346755315
60,State,Wisconsin,2016-10-31,179187.06971017303
10,State,Colorado,2016-10-31,334352.54035121744
31,State,Minnesota,2016-10-31,216705.83646865297
51,State,South Carolina,2016-10-31,169483.88909782664
4,State,Alabama,2016-10-31,145289.39099182282
25,State,Louisiana,2016-10-31,185435.41865772032
24,State,Kentucky,2016-10-31,130280.3353279833
46,State,Oregon,2016-10-31,308487.90983621235
45,State,Oklahoma,2016-10-31,130091.41640060936
11,State,Connecticut,2016-10-31,248362.78440813033
55,State,Utah,2016-10-31,271950.78363197605
19,State,Iowa,2016-10-31,146058.32886309226
42,State,Nevada,2016-10-31,234889.0210783344
6,State,Arkansas,2016-10-31,138086.77027651345
34,State,Mississippi,2016-10-31,136715.18237317746
23,State,Kansas,2016-10-31,137385.48889967872
41,State,New Mexico,2016-10-31,178354.5594085158
38,State,Nebraska,2016-10-31,156156.42804664702
20,State,Idaho,2016-10-31,213945.4963579843
61,State,West Virginia,2016-10-31,113353.83853547322
18,State,Hawaii,2016-10-31,551113.4056141156
39,State,New Hampshire,2016-10-31,247922.47120450356
28,State,Maine,2016-10-31,205812.37577715065
50,State,Rhode Island,2016-10-31,259653.5577355658
35,State,Montana,2016-10-31,232373.77572130223
13,State,Delaware,2016-10-31,256078.65314174947
52,State,South Dakota,2016-10-31,185564.81022569464
37,State,North Dakota,2016-10-31,228917.80724280255
3,State,Alaska,2016-10-31,287061.39581797854
12,State,District of Columbia,2016-10-31,514352.7726319333
58,State,Vermont,2016-10-31,243771.58840992016
62,State,Wyoming,2016-10-31,234524.28001461911
9,State,California,2016-11-30,452128.2120073908
54,State,Texas,2016-11-30,189278.366845394
14,State,Florida,2016-11-30,208631.6124781973
43,State,New York,2016-11-30,296483.34688889486
47,State,Pennsylvania,2016-11-30,172245.54314672938
21,State,Illinois,2016-11-30,180900.3488566212
44,State,Ohio,2016-11-30,132709.0710259761
16,State,Georgia,2016-11-30,171963.29949964077
36,State,North Carolina,2016-11-30,178455.6210681384
30,State,Michigan,2016-11-30,143601.95351539753
40,State,New Jersey,2016-11-30,317841.0769085257
56,State,Virginia,2016-11-30,253703.10670296676
59,State,Washington,2016-11-30,324899.5789321817
8,State,Arizona,2016-11-30,226887.88925064544
26,State,Massachusetts,2016-11-30,382273.6345635288
53,State,Tennessee,2016-11-30,172260.79754993165
22,State,Indiana,2016-11-30,134450.52354649996
27,State,Maryland,2016-11-30,290228.19882923947
32,State,Missouri,2016-11-30,147493.77538649066
60,State,Wisconsin,2016-11-30,180329.70124205505
10,State,Colorado,2016-11-30,336933.40310725995
31,State,Minnesota,2016-11-30,217999.02843943224
51,State,South Carolina,2016-11-30,170434.1482285101
4,State,Alabama,2016-11-30,145810.5986678598
25,State,Louisiana,2016-11-30,185360.91062029384
24,State,Kentucky,2016-11-30,131021.48506888776
46,State,Oregon,2016-11-30,311064.21103992773
45,State,Oklahoma,2016-11-30,130376.18379239092
11,State,Connecticut,2016-11-30,248904.13909217596
55,State,Utah,2016-11-30,273524.24638454407
19,State,Iowa,2016-11-30,146680.9468396297
42,State,Nevada,2016-11-30,236139.1644380649
6,State,Arkansas,2016-11-30,138579.27563467633
34,State,Mississippi,2016-11-30,136781.3889955741
23,State,Kansas,2016-11-30,138011.36070069214
41,State,New Mexico,2016-11-30,178864.89952370673
38,State,Nebraska,2016-11-30,156948.87257628315
20,State,Idaho,2016-11-30,215524.35193741496
61,State,West Virginia,2016-11-30,113474.7488416218
18,State,Hawaii,2016-11-30,553848.4324583447
39,State,New Hampshire,2016-11-30,249153.82611471452
28,State,Maine,2016-11-30,207100.69887667973
50,State,Rhode Island,2016-11-30,261293.40218164332
35,State,Montana,2016-11-30,233148.32296488076
13,State,Delaware,2016-11-30,256926.5445366494
52,State,South Dakota,2016-11-30,186236.85777422544
37,State,North Dakota,2016-11-30,228546.79671482372
3,State,Alaska,2016-11-30,287710.1804994378
12,State,District of Columbia,2016-11-30,517495.6340345357
58,State,Vermont,2016-11-30,244593.62012022024
62,State,Wyoming,2016-11-30,234596.1882791796
9,State,California,2016-12-31,454719.85714020417
54,State,Texas,2016-12-31,190417.0554512402
14,State,Florida,2016-12-31,209868.76521951635
43,State,New York,2016-12-31,298314.93747834075
47,State,Pennsylvania,2016-12-31,172922.69462046307
21,State,Illinois,2016-12-31,181885.80122549788
44,State,Ohio,2016-12-31,133340.34983512363
16,State,Georgia,2016-12-31,173001.42789430055
36,State,North Carolina,2016-12-31,179472.9116959581
30,State,Michigan,2016-12-31,144570.9369482177
40,State,New Jersey,2016-12-31,318843.1518432012
56,State,Virginia,2016-12-31,254819.27192502416
59,State,Washington,2016-12-31,328120.70403740305
8,State,Arizona,2016-12-31,227978.4441004285
26,State,Massachusetts,2016-12-31,384910.18787408614
53,State,Tennessee,2016-12-31,173798.86427124526
22,State,Indiana,2016-12-31,135161.16400256086
27,State,Maryland,2016-12-31,291679.95578733715
32,State,Missouri,2016-12-31,148383.84376328514
60,State,Wisconsin,2016-12-31,181482.38154984856
10,State,Colorado,2016-12-31,339975.1998760457
31,State,Minnesota,2016-12-31,219424.68713877213
51,State,South Carolina,2016-12-31,171222.4197847333
4,State,Alabama,2016-12-31,146337.04214874076
25,State,Louisiana,2016-12-31,185333.4608477249
24,State,Kentucky,2016-12-31,131649.27675314763
46,State,Oregon,2016-12-31,313994.14885525004
45,State,Oklahoma,2016-12-31,130467.26835304424
11,State,Connecticut,2016-12-31,249788.72950236537
55,State,Utah,2016-12-31,275211.3042457074
19,State,Iowa,2016-12-31,147152.40395259325
42,State,Nevada,2016-12-31,237576.52105172607
6,State,Arkansas,2016-12-31,138980.15357483734
34,State,Mississippi,2016-12-31,136805.3020626708
23,State,Kansas,2016-12-31,138681.34939316803
41,State,New Mexico,2016-12-31,179359.70798882018
38,State,Nebraska,2016-12-31,157677.97306050893
20,State,Idaho,2016-12-31,217166.15807212904
61,State,West Virginia,2016-12-31,113491.32131122246
18,State,Hawaii,2016-12-31,556593.347169557
39,State,New Hampshire,2016-12-31,250782.11420986053
28,State,Maine,2016-12-31,208488.8906062767
50,State,Rhode Island,2016-12-31,262980.3594745964
35,State,Montana,2016-12-31,234298.72530455317
13,State,Delaware,2016-12-31,258098.33622206593
52,State,South Dakota,2016-12-31,186881.2981585985
37,State,North Dakota,2016-12-31,228378.98505329763
3,State,Alaska,2016-12-31,288123.7160945714
12,State,District of Columbia,2016-12-31,521472.92812568153
58,State,Vermont,2016-12-31,245809.47229087693
62,State,Wyoming,2016-12-31,235012.1697641421
9,State,California,2017-01-31,459622.60362699983
54,State,Texas,2017-01-31,191537.39420047324
14,State,Florida,2017-01-31,210952.7806705959
43,State,New York,2017-01-31,299993.99227609957
47,State,Pennsylvania,2017-01-31,173515.03478092435
21,State,Illinois,2017-01-31,182889.31194074336
44,State,Ohio,2017-01-31,133943.35723677473
16,State,Georgia,2017-01-31,173991.71017051968
36,State,North Carolina,2017-01-31,180365.10770988956
30,State,Michigan,2017-01-31,145623.91250218078
40,State,New Jersey,2017-01-31,319779.3830550301
56,State,Virginia,2017-01-31,255884.51278891772
59,State,Washington,2017-01-31,331569.9568493667
8,State,Arizona,2017-01-31,229288.76782020964
26,State,Massachusetts,2017-01-31,387289.366963139
53,State,Tennessee,2017-01-31,175065.16547502042
22,State,Indiana,2017-01-31,135710.48372248394
27,State,Maryland,2017-01-31,293083.17758264294
32,State,Missouri,2017-01-31,149258.28011923315
60,State,Wisconsin,2017-01-31,182524.04467596777
10,State,Colorado,2017-01-31,342926.116053112
31,State,Minnesota,2017-01-31,220979.51170801616
51,State,South Carolina,2017-01-31,171707.81325232273
4,State,Alabama,2017-01-31,146791.0557220699
25,State,Louisiana,2017-01-31,184897.58258904683
24,State,Kentucky,2017-01-31,132162.4317881776
46,State,Oregon,2017-01-31,316750.2770648329
45,State,Oklahoma,2017-01-31,130416.910757128
11,State,Connecticut,2017-01-31,250333.37371316063
55,State,Utah,2017-01-31,277074.2308444529
19,State,Iowa,2017-01-31,147573.5628690071
42,State,Nevada,2017-01-31,239393.1386044939
6,State,Arkansas,2017-01-31,139302.07352065886
34,State,Mississippi,2017-01-31,136943.84120732188
23,State,Kansas,2017-01-31,139367.2190847911
41,State,New Mexico,2017-01-31,179373.43369254222
38,State,Nebraska,2017-01-31,158359.10532878686
20,State,Idaho,2017-01-31,218809.7912050959
61,State,West Virginia,2017-01-31,113485.57113668635
18,State,Hawaii,2017-01-31,559155.2160655798
39,State,New Hampshire,2017-01-31,252455.44982291292
28,State,Maine,2017-01-31,209648.24744377355
50,State,Rhode Island,2017-01-31,264793.8210552271
35,State,Montana,2017-01-31,235441.18712740685
13,State,Delaware,2017-01-31,259329.51529999377
52,State,South Dakota,2017-01-31,187477.4854524164
37,State,North Dakota,2017-01-31,228158.5217175348
3,State,Alaska,2017-01-31,288338.63816016127
12,State,District of Columbia,2017-01-31,524370.286797871
58,State,Vermont,2017-01-31,247249.7984614116
62,State,Wyoming,2017-01-31,235375.314166112
9,State,California,2017-02-28,466074.33803174313
54,State,Texas,2017-02-28,192537.66616588863
14,State,Florida,2017-02-28,212166.01769121716
43,State,New York,2017-02-28,301766.43063565996
47,State,Pennsylvania,2017-02-28,174040.02692271737
21,State,Illinois,2017-02-28,183987.55133981237
44,State,Ohio,2017-02-28,134487.68934859624
16,State,Georgia,2017-02-28,175029.47174405414
36,State,North Carolina,2017-02-28,181157.12538708243
30,State,Michigan,2017-02-28,146664.07859218345
40,State,New Jersey,2017-02-28,320776.72271966934
56,State,Virginia,2017-02-28,256897.06613220632
59,State,Washington,2017-02-28,335258.06295380875
8,State,Arizona,2017-02-28,230807.16095887465
26,State,Massachusetts,2017-02-28,389330.706478833
53,State,Tennessee,2017-02-28,175933.84962741254
22,State,Indiana,2017-02-28,136092.65830519338
27,State,Maryland,2017-02-28,294387.4033974344
32,State,Missouri,2017-02-28,150150.3315389422
60,State,Wisconsin,2017-02-28,183348.9046005261
10,State,Colorado,2017-02-28,346062.293882783
31,State,Minnesota,2017-02-28,222650.43425645004
51,State,South Carolina,2017-02-28,172096.88774323332
4,State,Alabama,2017-02-28,147113.53789659796
25,State,Louisiana,2017-02-28,184575.51476237833
24,State,Kentucky,2017-02-28,132609.52988625356
46,State,Oregon,2017-02-28,319460.9279551541
45,State,Oklahoma,2017-02-28,130612.21270965131
11,State,Connecticut,2017-02-28,250720.9083770694
55,State,Utah,2017-02-28,279248.2681415251
19,State,Iowa,2017-02-28,147989.71399164858
42,State,Nevada,2017-02-28,241752.13540217056
6,State,Arkansas,2017-02-28,139561.74030587057
34,State,Mississippi,2017-02-28,137198.64535117903
23,State,Kansas,2017-02-28,139889.60094267715
41,State,New Mexico,2017-02-28,179461.6138688845
38,State,Nebraska,2017-02-28,158964.62048389253
20,State,Idaho,2017-02-28,220607.9160769471
61,State,West Virginia,2017-02-28,113636.68941556152
18,State,Hawaii,2017-02-28,561281.6105330052
39,State,New Hampshire,2017-02-28,254060.18796551705
28,State,Maine,2017-02-28,210629.67918763496
50,State,Rhode Island,2017-02-28,266465.5841777907
35,State,Montana,2017-02-28,236595.22925674703
13,State,Delaware,2017-02-28,260854.6754384604
52,State,South Dakota,2017-02-28,188100.02675847235
37,State,North Dakota,2017-02-28,228189.62157143065
3,State,Alaska,2017-02-28,288102.57201113197
12,State,District of Columbia,2017-02-28,526101.6640802147
58,State,Vermont,2017-02-28,248355.9565117338
62,State,Wyoming,2017-02-28,235505.9585494964
9,State,California,2017-03-31,473081.28838754754
54,State,Texas,2017-03-31,193604.330629032
14,State,Florida,2017-03-31,213582.37998223363
43,State,New York,2017-03-31,303330.8934289976
47,State,Pennsylvania,2017-03-31,174441.87685575758
21,State,Illinois,2017-03-31,185161.36010755925
44,State,Ohio,2017-03-31,135033.11346986124
16,State,Georgia,2017-03-31,176086.70839408552
36,State,North Carolina,2017-03-31,181912.71992920552
30,State,Michigan,2017-03-31,147749.631095426
40,State,New Jersey,2017-03-31,321561.58858842397
56,State,Virginia,2017-03-31,257769.4835882529
59,State,Washington,2017-03-31,338972.61066954205
8,State,Arizona,2017-03-31,232455.3050836528
26,State,Massachusetts,2017-03-31,391565.50227229326
53,State,Tennessee,2017-03-31,176653.69076564218
22,State,Indiana,2017-03-31,136462.10961609147
27,State,Maryland,2017-03-31,295432.35492687084
32,State,Missouri,2017-03-31,151010.00552007096
60,State,Wisconsin,2017-03-31,184164.0708735084
10,State,Colorado,2017-03-31,349224.44160036504
31,State,Minnesota,2017-03-31,224326.68679082164
51,State,South Carolina,2017-03-31,172494.69054724465
4,State,Alabama,2017-03-31,147312.44715902847
25,State,Louisiana,2017-03-31,184159.8780343576
24,State,Kentucky,2017-03-31,133069.23848963648
46,State,Oregon,2017-03-31,322039.64169597457
45,State,Oklahoma,2017-03-31,130965.25447520272
11,State,Connecticut,2017-03-31,251083.2376288089
55,State,Utah,2017-03-31,281688.9855041516
19,State,Iowa,2017-03-31,148341.41884099515
42,State,Nevada,2017-03-31,244399.87388155525
6,State,Arkansas,2017-03-31,139875.61652115034
34,State,Mississippi,2017-03-31,137434.30047608065
23,State,Kansas,2017-03-31,140342.5109897563
41,State,New Mexico,2017-03-31,179768.25633063007
38,State,Nebraska,2017-03-31,159701.77613254284
20,State,Idaho,2017-03-31,222394.65134374108
61,State,West Virginia,2017-03-31,113856.58262784607
18,State,Hawaii,2017-03-31,563834.6625294135
39,State,New Hampshire,2017-03-31,255570.92249371612
28,State,Maine,2017-03-31,211569.36316467173
50,State,Rhode Island,2017-03-31,268166.6397444957
35,State,Montana,2017-03-31,237679.64157664313
13,State,Delaware,2017-03-31,262221.53053216235
52,State,South Dakota,2017-03-31,188764.3857902684
37,State,North Dakota,2017-03-31,228166.10337645735
3,State,Alaska,2017-03-31,287529.15874900046
12,State,District of Columbia,2017-03-31,527128.7682752132
58,State,Vermont,2017-03-31,249427.5336782415
62,State,Wyoming,2017-03-31,235505.3889653722
9,State,California,2017-04-30,478803.6778905603
54,State,Texas,2017-04-30,194785.09000140405
14,State,Florida,2017-04-30,215087.18357214527
43,State,New York,2017-04-30,305438.874171403
47,State,Pennsylvania,2017-04-30,174908.6404609381
21,State,Illinois,2017-04-30,186092.3372802662
44,State,Ohio,2017-04-30,135635.84544073793
16,State,Georgia,2017-04-30,177195.28851417065
36,State,North Carolina,2017-04-30,182841.14450680037
30,State,Michigan,2017-04-30,148796.92664940807
40,State,New Jersey,2017-04-30,322848.6227539235
56,State,Virginia,2017-04-30,258637.04839447676
59,State,Washington,2017-04-30,342639.8569681289
8,State,Arizona,2017-04-30,233959.1541674465
26,State,Massachusetts,2017-04-30,394148.7040593315
53,State,Tennessee,2017-04-30,177553.9541744315
22,State,Indiana,2017-04-30,137080.4323241062
27,State,Maryland,2017-04-30,296574.0184973952
32,State,Missouri,2017-04-30,151848.45814845272
60,State,Wisconsin,2017-04-30,185043.6176227393
10,State,Colorado,2017-04-30,352475.6845718339
31,State,Minnesota,2017-04-30,226161.16335997987
51,State,South Carolina,2017-04-30,173240.48893500248
4,State,Alabama,2017-04-30,147500.04640344082
25,State,Louisiana,2017-04-30,183885.58086598563
24,State,Kentucky,2017-04-30,133644.43502165133
46,State,Oregon,2017-04-30,324626.61573730316
45,State,Oklahoma,2017-04-30,131327.34311195405
11,State,Connecticut,2017-04-30,251914.58364753975
55,State,Utah,2017-04-30,284167.3179011511
19,State,Iowa,2017-04-30,148708.7909513119
42,State,Nevada,2017-04-30,247093.9111830082
6,State,Arkansas,2017-04-30,140244.53058187032
34,State,Mississippi,2017-04-30,137643.17832669537
23,State,Kansas,2017-04-30,140879.68325431016
41,State,New Mexico,2017-04-30,180574.94628708484
38,State,Nebraska,2017-04-30,160610.14611204856
20,State,Idaho,2017-04-30,224311.0137047284
61,State,West Virginia,2017-04-30,114355.4481052955
18,State,Hawaii,2017-04-30,566415.5857871714
39,State,New Hampshire,2017-04-30,257359.88887180973
28,State,Maine,2017-04-30,212902.8148562101
50,State,Rhode Island,2017-04-30,270221.9549502038
35,State,Montana,2017-04-30,239144.6875584485
13,State,Delaware,2017-04-30,263163.35807176935
52,State,South Dakota,2017-04-30,189688.4685118602
37,State,North Dakota,2017-04-30,228359.28433234408
3,State,Alaska,2017-04-30,287346.4005387684
12,State,District of Columbia,2017-04-30,528952.184402548
58,State,Vermont,2017-04-30,250675.4953867061
62,State,Wyoming,2017-04-30,235750.939729658
9,State,California,2017-05-31,482999.2501836697
54,State,Texas,2017-05-31,195848.2910129408
14,State,Florida,2017-05-31,216405.134589904
43,State,New York,2017-05-31,307136.597930555
47,State,Pennsylvania,2017-05-31,175398.37227696166
21,State,Illinois,2017-05-31,186773.7463613566
44,State,Ohio,2017-05-31,136246.82630273534
16,State,Georgia,2017-05-31,178146.82580257463
36,State,North Carolina,2017-05-31,183748.2643588873
30,State,Michigan,2017-05-31,149832.29358689336
40,State,New Jersey,2017-05-31,324352.4011511604
56,State,Virginia,2017-05-31,259313.7912781945
59,State,Washington,2017-05-31,345793.5784630166
8,State,Arizona,2017-05-31,235272.5837330297
26,State,Massachusetts,2017-05-31,396784.1799014765
53,State,Tennessee,2017-05-31,178526.2098986525
22,State,Indiana,2017-05-31,137872.0884869143
27,State,Maryland,2017-05-31,297431.52731407364
32,State,Missouri,2017-05-31,152482.2466268862
60,State,Wisconsin,2017-05-31,185990.94778649343
10,State,Colorado,2017-05-31,355211.71101710806
31,State,Minnesota,2017-05-31,227826.0975744355
51,State,South Carolina,2017-05-31,173941.84025131955
4,State,Alabama,2017-05-31,147637.59354522105
25,State,Louisiana,2017-05-31,183429.31358337295
24,State,Kentucky,2017-05-31,134233.8665245511
46,State,Oregon,2017-05-31,326846.6794264693
45,State,Oklahoma,2017-05-31,131606.38117140153
11,State,Connecticut,2017-05-31,252924.58314780673
55,State,Utah,2017-05-31,286408.11483207945
19,State,Iowa,2017-05-31,149132.5060583548
42,State,Nevada,2017-05-31,249256.45391425956
6,State,Arkansas,2017-05-31,140642.5322174083
34,State,Mississippi,2017-05-31,137574.6235762808
23,State,Kansas,2017-05-31,141354.85336846273
41,State,New Mexico,2017-05-31,181241.0954108615
38,State,Nebraska,2017-05-31,161583.92245824388
20,State,Idaho,2017-05-31,225904.85599107845
61,State,West Virginia,2017-05-31,114741.96425959836
18,State,Hawaii,2017-05-31,569245.7200443352
39,State,New Hampshire,2017-05-31,259150.9058132074
28,State,Maine,2017-05-31,214339.23152938928
50,State,Rhode Island,2017-05-31,272313.8226340237
35,State,Montana,2017-05-31,240498.7948275084
13,State,Delaware,2017-05-31,263423.5651303935
52,State,South Dakota,2017-05-31,190638.0455658727
37,State,North Dakota,2017-05-31,228388.04751950564
3,State,Alaska,2017-05-31,287338.93846985436
12,State,District of Columbia,2017-05-31,530159.9720051667
58,State,Vermont,2017-05-31,251962.04867968248
62,State,Wyoming,2017-05-31,235996.0175752533
9,State,California,2017-06-30,486594.9866744165
54,State,Texas,2017-06-30,196806.54854654265
14,State,Florida,2017-06-30,217764.33656338943
43,State,New York,2017-06-30,308627.4161053628
47,State,Pennsylvania,2017-06-30,175912.11457479294
21,State,Illinois,2017-06-30,186979.57639992505
44,State,Ohio,2017-06-30,136864.1790838254
16,State,Georgia,2017-06-30,179029.55050508757
36,State,North Carolina,2017-06-30,184689.1724147757
30,State,Michigan,2017-06-30,150826.2051590744
40,State,New Jersey,2017-06-30,325958.2658427523
56,State,Virginia,2017-06-30,259954.22557564944
59,State,Washington,2017-06-30,348740.8167556563
8,State,Arizona,2017-06-30,236625.3204021704
26,State,Massachusetts,2017-06-30,399167.8844953196
53,State,Tennessee,2017-06-30,179435.88886718312
22,State,Indiana,2017-06-30,138667.76020290615
27,State,Maryland,2017-06-30,297971.579329865
32,State,Missouri,2017-06-30,153030.32369447395
60,State,Wisconsin,2017-06-30,186921.24750535536
10,State,Colorado,2017-06-30,357308.85028487444
31,State,Minnesota,2017-06-30,229224.73466668685
51,State,South Carolina,2017-06-30,174665.23978777675
4,State,Alabama,2017-06-30,147743.24068074665
25,State,Louisiana,2017-06-30,183111.45672492284
24,State,Kentucky,2017-06-30,134816.40788752984
46,State,Oregon,2017-06-30,328899.40235479805
45,State,Oklahoma,2017-06-30,131881.55944192203
11,State,Connecticut,2017-06-30,253807.7942226769
55,State,Utah,2017-06-30,288581.8669225496
19,State,Iowa,2017-06-30,149583.81898130628
42,State,Nevada,2017-06-30,251443.1777318832
6,State,Arkansas,2017-06-30,140936.06127308685
34,State,Mississippi,2017-06-30,137466.15724381636
23,State,Kansas,2017-06-30,141690.35711027682
41,State,New Mexico,2017-06-30,181799.0672956709
38,State,Nebraska,2017-06-30,162578.32542823718
20,State,Idaho,2017-06-30,227533.50841151664
61,State,West Virginia,2017-06-30,114827.92686566433
18,State,Hawaii,2017-06-30,571818.5162497413
39,State,New Hampshire,2017-06-30,260838.89175689907
28,State,Maine,2017-06-30,215984.71138950056
50,State,Rhode Island,2017-06-30,274230.57494578767
35,State,Montana,2017-06-30,241932.2991805865
13,State,Delaware,2017-06-30,263450.46039810166
52,State,South Dakota,2017-06-30,191468.86719938376
37,State,North Dakota,2017-06-30,228420.8058921306
3,State,Alaska,2017-06-30,287550.02906448743
12,State,District of Columbia,2017-06-30,531915.9320723796
58,State,Vermont,2017-06-30,253075.121333968
62,State,Wyoming,2017-06-30,236240.80601927347
9,State,California,2017-07-31,488345.5525559424
54,State,Texas,2017-07-31,197548.26638801236
14,State,Florida,2017-07-31,219055.6988118284
43,State,New York,2017-07-31,309727.02063894464
47,State,Pennsylvania,2017-07-31,176450.605282738
21,State,Illinois,2017-07-31,187135.09749514653
44,State,Ohio,2017-07-31,137500.25267941956
16,State,Georgia,2017-07-31,179981.66137077822
36,State,North Carolina,2017-07-31,185573.4696200865
30,State,Michigan,2017-07-31,151852.3928144426
40,State,New Jersey,2017-07-31,327147.4313251919
56,State,Virginia,2017-07-31,260437.66594198355
59,State,Washington,2017-07-31,351425.8648272815
8,State,Arizona,2017-07-31,237948.6402609503
26,State,Massachusetts,2017-07-31,401222.0196125279
53,State,Tennessee,2017-07-31,180306.62481669884
22,State,Indiana,2017-07-31,139441.04777618963
27,State,Maryland,2017-07-31,298178.92069095635
32,State,Missouri,2017-07-31,153487.62339143612
60,State,Wisconsin,2017-07-31,187839.14591691573
10,State,Colorado,2017-07-31,358719.35516081814
31,State,Minnesota,2017-07-31,230145.66564184515
51,State,South Carolina,2017-07-31,175297.1605695788
4,State,Alabama,2017-07-31,148023.00650885064
25,State,Louisiana,2017-07-31,183177.78300557745
24,State,Kentucky,2017-07-31,135477.0996525571
46,State,Oregon,2017-07-31,330606.1489118832
45,State,Oklahoma,2017-07-31,132137.44061929852
11,State,Connecticut,2017-07-31,254536.56647401807
55,State,Utah,2017-07-31,290566.052139137
19,State,Iowa,2017-07-31,150047.27373686992
42,State,Nevada,2017-07-31,253781.91297945892
6,State,Arkansas,2017-07-31,141321.09809910654
34,State,Mississippi,2017-07-31,137453.9743176261
23,State,Kansas,2017-07-31,141995.18240958426
41,State,New Mexico,2017-07-31,182292.35090010817
38,State,Nebraska,2017-07-31,163467.31210577406
20,State,Idaho,2017-07-31,229021.10241587608
61,State,West Virginia,2017-07-31,114590.40361400158
18,State,Hawaii,2017-07-31,574309.0454475917
39,State,New Hampshire,2017-07-31,262289.58475023706
28,State,Maine,2017-07-31,217503.99062486735
50,State,Rhode Island,2017-07-31,275708.4665790274
35,State,Montana,2017-07-31,243191.61991378563
13,State,Delaware,2017-07-31,263264.6446479985
52,State,South Dakota,2017-07-31,192084.9308337999
37,State,North Dakota,2017-07-31,228381.5692455437
3,State,Alaska,2017-07-31,287755.45325752633
12,State,District of Columbia,2017-07-31,533592.5187603659
58,State,Vermont,2017-07-31,254001.52935055303
62,State,Wyoming,2017-07-31,236261.6111299761
9,State,California,2017-08-31,489858.5958276349
54,State,Texas,2017-08-31,198334.57060754416
14,State,Florida,2017-08-31,220513.6729699922
43,State,New York,2017-08-31,311088.20434830687
47,State,Pennsylvania,2017-08-31,177041.0497976893
21,State,Illinois,2017-08-31,187335.28373049977
44,State,Ohio,2017-08-31,138175.08018887936
16,State,Georgia,2017-08-31,181006.1319411924
36,State,North Carolina,2017-08-31,186540.49439499388
30,State,Michigan,2017-08-31,152729.45391604977
40,State,New Jersey,2017-08-31,328006.7238040853
56,State,Virginia,2017-08-31,260971.64886677265
59,State,Washington,2017-08-31,354119.9037683904
8,State,Arizona,2017-08-31,239359.62138719825
26,State,Massachusetts,2017-08-31,402917.5235141516
53,State,Tennessee,2017-08-31,181313.46606290364
22,State,Indiana,2017-08-31,140219.64291951447
27,State,Maryland,2017-08-31,298509.30785221304
32,State,Missouri,2017-08-31,153930.3565808892
60,State,Wisconsin,2017-08-31,188620.0583069291
10,State,Colorado,2017-08-31,359860.21428295
31,State,Minnesota,2017-08-31,230769.28227416953
51,State,South Carolina,2017-08-31,176057.14145386603
4,State,Alabama,2017-08-31,148498.7839402301
25,State,Louisiana,2017-08-31,183713.78969539455
24,State,Kentucky,2017-08-31,136159.23336214118
46,State,Oregon,2017-08-31,332290.7990856217
45,State,Oklahoma,2017-08-31,132414.94874608165
11,State,Connecticut,2017-08-31,254972.29323013723
55,State,Utah,2017-08-31,292588.68103313696
19,State,Iowa,2017-08-31,150421.22228836117
42,State,Nevada,2017-08-31,256563.57852749983
6,State,Arkansas,2017-08-31,141687.3675338114
34,State,Mississippi,2017-08-31,137723.80305268712
23,State,Kansas,2017-08-31,142328.01431177356
41,State,New Mexico,2017-08-31,182698.07192763043
38,State,Nebraska,2017-08-31,164212.13895713657
20,State,Idaho,2017-08-31,230448.14162883032
61,State,West Virginia,2017-08-31,114342.54305834149
18,State,Hawaii,2017-08-31,577061.4953458571
39,State,New Hampshire,2017-08-31,263559.14756245835
28,State,Maine,2017-08-31,218903.10157639548
50,State,Rhode Island,2017-08-31,276835.11698633264
35,State,Montana,2017-08-31,244569.63321237295
13,State,Delaware,2017-08-31,263519.035175188
52,State,South Dakota,2017-08-31,192562.8315304461
37,State,North Dakota,2017-08-31,228016.4137451564
3,State,Alaska,2017-08-31,288261.32800574106
12,State,District of Columbia,2017-08-31,535068.679317934
58,State,Vermont,2017-08-31,254917.1142471565
62,State,Wyoming,2017-08-31,236281.97312929417
9,State,California,2017-09-30,491451.6786880924
54,State,Texas,2017-09-30,199132.97694495303
14,State,Florida,2017-09-30,221925.81546282276
43,State,New York,2017-09-30,312470.08651116426
47,State,Pennsylvania,2017-09-30,177701.10025888137
21,State,Illinois,2017-09-30,187973.74123247448
44,State,Ohio,2017-09-30,138781.5792194845
16,State,Georgia,2017-09-30,182115.24124820431
36,State,North Carolina,2017-09-30,187504.88669694285
30,State,Michigan,2017-09-30,153510.88692282367
40,State,New Jersey,2017-09-30,328821.9440833799
56,State,Virginia,2017-09-30,261615.5657127813
59,State,Washington,2017-09-30,356671.2245172775
8,State,Arizona,2017-09-30,240756.22984632535
26,State,Massachusetts,2017-09-30,404876.8256587885
53,State,Tennessee,2017-09-30,182542.96966473933
22,State,Indiana,2017-09-30,141005.5503720435
27,State,Maryland,2017-09-30,299393.29477967735
32,State,Missouri,2017-09-30,154460.34717120175
60,State,Wisconsin,2017-09-30,189411.47554496463
10,State,Colorado,2017-09-30,361207.57298616465
31,State,Minnesota,2017-09-30,231306.5009270703
51,State,South Carolina,2017-09-30,176949.38996600697
4,State,Alabama,2017-09-30,149136.44263994886
25,State,Louisiana,2017-09-30,184567.12821980912
24,State,Kentucky,2017-09-30,137023.78675582277
46,State,Oregon,2017-09-30,333788.17247104715
45,State,Oklahoma,2017-09-30,132794.76475369025
11,State,Connecticut,2017-09-30,255384.27730566333
55,State,Utah,2017-09-30,294580.61341463117
19,State,Iowa,2017-09-30,150847.0755918566
42,State,Nevada,2017-09-30,259618.1664256698
6,State,Arkansas,2017-09-30,142232.28616066455
34,State,Mississippi,2017-09-30,138135.68676923556
23,State,Kansas,2017-09-30,142781.9728713309
41,State,New Mexico,2017-09-30,183117.6453750676
38,State,Nebraska,2017-09-30,164925.09598626578
20,State,Idaho,2017-09-30,231969.2270185108
61,State,West Virginia,2017-09-30,114518.38298608188
18,State,Hawaii,2017-09-30,580045.5936866472
39,State,New Hampshire,2017-09-30,264616.3443479945
28,State,Maine,2017-09-30,219855.56589918677
50,State,Rhode Island,2017-09-30,278047.74872868386
35,State,Montana,2017-09-30,245638.5777368582
13,State,Delaware,2017-09-30,264150.670022837
52,State,South Dakota,2017-09-30,193189.42584400417
37,State,North Dakota,2017-09-30,227497.20495347108
3,State,Alaska,2017-09-30,289189.11936089833
12,State,District of Columbia,2017-09-30,536354.0848488071
58,State,Vermont,2017-09-30,255785.03436852348
62,State,Wyoming,2017-09-30,236369.89611050827
9,State,California,2017-10-31,494916.048732563
54,State,Texas,2017-10-31,200085.15526916055
14,State,Florida,2017-10-31,223440.1479200204
43,State,New York,2017-10-31,314196.9818212088
47,State,Pennsylvania,2017-10-31,178503.7639953996
21,State,Illinois,2017-10-31,188851.44912820496
44,State,Ohio,2017-10-31,139423.63426226866
16,State,Georgia,2017-10-31,183298.92042828564
36,State,North Carolina,2017-10-31,188533.6095148812
30,State,Michigan,2017-10-31,154248.42958169687
40,State,New Jersey,2017-10-31,329854.14367805707
56,State,Virginia,2017-10-31,262546.8574114286
59,State,Washington,2017-10-31,359086.56464045634
8,State,Arizona,2017-10-31,242173.1626772949
26,State,Massachusetts,2017-10-31,406707.20248474745
53,State,Tennessee,2017-10-31,183885.7418898948
22,State,Indiana,2017-10-31,141768.75782558907
27,State,Maryland,2017-10-31,300514.5964666395
32,State,Missouri,2017-10-31,155094.2576836891
60,State,Wisconsin,2017-10-31,190293.06572939773
10,State,Colorado,2017-10-31,362990.25012161984
31,State,Minnesota,2017-10-31,232006.83927358827
51,State,South Carolina,2017-10-31,177868.1022000208
4,State,Alabama,2017-10-31,149793.51672346223
25,State,Louisiana,2017-10-31,185342.4462461728
24,State,Kentucky,2017-10-31,137675.02803699495
46,State,Oregon,2017-10-31,335262.646871656
45,State,Oklahoma,2017-10-31,133284.58683551516
11,State,Connecticut,2017-10-31,255820.94698698143
55,State,Utah,2017-10-31,296544.7313883984
19,State,Iowa,2017-10-31,151374.99133287102
42,State,Nevada,2017-10-31,262837.91165837034
6,State,Arkansas,2017-10-31,142801.68224571456
34,State,Mississippi,2017-10-31,138582.5001695861
23,State,Kansas,2017-10-31,143226.34220424586
41,State,New Mexico,2017-10-31,183515.63507429676
38,State,Nebraska,2017-10-31,165716.6528684701
20,State,Idaho,2017-10-31,233679.03342485413
61,State,West Virginia,2017-10-31,114919.21327301757
18,State,Hawaii,2017-10-31,583413.1844623075
39,State,New Hampshire,2017-10-31,265782.3867705885
28,State,Maine,2017-10-31,220695.03086976163
50,State,Rhode Island,2017-10-31,279338.31446887454
35,State,Montana,2017-10-31,246664.11157037015
13,State,Delaware,2017-10-31,265030.6793934283
52,State,South Dakota,2017-10-31,193982.47775736303
37,State,North Dakota,2017-10-31,226842.83991002257
3,State,Alaska,2017-10-31,290232.4891845859
12,State,District of Columbia,2017-10-31,537131.4930963438
58,State,Vermont,2017-10-31,256698.44876246096
62,State,Wyoming,2017-10-31,236642.208952534
9,State,California,2017-11-30,498757.6873602273
54,State,Texas,2017-11-30,201133.72815752745
14,State,Florida,2017-11-30,224998.53739406643
43,State,New York,2017-11-30,315597.4636745802
47,State,Pennsylvania,2017-11-30,179456.01627044988
21,State,Illinois,2017-11-30,189941.19782228628
44,State,Ohio,2017-11-30,140171.36908061636
16,State,Georgia,2017-11-30,184698.6355876835
36,State,North Carolina,2017-11-30,189714.77691827423
30,State,Michigan,2017-11-30,155192.85066739083
40,State,New Jersey,2017-11-30,331129.3700793505
56,State,Virginia,2017-11-30,263569.42747340194
59,State,Washington,2017-11-30,361585.9051937454
8,State,Arizona,2017-11-30,243428.97029790652
26,State,Massachusetts,2017-11-30,408697.6812187547
53,State,Tennessee,2017-11-30,185294.05072084512
22,State,Indiana,2017-11-30,142685.95289548062
27,State,Maryland,2017-11-30,301691.0242007806
32,State,Missouri,2017-11-30,155819.12587731137
60,State,Wisconsin,2017-11-30,191356.78176003508
10,State,Colorado,2017-11-30,365195.83445382904
31,State,Minnesota,2017-11-30,233102.12957683348
51,State,South Carolina,2017-11-30,178908.38308515414
4,State,Alabama,2017-11-30,150479.04194348937
25,State,Louisiana,2017-11-30,185844.92728800373
24,State,Kentucky,2017-11-30,138114.94201864797
46,State,Oregon,2017-11-30,336788.21913719777
45,State,Oklahoma,2017-11-30,133768.50433492416
11,State,Connecticut,2017-11-30,256660.2211434295
55,State,Utah,2017-11-30,298556.6821310036
19,State,Iowa,2017-11-30,151925.29092811226
42,State,Nevada,2017-11-30,265957.71055079263
6,State,Arkansas,2017-11-30,143442.66570062898
34,State,Mississippi,2017-11-30,138842.64881671025
23,State,Kansas,2017-11-30,143694.28603991462
41,State,New Mexico,2017-11-30,184119.09046719671
38,State,Nebraska,2017-11-30,166610.38549106594
20,State,Idaho,2017-11-30,235617.42562335907
61,State,West Virginia,2017-11-30,115446.49827582065
18,State,Hawaii,2017-11-30,586228.0717943814
39,State,New Hampshire,2017-11-30,267087.12902071094
28,State,Maine,2017-11-30,221550.92547844248
50,State,Rhode Island,2017-11-30,281094.36629537813
35,State,Montana,2017-11-30,247567.04504477856
13,State,Delaware,2017-11-30,265500.2395010355
52,State,South Dakota,2017-11-30,195025.94069759085
37,State,North Dakota,2017-11-30,226260.0009574367
3,State,Alaska,2017-11-30,291251.58517533983
12,State,District of Columbia,2017-11-30,538384.5881619193
58,State,Vermont,2017-11-30,257774.02857817977
62,State,Wyoming,2017-11-30,237046.92676099215
9,State,California,2017-12-31,503272.7279787054
54,State,Texas,2017-12-31,202297.9296315201
14,State,Florida,2017-12-31,226630.087600046
43,State,New York,2017-12-31,317160.69826315803
47,State,Pennsylvania,2017-12-31,180410.96684369413
21,State,Illinois,2017-12-31,191028.77937413353
44,State,Ohio,2017-12-31,140948.97744822627
16,State,Georgia,2017-12-31,186306.54914660697
36,State,North Carolina,2017-12-31,190963.71744158337
30,State,Michigan,2017-12-31,156204.18769250068
40,State,New Jersey,2017-12-31,332304.91098273994
56,State,Virginia,2017-12-31,264639.9643474727
59,State,Washington,2017-12-31,364428.566509535
8,State,Arizona,2017-12-31,244679.1418295228
26,State,Massachusetts,2017-12-31,410459.5388068152
53,State,Tennessee,2017-12-31,186588.04385315752
22,State,Indiana,2017-12-31,143540.94465438393
27,State,Maryland,2017-12-31,302858.61142482684
32,State,Missouri,2017-12-31,156520.82886136297
60,State,Wisconsin,2017-12-31,192353.153799533
10,State,Colorado,2017-12-31,367852.22220364754
31,State,Minnesota,2017-12-31,234587.8900170537
51,State,South Carolina,2017-12-31,179881.7473402276
4,State,Alabama,2017-12-31,151086.68180329612
25,State,Louisiana,2017-12-31,186021.68537759548
24,State,Kentucky,2017-12-31,138284.70398010965
46,State,Oregon,2017-12-31,338701.1629758674
45,State,Oklahoma,2017-12-31,134245.19732026427
11,State,Connecticut,2017-12-31,257553.791208984
55,State,Utah,2017-12-31,300739.5910455839
19,State,Iowa,2017-12-31,152353.72279707997
42,State,Nevada,2017-12-31,269171.96747548244
6,State,Arkansas,2017-12-31,144055.57403787048
34,State,Mississippi,2017-12-31,138937.9953108111
23,State,Kansas,2017-12-31,144285.76870663973
41,State,New Mexico,2017-12-31,184727.85277624463
38,State,Nebraska,2017-12-31,167428.97123395352
20,State,Idaho,2017-12-31,237578.90278798377
61,State,West Virginia,2017-12-31,115684.75746287523
18,State,Hawaii,2017-12-31,588362.3270346419
39,State,New Hampshire,2017-12-31,268616.5641508097
28,State,Maine,2017-12-31,222511.6039337172
50,State,Rhode Island,2017-12-31,282926.91040640743
35,State,Montana,2017-12-31,248664.007480772
13,State,Delaware,2017-12-31,265887.00220328284
52,State,South Dakota,2017-12-31,195933.5256634903
37,State,North Dakota,2017-12-31,225615.6837232939
3,State,Alaska,2017-12-31,291683.03244568413
12,State,District of Columbia,2017-12-31,540483.3595699873
58,State,Vermont,2017-12-31,258778.2491196869
62,State,Wyoming,2017-12-31,237556.76897415952
9,State,California,2018-01-31,508371.1199811655
54,State,Texas,2018-01-31,203452.4053511496
14,State,Florida,2018-01-31,228081.23422732952
43,State,New York,2018-01-31,318572.82098852
47,State,Pennsylvania,2018-01-31,181264.3997310147
21,State,Illinois,2018-01-31,192186.63789919225
44,State,Ohio,2018-01-31,141608.2510537216
16,State,Georgia,2018-01-31,187901.3386109335
36,State,North Carolina,2018-01-31,192167.04513830369
30,State,Michigan,2018-01-31,157326.2263582093
40,State,New Jersey,2018-01-31,333399.42547146574
56,State,Virginia,2018-01-31,265550.5599727568
59,State,Washington,2018-01-31,367738.71884927223
8,State,Arizona,2018-01-31,246125.47996939975
26,State,Massachusetts,2018-01-31,412426.7650430877
53,State,Tennessee,2018-01-31,187797.686183278
22,State,Indiana,2018-01-31,144329.30587385173
27,State,Maryland,2018-01-31,303915.9236911666
32,State,Missouri,2018-01-31,157277.90476987857
60,State,Wisconsin,2018-01-31,193190.6728860078
10,State,Colorado,2018-01-31,370726.32978818985
31,State,Minnesota,2018-01-31,236155.6813473771
51,State,South Carolina,2018-01-31,180815.1249478391
4,State,Alabama,2018-01-31,151627.03866035622
25,State,Louisiana,2018-01-31,186399.3394027527
24,State,Kentucky,2018-01-31,138691.19979286924
46,State,Oregon,2018-01-31,341076.810886315
45,State,Oklahoma,2018-01-31,134808.0797370822
11,State,Connecticut,2018-01-31,258310.28620705163
55,State,Utah,2018-01-31,303162.0789194217
19,State,Iowa,2018-01-31,152722.76051378812
42,State,Nevada,2018-01-31,272138.336968095
6,State,Arkansas,2018-01-31,144569.87986907776
34,State,Mississippi,2018-01-31,139114.24069528346
23,State,Kansas,2018-01-31,144974.07041411658
41,State,New Mexico,2018-01-31,185188.36583933476
38,State,Nebraska,2018-01-31,168241.28622500828
20,State,Idaho,2018-01-31,239635.1375377324
61,State,West Virginia,2018-01-31,115958.21062688432
18,State,Hawaii,2018-01-31,590121.4661774352
39,State,New Hampshire,2018-01-31,270111.8060128872
28,State,Maine,2018-01-31,223510.27870943144
50,State,Rhode Island,2018-01-31,284660.5068547099
35,State,Montana,2018-01-31,249741.1919671312
13,State,Delaware,2018-01-31,266341.23072315264
52,State,South Dakota,2018-01-31,196672.04327985024
37,State,North Dakota,2018-01-31,225080.18901913587
3,State,Alaska,2018-01-31,292007.006630597
12,State,District of Columbia,2018-01-31,544534.7049581533
58,State,Vermont,2018-01-31,259699.9043278468
62,State,Wyoming,2018-01-31,237973.8595278165
9,State,California,2018-02-28,513994.06319466303
54,State,Texas,2018-02-28,204502.8589548169
14,State,Florida,2018-02-28,229355.71245339036
43,State,New York,2018-02-28,319703.8857766722
47,State,Pennsylvania,2018-02-28,182009.40522443925
21,State,Illinois,2018-02-28,193193.90544695104
44,State,Ohio,2018-02-28,142166.5903300708
16,State,Georgia,2018-02-28,189409.31850170076
36,State,North Carolina,2018-02-28,193257.5445392752
30,State,Michigan,2018-02-28,158382.23713260164
40,State,New Jersey,2018-02-28,334369.6535045395
56,State,Virginia,2018-02-28,266434.5846223625
59,State,Washington,2018-02-28,371381.9963464996
8,State,Arizona,2018-02-28,247786.20755810323
26,State,Massachusetts,2018-02-28,414568.7393346587
53,State,Tennessee,2018-02-28,188834.9120595235
22,State,Indiana,2018-02-28,145018.89064665412
27,State,Maryland,2018-02-28,304801.62142544583
32,State,Missouri,2018-02-28,158175.17596459537
60,State,Wisconsin,2018-02-28,194083.83093629172
10,State,Colorado,2018-02-28,373631.9845327589
31,State,Minnesota,2018-02-28,237809.50546548233
51,State,South Carolina,2018-02-28,181704.57288473257
4,State,Alabama,2018-02-28,152071.48983154658
25,State,Louisiana,2018-02-28,186804.96978399128
24,State,Kentucky,2018-02-28,139567.6196604742
46,State,Oregon,2018-02-28,343753.58037370193
45,State,Oklahoma,2018-02-28,135305.00367081203
11,State,Connecticut,2018-02-28,258681.44634984495
55,State,Utah,2018-02-28,305699.1465829673
19,State,Iowa,2018-02-28,153275.3303963327
42,State,Nevada,2018-02-28,275063.58477421594
6,State,Arkansas,2018-02-28,144982.2246356212
34,State,Mississippi,2018-02-28,139520.9509655605
23,State,Kansas,2018-02-28,145765.9107975048
41,State,New Mexico,2018-02-28,185688.5868599351
38,State,Nebraska,2018-02-28,169130.962299461
20,State,Idaho,2018-02-28,241861.21689230503
61,State,West Virginia,2018-02-28,116244.41507048695
18,State,Hawaii,2018-02-28,591976.959296353
39,State,New Hampshire,2018-02-28,271477.94456768176
28,State,Maine,2018-02-28,224352.64623974
50,State,Rhode Island,2018-02-28,285989.60561424907
35,State,Montana,2018-02-28,250804.5228404356
13,State,Delaware,2018-02-28,267185.8416014891
52,State,South Dakota,2018-02-28,197234.544281936
37,State,North Dakota,2018-02-28,224723.99682164876
3,State,Alaska,2018-02-28,292217.9528311878
12,State,District of Columbia,2018-02-28,549349.5073046813
58,State,Vermont,2018-02-28,260575.3289290251
62,State,Wyoming,2018-02-28,238186.76849634948
9,State,California,2018-03-31,519119.76319312537
54,State,Texas,2018-03-31,205733.28813117844
14,State,Florida,2018-03-31,230637.73909404443
43,State,New York,2018-03-31,321177.4417780557
47,State,Pennsylvania,2018-03-31,183040.92261739683
21,State,Illinois,2018-03-31,194394.2356427794
44,State,Ohio,2018-03-31,143018.0579913076
16,State,Georgia,2018-03-31,190912.22340639192
36,State,North Carolina,2018-03-31,194450.12067302316
30,State,Michigan,2018-03-31,159759.02022391767
40,State,New Jersey,2018-03-31,335753.9820344327
56,State,Virginia,2018-03-31,267497.0304091297
59,State,Washington,2018-03-31,375538.6383465011
8,State,Arizona,2018-03-31,249500.2018985794
26,State,Massachusetts,2018-03-31,417152.02746528666
53,State,Tennessee,2018-03-31,190054.3262167589
22,State,Indiana,2018-03-31,145999.8053927958
27,State,Maryland,2018-03-31,305819.7830956984
32,State,Missouri,2018-03-31,159379.71574341174
60,State,Wisconsin,2018-03-31,195358.65428840625
10,State,Colorado,2018-03-31,376466.9675944708
31,State,Minnesota,2018-03-31,239746.0486341087
51,State,South Carolina,2018-03-31,182783.0324297757
4,State,Alabama,2018-03-31,152794.757565301
25,State,Louisiana,2018-03-31,187563.3774733816
24,State,Kentucky,2018-03-31,140882.91760856356
46,State,Oregon,2018-03-31,346633.9728431497
45,State,Oklahoma,2018-03-31,135870.28211673067
11,State,Connecticut,2018-03-31,259114.62003358465
55,State,Utah,2018-03-31,308432.51502835006
19,State,Iowa,2018-03-31,154051.24397063942
42,State,Nevada,2018-03-31,277972.6821757588
6,State,Arkansas,2018-03-31,145627.6858939176
34,State,Mississippi,2018-03-31,140524.9752761914
23,State,Kansas,2018-03-31,146675.33529904907
41,State,New Mexico,2018-03-31,186366.48206453305
38,State,Nebraska,2018-03-31,170187.83560801053
20,State,Idaho,2018-03-31,244579.45493125863
61,State,West Virginia,2018-03-31,117083.1695952426
18,State,Hawaii,2018-03-31,594639.9501540723
39,State,New Hampshire,2018-03-31,273251.911071058
28,State,Maine,2018-03-31,225610.918384506
50,State,Rhode Island,2018-03-31,287690.03099224344
35,State,Montana,2018-03-31,252187.95759270704
13,State,Delaware,2018-03-31,268326.8018963356
52,State,South Dakota,2018-03-31,198085.46449276144
37,State,North Dakota,2018-03-31,224846.9291562337
3,State,Alaska,2018-03-31,292725.93708086945
12,State,District of Columbia,2018-03-31,554305.7969830916
58,State,Vermont,2018-03-31,261755.9205305801
62,State,Wyoming,2018-03-31,238552.9323984135
9,State,California,2018-04-30,523335.7824285456
54,State,Texas,2018-04-30,206884.52529867328
14,State,Florida,2018-04-30,231908.2807417564
43,State,New York,2018-04-30,322825.00955472165
47,State,Pennsylvania,2018-04-30,184020.72974331529
21,State,Illinois,2018-04-30,195290.40519376952
44,State,Ohio,2018-04-30,143954.29898814435
16,State,Georgia,2018-04-30,192237.8134787033
36,State,North Carolina,2018-04-30,195501.618245509
30,State,Michigan,2018-04-30,161013.24370612964
40,State,New Jersey,2018-04-30,337070.03159155295
56,State,Virginia,2018-04-30,268377.5813905745
59,State,Washington,2018-04-30,379578.3496560894
8,State,Arizona,2018-04-30,250986.33713104532
26,State,Massachusetts,2018-04-30,419735.5450403428
53,State,Tennessee,2018-04-30,191102.8657454512
22,State,Indiana,2018-04-30,147036.22150413357
27,State,Maryland,2018-04-30,306669.10103329876
32,State,Missouri,2018-04-30,160520.51149647028
60,State,Wisconsin,2018-04-30,196735.22151587324
10,State,Colorado,2018-04-30,379001.4423280971
31,State,Minnesota,2018-04-30,241706.6428894872
51,State,South Carolina,2018-04-30,183640.5288090803
4,State,Alabama,2018-04-30,153353.45698848384
25,State,Louisiana,2018-04-30,187803.74406523813
24,State,Kentucky,2018-04-30,142018.22998501066
46,State,Oregon,2018-04-30,349111.1977185053
45,State,Oklahoma,2018-04-30,136355.31859584112
11,State,Connecticut,2018-04-30,259259.98585559372
55,State,Utah,2018-04-30,310820.78014553763
19,State,Iowa,2018-04-30,154715.2556006403
42,State,Nevada,2018-04-30,280884.7978718661
6,State,Arkansas,2018-04-30,146150.23726308017
34,State,Mississippi,2018-04-30,141319.88946336284
23,State,Kansas,2018-04-30,147478.58013458445
41,State,New Mexico,2018-04-30,187019.88732730527
38,State,Nebraska,2018-04-30,171128.72357172598
20,State,Idaho,2018-04-30,247385.21192277284
61,State,West Virginia,2018-04-30,118045.60648623196
18,State,Hawaii,2018-04-30,597328.0702710374
39,State,New Hampshire,2018-04-30,275053.17184619437
28,State,Maine,2018-04-30,227102.06134260757
50,State,Rhode Island,2018-04-30,289627.9958437899
35,State,Montana,2018-04-30,253637.0286543235
13,State,Delaware,2018-04-30,269511.45708164194
52,State,South Dakota,2018-04-30,198939.40127449436
37,State,North Dakota,2018-04-30,224834.53850449863
3,State,Alaska,2018-04-30,293136.94718436914
12,State,District of Columbia,2018-04-30,557555.1470651365
58,State,Vermont,2018-04-30,262724.55701281416
62,State,Wyoming,2018-04-30,238712.63903222673
9,State,California,2018-05-31,527193.0593154646
54,State,Texas,2018-05-31,208085.1521347342
14,State,Florida,2018-05-31,233225.98705139055
43,State,New York,2018-05-31,325222.1353227434
47,State,Pennsylvania,2018-05-31,184798.9661818004
21,State,Illinois,2018-05-31,195986.50693487015
44,State,Ohio,2018-05-31,144949.54710253206
16,State,Georgia,2018-05-31,193506.4897134531
36,State,North Carolina,2018-05-31,196486.88647026347
30,State,Michigan,2018-05-31,162265.2357180628
40,State,New Jersey,2018-05-31,338498.19221509807
56,State,Virginia,2018-05-31,269149.80227359687
59,State,Washington,2018-05-31,383544.7010069152
8,State,Arizona,2018-05-31,252609.52651310543
26,State,Massachusetts,2018-05-31,422455.5701639592
53,State,Tennessee,2018-05-31,192153.9570978975
22,State,Indiana,2018-05-31,148092.94498870012
27,State,Maryland,2018-05-31,307639.0628856658
32,State,Missouri,2018-05-31,161457.09264998694
60,State,Wisconsin,2018-05-31,198058.7784228135
10,State,Colorado,2018-05-31,381423.6145295508
31,State,Minnesota,2018-05-31,243447.0040327606
51,State,South Carolina,2018-05-31,184381.24994212636
4,State,Alabama,2018-05-31,153860.86294140806
25,State,Louisiana,2018-05-31,187766.5800677227
24,State,Kentucky,2018-05-31,142827.33851130004
46,State,Oregon,2018-05-31,351203.1960893166
45,State,Oklahoma,2018-05-31,136719.50079558868
11,State,Connecticut,2018-05-31,259454.59127415775
55,State,Utah,2018-05-31,313079.9177254236
19,State,Iowa,2018-05-31,155317.22386097207
42,State,Nevada,2018-05-31,284018.0033295602
6,State,Arkansas,2018-05-31,146667.39927602484
34,State,Mississippi,2018-05-31,141790.96425048984
23,State,Kansas,2018-05-31,148237.91979077063
41,State,New Mexico,2018-05-31,187559.55298222307
38,State,Nebraska,2018-05-31,172006.40412243863
20,State,Idaho,2018-05-31,250294.55698007843
61,State,West Virginia,2018-05-31,118904.93567507964
18,State,Hawaii,2018-05-31,600628.944294646
39,State,New Hampshire,2018-05-31,277108.02402000426
28,State,Maine,2018-05-31,228747.96891677903
50,State,Rhode Island,2018-05-31,291705.63932479155
35,State,Montana,2018-05-31,255189.0524705237
13,State,Delaware,2018-05-31,270551.6995936138
52,State,South Dakota,2018-05-31,199882.81821033423
37,State,North Dakota,2018-05-31,224696.9702552372
3,State,Alaska,2018-05-31,293288.6333255878
12,State,District of Columbia,2018-05-31,560455.9573396578
58,State,Vermont,2018-05-31,263364.1799520368
62,State,Wyoming,2018-05-31,238981.0953287891
9,State,California,2018-06-30,530332.796943392
54,State,Texas,2018-06-30,208996.9572346025
14,State,Florida,2018-06-30,234335.9896021296
43,State,New York,2018-06-30,327385.3982446599
47,State,Pennsylvania,2018-06-30,185183.40453209085
21,State,Illinois,2018-06-30,195941.94032153967
44,State,Ohio,2018-06-30,145616.70778159433
16,State,Georgia,2018-06-30,194471.28874355735
36,State,North Carolina,2018-06-30,197270.07220323043
30,State,Michigan,2018-06-30,163090.47287433475
40,State,New Jersey,2018-06-30,339700.7889721955
56,State,Virginia,2018-06-30,269456.7643541969
59,State,Washington,2018-06-30,386547.4939781159
8,State,Arizona,2018-06-30,254276.37058765505
26,State,Massachusetts,2018-06-30,424777.0296171089
53,State,Tennessee,2018-06-30,192958.9996068885
22,State,Indiana,2018-06-30,148928.34083485065
27,State,Maryland,2018-06-30,308141.45117233857
32,State,Missouri,2018-06-30,161905.98559955915
60,State,Wisconsin,2018-06-30,199016.48538420277
10,State,Colorado,2018-06-30,383252.7372026274
31,State,Minnesota,2018-06-30,244475.1208166032
51,State,South Carolina,2018-06-30,184864.1898240071
4,State,Alabama,2018-06-30,154032.4900394598
25,State,Louisiana,2018-06-30,187049.16702146005
24,State,Kentucky,2018-06-30,143235.78105535256
46,State,Oregon,2018-06-30,352411.78641522635
45,State,Oklahoma,2018-06-30,136751.3361463717
11,State,Connecticut,2018-06-30,259372.4271517474
55,State,Utah,2018-06-30,315033.7083508921
19,State,Iowa,2018-06-30,155831.07619726085
42,State,Nevada,2018-06-30,287172.6451099815
6,State,Arkansas,2018-06-30,146716.38231251677
34,State,Mississippi,2018-06-30,141558.09115429528
23,State,Kansas,2018-06-30,148721.21786485965
41,State,New Mexico,2018-06-30,187964.7301423044
38,State,Nebraska,2018-06-30,172751.88870222998
20,State,Idaho,2018-06-30,252911.9914084008
61,State,West Virginia,2018-06-30,119156.69126705278
18,State,Hawaii,2018-06-30,602919.3491289568
39,State,New Hampshire,2018-06-30,278800.4819790732
28,State,Maine,2018-06-30,230153.40450161192
50,State,Rhode Island,2018-06-30,293244.0493253361
35,State,Montana,2018-06-30,256483.84891357215
13,State,Delaware,2018-06-30,271101.8338740614
52,State,South Dakota,2018-06-30,200410.64872887064
37,State,North Dakota,2018-06-30,223992.0618820711
3,State,Alaska,2018-06-30,292918.6180417621
12,State,District of Columbia,2018-06-30,561857.502117141
58,State,Vermont,2018-06-30,263467.3767499871
62,State,Wyoming,2018-06-30,238906.7355383214
9,State,California,2018-07-31,533189.2372099799
54,State,Texas,2018-07-31,210039.2047214614
14,State,Florida,2018-07-31,235774.91666815957
43,State,New York,2018-07-31,329828.0301442381
47,State,Pennsylvania,2018-07-31,185584.91061834537
21,State,Illinois,2018-07-31,196000.9361283905
44,State,Ohio,2018-07-31,146353.62751209666
16,State,Georgia,2018-07-31,195722.84036173424
36,State,North Carolina,2018-07-31,198249.237234549
30,State,Michigan,2018-07-31,164094.9177778405
40,State,New Jersey,2018-07-31,341282.77685662266
56,State,Virginia,2018-07-31,270158.136548734
59,State,Washington,2018-07-31,389723.6134969481
8,State,Arizona,2018-07-31,256320.29924460952
26,State,Massachusetts,2018-07-31,427145.29417058936
53,State,Tennessee,2018-07-31,194052.3210544459
22,State,Indiana,2018-07-31,149768.94926024866
27,State,Maryland,2018-07-31,309005.1245136944
32,State,Missouri,2018-07-31,162290.2783693209
60,State,Wisconsin,2018-07-31,200334.78022874807
10,State,Colorado,2018-07-31,385267.8385087899
31,State,Minnesota,2018-07-31,245619.62021048312
51,State,South Carolina,2018-07-31,185712.3115495883
4,State,Alabama,2018-07-31,154477.1065688364
25,State,Louisiana,2018-07-31,186788.3937752004
24,State,Kentucky,2018-07-31,143876.81092341305
46,State,Oregon,2018-07-31,353700.05409727455
45,State,Oklahoma,2018-07-31,136875.45835218727
11,State,Connecticut,2018-07-31,259582.90392500465
55,State,Utah,2018-07-31,317730.99414772494
19,State,Iowa,2018-07-31,156613.1343362465
42,State,Nevada,2018-07-31,290794.085097176
6,State,Arkansas,2018-07-31,146958.91330267178
34,State,Mississippi,2018-07-31,141204.75000561043
23,State,Kansas,2018-07-31,149308.5607055522
41,State,New Mexico,2018-07-31,188739.41258477667
38,State,Nebraska,2018-07-31,173706.46435397546
20,State,Idaho,2018-07-31,255838.4527064808
61,State,West Virginia,2018-07-31,119055.67541403764
18,State,Hawaii,2018-07-31,605010.9207211375
39,State,New Hampshire,2018-07-31,280570.66624169477
28,State,Maine,2018-07-31,231745.98161419816
50,State,Rhode Island,2018-07-31,294898.1207693135
35,State,Montana,2018-07-31,257974.8559464199
13,State,Delaware,2018-07-31,271320.9234970417
52,State,South Dakota,2018-07-31,201209.3884151047
37,State,North Dakota,2018-07-31,223556.24588347808
3,State,Alaska,2018-07-31,292832.78699524654
12,State,District of Columbia,2018-07-31,563321.048551151
58,State,Vermont,2018-07-31,264260.8484803908
62,State,Wyoming,2018-07-31,239474.39364349344
9,State,California,2018-08-31,536253.7190935333
54,State,Texas,2018-08-31,210976.82226141208
14,State,Florida,2018-08-31,237180.5897531016
43,State,New York,2018-08-31,332210.1549401343
47,State,Pennsylvania,2018-08-31,186046.87014873567
21,State,Illinois,2018-08-31,195928.0768983045
44,State,Ohio,2018-08-31,147055.96747808822
16,State,Georgia,2018-08-31,197000.28797136497
36,State,North Carolina,2018-08-31,199260.11156812703
30,State,Michigan,2018-08-31,164799.08963849195
40,State,New Jersey,2018-08-31,342619.8978647759
56,State,Virginia,2018-08-31,270904.2383484614
59,State,Washington,2018-08-31,392217.9666505965
8,State,Arizona,2018-08-31,258219.51414969153
26,State,Massachusetts,2018-08-31,429126.8277541916
53,State,Tennessee,2018-08-31,195173.32284972453
22,State,Indiana,2018-08-31,150576.30746319934
27,State,Maryland,2018-08-31,309770.03126696096
32,State,Missouri,2018-08-31,162714.1429862103
60,State,Wisconsin,2018-08-31,201449.94072429245
10,State,Colorado,2018-08-31,386941.0693187567
31,State,Minnesota,2018-08-31,246589.68234913485
51,State,South Carolina,2018-08-31,186704.8596071808
4,State,Alabama,2018-08-31,155011.2433749655
25,State,Louisiana,2018-08-31,186723.90313457657
24,State,Kentucky,2018-08-31,144584.67450470422
46,State,Oregon,2018-08-31,354813.93989960634
45,State,Oklahoma,2018-08-31,137083.68697111745
11,State,Connecticut,2018-08-31,259863.2916961084
55,State,Utah,2018-08-31,320388.9711034109
19,State,Iowa,2018-08-31,157161.10413324405
42,State,Nevada,2018-08-31,294413.3550860824
6,State,Arkansas,2018-08-31,147133.63441585857
34,State,Mississippi,2018-08-31,140947.17162793793
23,State,Kansas,2018-08-31,149793.9600798994
41,State,New Mexico,2018-08-31,189716.7973428672
38,State,Nebraska,2018-08-31,174571.1412281463
20,State,Idaho,2018-08-31,258808.2953783231
61,State,West Virginia,2018-08-31,118860.09884130718
18,State,Hawaii,2018-08-31,606522.7466177057
39,State,New Hampshire,2018-08-31,281972.3915790247
28,State,Maine,2018-08-31,233494.1743641833
50,State,Rhode Island,2018-08-31,296493.8987153929
35,State,Montana,2018-08-31,259322.08803622343
13,State,Delaware,2018-08-31,271337.5175324933
52,State,South Dakota,2018-08-31,201883.91404933156
37,State,North Dakota,2018-08-31,223072.16290983357
3,State,Alaska,2018-08-31,292870.4271876458
12,State,District of Columbia,2018-08-31,564256.7809064301
58,State,Vermont,2018-08-31,265469.04461524566
62,State,Wyoming,2018-08-31,240245.69554387688
9,State,California,2018-09-30,539711.2844903549
54,State,Texas,2018-09-30,211902.01187216604
14,State,Florida,2018-09-30,238608.00353509808
43,State,New York,2018-09-30,334653.8822919761
47,State,Pennsylvania,2018-09-30,186488.5121627027
21,State,Illinois,2018-09-30,196077.5316799366
44,State,Ohio,2018-09-30,147868.09932049064
16,State,Georgia,2018-09-30,198520.93773542307
36,State,North Carolina,2018-09-30,200346.61339775068
30,State,Michigan,2018-09-30,165462.18062625488
40,State,New Jersey,2018-09-30,343600.04507783573
56,State,Virginia,2018-09-30,271837.7556827082
59,State,Washington,2018-09-30,394024.21944471326
8,State,Arizona,2018-09-30,260019.5607192593
26,State,Massachusetts,2018-09-30,430857.6241152492
53,State,Tennessee,2018-09-30,196247.78698817457
22,State,Indiana,2018-09-30,151450.78960665758
27,State,Maryland,2018-09-30,310695.1980203851
32,State,Missouri,2018-09-30,163379.42135246177
60,State,Wisconsin,2018-09-30,202450.77154632905
10,State,Colorado,2018-09-30,388594.7126948708
31,State,Minnesota,2018-09-30,247547.70938430828
51,State,South Carolina,2018-09-30,187773.86572816796
4,State,Alabama,2018-09-30,155647.30843532048
25,State,Louisiana,2018-09-30,187004.6260621862
24,State,Kentucky,2018-09-30,145408.06417639204
46,State,Oregon,2018-09-30,355855.770229869
45,State,Oklahoma,2018-09-30,137565.70345510636
11,State,Connecticut,2018-09-30,260314.54155612507
55,State,Utah,2018-09-30,322942.6767174695
19,State,Iowa,2018-09-30,157727.84963039347
42,State,Nevada,2018-09-30,297698.98870976194
6,State,Arkansas,2018-09-30,147465.48013569837
34,State,Mississippi,2018-09-30,141096.657240583
23,State,Kansas,2018-09-30,150389.51135713604
41,State,New Mexico,2018-09-30,190899.27103640127
38,State,Nebraska,2018-09-30,175450.23217544402
20,State,Idaho,2018-09-30,261811.39487256436
61,State,West Virginia,2018-09-30,119063.51976204326
18,State,Hawaii,2018-09-30,608107.1208252375
39,State,New Hampshire,2018-09-30,282991.5221283092
28,State,Maine,2018-09-30,234945.41533822325
50,State,Rhode Island,2018-09-30,297903.08359395835
35,State,Montana,2018-09-30,260565.89531900664
13,State,Delaware,2018-09-30,271664.19104018045
52,State,South Dakota,2018-09-30,202647.6898456047
37,State,North Dakota,2018-09-30,222882.14161106324
3,State,Alaska,2018-09-30,293517.23278448416
12,State,District of Columbia,2018-09-30,565625.585768111
58,State,Vermont,2018-09-30,266881.7723542873
62,State,Wyoming,2018-09-30,241408.5569395631
9,State,California,2018-10-31,543389.0798477469
54,State,Texas,2018-10-31,212607.6276125945
14,State,Florida,2018-10-31,239782.68749697087
43,State,New York,2018-10-31,336272.55714691494
47,State,Pennsylvania,2018-10-31,186744.55912281515
21,State,Illinois,2018-10-31,196053.47365571893
44,State,Ohio,2018-10-31,148504.6344606694
16,State,Georgia,2018-10-31,199796.2770346325
36,State,North Carolina,2018-10-31,201252.9664120623
30,State,Michigan,2018-10-31,165569.2998523157
40,State,New Jersey,2018-10-31,344018.9112935117
56,State,Virginia,2018-10-31,272401.45698641625
59,State,Washington,2018-10-31,394784.78599816235
8,State,Arizona,2018-10-31,261486.81615149695
26,State,Massachusetts,2018-10-31,431622.3929016795
53,State,Tennessee,2018-10-31,196950.40922339863
22,State,Indiana,2018-10-31,152195.74197763452
27,State,Maryland,2018-10-31,311298.5872964954
32,State,Missouri,2018-10-31,163931.41668345468
60,State,Wisconsin,2018-10-31,202740.1302034986
10,State,Colorado,2018-10-31,389846.1065837646
31,State,Minnesota,2018-10-31,248021.1811517726
51,State,South Carolina,2018-10-31,188470.981719057
4,State,Alabama,2018-10-31,155940.50713373983
25,State,Louisiana,2018-10-31,186683.52882923328
24,State,Kentucky,2018-10-31,145815.6187549356
46,State,Oregon,2018-10-31,356408.26079347596
45,State,Oklahoma,2018-10-31,137939.69914324212
11,State,Connecticut,2018-10-31,260594.39967295993
55,State,Utah,2018-10-31,324880.4204192132
19,State,Iowa,2018-10-31,158000.54101157456
42,State,Nevada,2018-10-31,300326.4734669687
6,State,Arkansas,2018-10-31,147499.24377719648
34,State,Mississippi,2018-10-31,141361.17726410573
23,State,Kansas,2018-10-31,150774.0073927197
41,State,New Mexico,2018-10-31,191714.93662412264
38,State,Nebraska,2018-10-31,175936.89932196657
20,State,Idaho,2018-10-31,264445.5576264427
61,State,West Virginia,2018-10-31,119218.91666309256
18,State,Hawaii,2018-10-31,609267.8492390128
39,State,New Hampshire,2018-10-31,283487.72286983323
28,State,Maine,2018-10-31,235705.6224549554
50,State,Rhode Island,2018-10-31,298552.68872514926
35,State,Montana,2018-10-31,261446.0907319804
13,State,Delaware,2018-10-31,272021.6180362593
52,State,South Dakota,2018-10-31,203021.8300216883
37,State,North Dakota,2018-10-31,222447.9018645668
3,State,Alaska,2018-10-31,293679.97681494313
12,State,District of Columbia,2018-10-31,566988.2164677825
58,State,Vermont,2018-10-31,267449.5205567418
62,State,Wyoming,2018-10-31,242162.2663919056
9,State,California,2018-11-30,545989.8633309008
54,State,Texas,2018-11-30,213407.77211784097
14,State,Florida,2018-11-30,241030.0702280448
43,State,New York,2018-11-30,337423.96162998374
47,State,Pennsylvania,2018-11-30,187032.89841471965
21,State,Illinois,2018-11-30,196217.3432131843
44,State,Ohio,2018-11-30,149255.47631255435
16,State,Georgia,2018-11-30,201175.9156841806
36,State,North Carolina,2018-11-30,202276.47383099695
30,State,Michigan,2018-11-30,165935.4152497188
40,State,New Jersey,2018-11-30,344667.0365666316
56,State,Virginia,2018-11-30,272974.58314567566
59,State,Washington,2018-11-30,395261.1473197858
8,State,Arizona,2018-11-30,262836.78679140756
26,State,Massachusetts,2018-11-30,431855.27243523736
53,State,Tennessee,2018-11-30,197611.78943164236
22,State,Indiana,2018-11-30,153033.00034982734
27,State,Maryland,2018-11-30,311864.1190992677
32,State,Missouri,2018-11-30,164595.47921093696
60,State,Wisconsin,2018-11-30,203219.3586828924
10,State,Colorado,2018-11-30,391054.0340400338
31,State,Minnesota,2018-11-30,248540.2693685561
51,State,South Carolina,2018-11-30,189109.3857032788
4,State,Alabama,2018-11-30,156377.7558195188
25,State,Louisiana,2018-11-30,186687.3622104528
24,State,Kentucky,2018-11-30,146345.7002695431
46,State,Oregon,2018-11-30,356868.9262183299
45,State,Oklahoma,2018-11-30,138630.60880973542
11,State,Connecticut,2018-11-30,260793.85519966867
55,State,Utah,2018-11-30,326794.8522033834
19,State,Iowa,2018-11-30,158470.4076750806
42,State,Nevada,2018-11-30,302395.2470699176
6,State,Arkansas,2018-11-30,147752.0748477261
34,State,Mississippi,2018-11-30,142086.7421649642
23,State,Kansas,2018-11-30,151305.84460711185
41,State,New Mexico,2018-11-30,192525.78006462764
38,State,Nebraska,2018-11-30,176514.17719749664
20,State,Idaho,2018-11-30,266992.50142092403
61,State,West Virginia,2018-11-30,119613.90732927532
18,State,Hawaii,2018-11-30,609658.0229058837
39,State,New Hampshire,2018-11-30,283869.1667274604
28,State,Maine,2018-11-30,236199.28003955333
50,State,Rhode Island,2018-11-30,298795.3402875091
35,State,Montana,2018-11-30,262317.6521650153
13,State,Delaware,2018-11-30,272556.017736196
52,State,South Dakota,2018-11-30,203607.1753244824
37,State,North Dakota,2018-11-30,222132.04492362053
3,State,Alaska,2018-11-30,293745.34265602805
12,State,District of Columbia,2018-11-30,569078.2123979423
58,State,Vermont,2018-11-30,267697.1427669406
62,State,Wyoming,2018-11-30,242798.80885684767
9,State,California,2018-12-31,547513.7240437749
54,State,Texas,2018-12-31,214297.46798680225
14,State,Florida,2018-12-31,242378.15791001715
43,State,New York,2018-12-31,338099.45018317277
47,State,Pennsylvania,2018-12-31,187421.1154584603
21,State,Illinois,2018-12-31,196618.66175231643
44,State,Ohio,2018-12-31,150012.29937658933
16,State,Georgia,2018-12-31,202595.80218395885
36,State,North Carolina,2018-12-31,203359.38437651153
30,State,Michigan,2018-12-31,166541.11512467242
40,State,New Jersey,2018-12-31,345481.62915002264
56,State,Virginia,2018-12-31,273537.40953611705
59,State,Washington,2018-12-31,395920.5404718474
8,State,Arizona,2018-12-31,264027.72865076334
26,State,Massachusetts,2018-12-31,431476.81295518536
53,State,Tennessee,2018-12-31,198446.78505530185
22,State,Indiana,2018-12-31,153776.95616318702
27,State,Maryland,2018-12-31,312387.7130414227
32,State,Missouri,2018-12-31,165131.2992466599
60,State,Wisconsin,2018-12-31,203949.24308193865
10,State,Colorado,2018-12-31,392398.1874324139
31,State,Minnesota,2018-12-31,249288.38459159425
51,State,South Carolina,2018-12-31,189714.60823558763
4,State,Alabama,2018-12-31,156931.87626972454
25,State,Louisiana,2018-12-31,186922.66193723425
24,State,Kentucky,2018-12-31,146907.25335393407
46,State,Oregon,2018-12-31,357786.0426743143
45,State,Oklahoma,2018-12-31,139386.38710334868
11,State,Connecticut,2018-12-31,260899.380583664
55,State,Utah,2018-12-31,328504.23493770306
19,State,Iowa,2018-12-31,158907.26857805872
42,State,Nevada,2018-12-31,303964.1085570567
6,State,Arkansas,2018-12-31,148143.24643717078
34,State,Mississippi,2018-12-31,142714.71745155644
23,State,Kansas,2018-12-31,151762.46140922353
41,State,New Mexico,2018-12-31,193214.87240805896
38,State,Nebraska,2018-12-31,176960.06817526484
20,State,Idaho,2018-12-31,269431.8729845649
61,State,West Virginia,2018-12-31,119886.9241548726
18,State,Hawaii,2018-12-31,610056.558265424
39,State,New Hampshire,2018-12-31,284306.18940592447
28,State,Maine,2018-12-31,236806.64070131475
50,State,Rhode Island,2018-12-31,298935.9206902873
35,State,Montana,2018-12-31,262997.55882780673
13,State,Delaware,2018-12-31,273122.04490183434
52,State,South Dakota,2018-12-31,204355.55966958855
37,State,North Dakota,2018-12-31,221789.1616255896
3,State,Alaska,2018-12-31,293371.5686181351
12,State,District of Columbia,2018-12-31,570518.202391323
58,State,Vermont,2018-12-31,267870.63541683654
62,State,Wyoming,2018-12-31,243202.78660407496
9,State,California,2019-01-31,547038.4635902256
54,State,Texas,2019-01-31,215178.9501780957
14,State,Florida,2019-01-31,243594.72010669147
43,State,New York,2019-01-31,339197.9779814123
47,State,Pennsylvania,2019-01-31,188111.45980640873
21,State,Illinois,2019-01-31,197464.82150809528
44,State,Ohio,2019-01-31,150908.34071993234
16,State,Georgia,2019-01-31,204106.23814493068
36,State,North Carolina,2019-01-31,204551.6110273894
30,State,Michigan,2019-01-31,167697.76741424846
40,State,New Jersey,2019-01-31,346569.66525969846
56,State,Virginia,2019-01-31,274299.9831884789
59,State,Washington,2019-01-31,396667.0280568923
8,State,Arizona,2019-01-31,265348.921848927
26,State,Massachusetts,2019-01-31,431343.8807908439
53,State,Tennessee,2019-01-31,199652.19724907275
22,State,Indiana,2019-01-31,154717.43824461123
27,State,Maryland,2019-01-31,313081.15136851167
32,State,Missouri,2019-01-31,165884.10549731812
60,State,Wisconsin,2019-01-31,205185.07977239313
10,State,Colorado,2019-01-31,393926.9693555445
31,State,Minnesota,2019-01-31,250490.13876764136
51,State,South Carolina,2019-01-31,190544.20742309335
4,State,Alabama,2019-01-31,157878.3734093426
25,State,Louisiana,2019-01-31,187827.1001668543
24,State,Kentucky,2019-01-31,147677.6017736407
46,State,Oregon,2019-01-31,359167.91139367636
45,State,Oklahoma,2019-01-31,139926.60723039997
11,State,Connecticut,2019-01-31,261049.1034558712
55,State,Utah,2019-01-31,330673.4733811381
19,State,Iowa,2019-01-31,159598.8473547985
42,State,Nevada,2019-01-31,305261.4215562154
6,State,Arkansas,2019-01-31,148762.41933621812
34,State,Mississippi,2019-01-31,143279.17327440306
23,State,Kansas,2019-01-31,152284.98903772418
41,State,New Mexico,2019-01-31,194023.66029418
38,State,Nebraska,2019-01-31,177762.29327953295
20,State,Idaho,2019-01-31,271761.08650576905
61,State,West Virginia,2019-01-31,120152.62749866862
18,State,Hawaii,2019-01-31,610152.2052258714
39,State,New Hampshire,2019-01-31,284646.95838064636
28,State,Maine,2019-01-31,237411.43920823
50,State,Rhode Island,2019-01-31,299146.31868203456
35,State,Montana,2019-01-31,263749.65732834395
13,State,Delaware,2019-01-31,274172.3495188546
52,State,South Dakota,2019-01-31,205322.84036300037
37,State,North Dakota,2019-01-31,221850.09748235156
3,State,Alaska,2019-01-31,295264.9790135343
12,State,District of Columbia,2019-01-31,571667.1201950404
58,State,Vermont,2019-01-31,268141.5515883125
62,State,Wyoming,2019-01-31,243739.17436522568
9,State,California,2019-02-28,545404.2771020802
54,State,Texas,2019-02-28,215955.79855501393
14,State,Florida,2019-02-28,244686.3630358523
43,State,New York,2019-02-28,340745.32813575515
47,State,Pennsylvania,2019-02-28,189149.77863204735
21,State,Illinois,2019-02-28,198704.69018963733
44,State,Ohio,2019-02-28,151924.5681411226
16,State,Georgia,2019-02-28,205486.61950461823
36,State,North Carolina,2019-02-28,205668.41409016948
30,State,Michigan,2019-02-28,169126.8412627723
40,State,New Jersey,2019-02-28,347895.1892454378
56,State,Virginia,2019-02-28,275405.63640314486
59,State,Washington,2019-02-28,397868.1796943611
8,State,Arizona,2019-02-28,266945.9580506484
26,State,Massachusetts,2019-02-28,431863.40339397686
53,State,Tennessee,2019-02-28,201172.93351188485
22,State,Indiana,2019-02-28,155691.68129722637
27,State,Maryland,2019-02-28,314261.40719675535
32,State,Missouri,2019-02-28,166759.77806880468
60,State,Wisconsin,2019-02-28,206777.97025229796
10,State,Colorado,2019-02-28,395912.2350211867
31,State,Minnesota,2019-02-28,252174.65745803344
51,State,South Carolina,2019-02-28,191394.83905200625
4,State,Alabama,2019-02-28,159004.67944769966
25,State,Louisiana,2019-02-28,189138.3792029135
24,State,Kentucky,2019-02-28,148508.32273741582
46,State,Oregon,2019-02-28,360942.34127337864
45,State,Oklahoma,2019-02-28,140372.32375460694
11,State,Connecticut,2019-02-28,261414.29189380212
55,State,Utah,2019-02-28,333207.9942798521
19,State,Iowa,2019-02-28,160575.42474833754
42,State,Nevada,2019-02-28,306638.60993105214
6,State,Arkansas,2019-02-28,149494.7945423274
34,State,Mississippi,2019-02-28,143621.769248609
23,State,Kansas,2019-02-28,152898.51397513156
41,State,New Mexico,2019-02-28,194732.75499450168
38,State,Nebraska,2019-02-28,178697.80609053167
20,State,Idaho,2019-02-28,274001.50423487334
61,State,West Virginia,2019-02-28,120445.14655330469
18,State,Hawaii,2019-02-28,610468.4821391008
39,State,New Hampshire,2019-02-28,285253.64373873797
28,State,Maine,2019-02-28,238022.68750449116
50,State,Rhode Island,2019-02-28,299760.04226696724
35,State,Montana,2019-02-28,264614.5092992482
13,State,Delaware,2019-02-28,275653.33796806546
52,State,South Dakota,2019-02-28,206435.90545831167
37,State,North Dakota,2019-02-28,222474.11114152256
3,State,Alaska,2019-02-28,299128.3346385404
12,State,District of Columbia,2019-02-28,571910.7107715966
58,State,Vermont,2019-02-28,268483.8050504913
62,State,Wyoming,2019-02-28,244578.88472189737
9,State,California,2019-03-31,543552.7492197688
54,State,Texas,2019-03-31,216627.8897808761
14,State,Florida,2019-03-31,245424.54488306967
43,State,New York,2019-03-31,342422.8020265764
47,State,Pennsylvania,2019-03-31,190241.95710166325
21,State,Illinois,2019-03-31,199870.78874020057
44,State,Ohio,2019-03-31,152951.398951686
16,State,Georgia,2019-03-31,206712.22528584884
36,State,North Carolina,2019-03-31,206817.9525427078
30,State,Michigan,2019-03-31,170673.89689338737
40,State,New Jersey,2019-03-31,349649.8138677694
56,State,Virginia,2019-03-31,276838.3987625116
59,State,Washington,2019-03-31,399752.706854013
8,State,Arizona,2019-03-31,268501.56941250805
26,State,Massachusetts,2019-03-31,433013.4115969666
53,State,Tennessee,2019-03-31,202797.69513435857
22,State,Indiana,2019-03-31,156885.15100827056
27,State,Maryland,2019-03-31,315911.1736424379
32,State,Missouri,2019-03-31,167852.8547609448
60,State,Wisconsin,2019-03-31,208508.39784458373
10,State,Colorado,2019-03-31,398071.8141457707
31,State,Minnesota,2019-03-31,254068.14933111405
51,State,South Carolina,2019-03-31,192374.5765799019
4,State,Alabama,2019-03-31,160311.54778650822
25,State,Louisiana,2019-03-31,190765.9721890275
24,State,Kentucky,2019-03-31,149417.43103351563
46,State,Oregon,2019-03-31,362678.01974163833
45,State,Oklahoma,2019-03-31,140785.3499110739
11,State,Connecticut,2019-03-31,261963.46767114868
55,State,Utah,2019-03-31,336036.9529450275
19,State,Iowa,2019-03-31,161726.83585573002
42,State,Nevada,2019-03-31,307984.65472823003
6,State,Arkansas,2019-03-31,150294.3790052037
34,State,Mississippi,2019-03-31,144231.696527123
23,State,Kansas,2019-03-31,153762.78787537906
41,State,New Mexico,2019-03-31,195567.3540352567
38,State,Nebraska,2019-03-31,179800.4509296408
20,State,Idaho,2019-03-31,276347.44706219085
61,State,West Virginia,2019-03-31,120761.96783208007
18,State,Hawaii,2019-03-31,611051.5526308619
39,State,New Hampshire,2019-03-31,286256.8811843369
28,State,Maine,2019-03-31,238851.371961826
50,State,Rhode Island,2019-03-31,300622.818616729
35,State,Montana,2019-03-31,265959.96342484
13,State,Delaware,2019-03-31,277155.8664419308
52,State,South Dakota,2019-03-31,207683.54727699808
37,State,North Dakota,2019-03-31,223410.7135297759
3,State,Alaska,2019-03-31,
12,State,District of Columbia,2019-03-31,573551.632095749
58,State,Vermont,2019-03-31,268960.1967357997
62,State,Wyoming,2019-03-31,245855.87118151097
9,State,California,2019-04-30,542490.0670225472
54,State,Texas,2019-04-30,217195.50162757543
14,State,Florida,2019-04-30,245957.55800265985
43,State,New York,2019-04-30,343834.05065733165
47,State,Pennsylvania,2019-04-30,191124.2088721767
21,State,Illinois,2019-04-30,200747.90014877752
44,State,Ohio,2019-04-30,153735.83067560257
16,State,Georgia,2019-04-30,207720.37149737056
36,State,North Carolina,2019-04-30,207858.6999653068
30,State,Michigan,2019-04-30,172040.18884198353
40,State,New Jersey,2019-04-30,351646.38980040257
56,State,Virginia,2019-04-30,278260.6259526219
59,State,Washington,2019-04-30,401802.21845242544
8,State,Arizona,2019-04-30,269817.5788796127
26,State,Massachusetts,2019-04-30,434771.83017311565
53,State,Tennessee,2019-04-30,204181.92944236964
22,State,Indiana,2019-04-30,157887.56547915214
27,State,Maryland,2019-04-30,317659.1417804924
32,State,Missouri,2019-04-30,168824.7019131011
60,State,Wisconsin,2019-04-30,209916.88740275943
10,State,Colorado,2019-04-30,400003.9661117254
31,State,Minnesota,2019-04-30,255689.27715438083
51,State,South Carolina,2019-04-30,193247.25289150988
4,State,Alabama,2019-04-30,161334.17030294682
25,State,Louisiana,2019-04-30,192224.52545079033
24,State,Kentucky,2019-04-30,150265.72001459924
46,State,Oregon,2019-04-30,364035.8446406792
45,State,Oklahoma,2019-04-30,141310.32490800635
11,State,Connecticut,2019-04-30,262540.6419147648
55,State,Utah,2019-04-30,338258.82867498905
19,State,Iowa,2019-04-30,162672.60481883152
42,State,Nevada,2019-04-30,309095.25308962044
6,State,Arkansas,2019-04-30,151141.38919090448
34,State,Mississippi,2019-04-30,144967.64163478048
23,State,Kansas,2019-04-30,154630.3021343825
41,State,New Mexico,2019-04-30,196607.3133938969
38,State,Nebraska,2019-04-30,180780.41546011623
20,State,Idaho,2019-04-30,278704.5561996096
61,State,West Virginia,2019-04-30,121049.93132054318
18,State,Hawaii,2019-04-30,612141.1637995084
39,State,New Hampshire,2019-04-30,287556.1474878095
28,State,Maine,2019-04-30,239782.95828796944
50,State,Rhode Island,2019-04-30,301835.02994476986
35,State,Montana,2019-04-30,267464.4709526252
13,State,Delaware,2019-04-30,278494.2569614687
52,State,South Dakota,2019-04-30,208872.29992407133
37,State,North Dakota,2019-04-30,224205.66742340344
3,State,Alaska,2019-04-30,307950.47259253985
12,State,District of Columbia,2019-04-30,575810.5745613155
58,State,Vermont,2019-04-30,269464.27716655645
62,State,Wyoming,2019-04-30,247330.30122978627
9,State,California,2019-05-31,541853.88792518
54,State,Texas,2019-05-31,217705.5436787031
14,State,Florida,2019-05-31,246244.0381602149
43,State,New York,2019-05-31,344640.29228196497
47,State,Pennsylvania,2019-05-31,191703.7268929093
21,State,Illinois,2019-05-31,201139.16856298075
44,State,Ohio,2019-05-31,154226.13410657915
16,State,Georgia,2019-05-31,208547.72179642995
36,State,North Carolina,2019-05-31,208762.9260284036
30,State,Michigan,2019-05-31,173097.45064816074
40,State,New Jersey,2019-05-31,353173.4335029013
56,State,Virginia,2019-05-31,279216.1906270155
59,State,Washington,2019-05-31,403587.4323719286
8,State,Arizona,2019-05-31,270782.87582732463
26,State,Massachusetts,2019-05-31,436012.9354196026
53,State,Tennessee,2019-05-31,205309.83939309476
22,State,Indiana,2019-05-31,158630.5642597139
27,State,Maryland,2019-05-31,318855.9493000979
32,State,Missouri,2019-05-31,169510.66133101282
60,State,Wisconsin,2019-05-31,210946.5830392034
10,State,Colorado,2019-05-31,401023.35708190623
31,State,Minnesota,2019-05-31,256702.1283767811
51,State,South Carolina,2019-05-31,194077.55786878543
4,State,Alabama,2019-05-31,162009.92824485074
25,State,Louisiana,2019-05-31,193260.01390545105
24,State,Kentucky,2019-05-31,150857.228920573
46,State,Oregon,2019-05-31,364737.78945471504
45,State,Oklahoma,2019-05-31,141740.46452721782
11,State,Connecticut,2019-05-31,262827.5949797469
55,State,Utah,2019-05-31,339689.18189663446
19,State,Iowa,2019-05-31,163392.17380119514
42,State,Nevada,2019-05-31,309441.5965579613
6,State,Arkansas,2019-05-31,151877.63677689826
34,State,Mississippi,2019-05-31,145683.91992895963
23,State,Kansas,2019-05-31,155258.943333484
41,State,New Mexico,2019-05-31,197853.7386333623
38,State,Nebraska,2019-05-31,181605.53386913225
20,State,Idaho,2019-05-31,280963.99576903466
61,State,West Virginia,2019-05-31,121138.14914209805
18,State,Hawaii,2019-05-31,613029.6412087794
39,State,New Hampshire,2019-05-31,288889.98949882487
28,State,Maine,2019-05-31,240380.3851822924
50,State,Rhode Island,2019-05-31,302708.2353758951
35,State,Montana,2019-05-31,268802.7796183277
13,State,Delaware,2019-05-31,279047.7637543865
52,State,South Dakota,2019-05-31,209795.17987379883
37,State,North Dakota,2019-05-31,224863.87988520123
3,State,Alaska,2019-05-31,310158.09380499454
12,State,District of Columbia,2019-05-31,577356.4608342486
58,State,Vermont,2019-05-31,269750.38058752165
62,State,Wyoming,2019-05-31,248610.9559750316
9,State,California,2019-06-30,541461.5791521406
54,State,Texas,2019-06-30,218200.34076436597
14,State,Florida,2019-06-30,246659.08869314208
43,State,New York,2019-06-30,345624.2251509801
47,State,Pennsylvania,2019-06-30,192336.1327049156
21,State,Illinois,2019-06-30,201339.89207360148
44,State,Ohio,2019-06-30,154695.43095049568
16,State,Georgia,2019-06-30,209260.72561168205
36,State,North Carolina,2019-06-30,209515.32344991175
30,State,Michigan,2019-06-30,173872.39790701531
40,State,New Jersey,2019-06-30,354276.5534294043
56,State,Virginia,2019-06-30,279832.85726977274
59,State,Washington,2019-06-30,404981.0033473088
8,State,Arizona,2019-06-30,271774.8309930342
26,State,Massachusetts,2019-06-30,437109.54610318056
53,State,Tennessee,2019-06-30,206440.10301634468
22,State,Indiana,2019-06-30,159218.04351084752
27,State,Maryland,2019-06-30,319645.0478899535
32,State,Missouri,2019-06-30,170080.8762642298
60,State,Wisconsin,2019-06-30,211747.19391718725
10,State,Colorado,2019-06-30,401642.5352562818
31,State,Minnesota,2019-06-30,257426.31528288536
51,State,South Carolina,2019-06-30,194886.60858871788
4,State,Alabama,2019-06-30,162553.37982404468
25,State,Louisiana,2019-06-30,193817.03107970703
24,State,Kentucky,2019-06-30,151338.53750178163
46,State,Oregon,2019-06-30,365295.2537946598
45,State,Oklahoma,2019-06-30,142305.65139747356
11,State,Connecticut,2019-06-30,262983.36291674967
55,State,Utah,2019-06-30,340609.54390573705
19,State,Iowa,2019-06-30,164001.79772193005
42,State,Nevada,2019-06-30,309730.3665904067
6,State,Arkansas,2019-06-30,152693.92495999415
34,State,Mississippi,2019-06-30,146346.05025130877
23,State,Kansas,2019-06-30,155784.87603940163
41,State,New Mexico,2019-06-30,198997.3989182671
38,State,Nebraska,2019-06-30,182434.02762883817
20,State,Idaho,2019-06-30,283186.6106261839
61,State,West Virginia,2019-06-30,121232.66844184126
18,State,Hawaii,2019-06-30,613584.5805971044
39,State,New Hampshire,2019-06-30,290276.8938074781
28,State,Maine,2019-06-30,240881.3240596199
50,State,Rhode Island,2019-06-30,303500.3051951809
35,State,Montana,2019-06-30,269976.26682023465
13,State,Delaware,2019-06-30,279069.8065482152
52,State,South Dakota,2019-06-30,210565.18360439464
37,State,North Dakota,2019-06-30,225799.93317243713
3,State,Alaska,2019-06-30,311689.66280569707
12,State,District of Columbia,2019-06-30,577415.4270758266
58,State,Vermont,2019-06-30,269985.66832300037
62,State,Wyoming,2019-06-30,250021.8450426909
9,State,California,2019-07-31,541873.8391539234
54,State,Texas,2019-07-31,218725.3220286003
14,State,Florida,2019-07-31,247195.7551222907
43,State,New York,2019-07-31,346627.398372895
47,State,Pennsylvania,2019-07-31,193049.19465257897
21,State,Illinois,2019-07-31,201230.8886713671
44,State,Ohio,2019-07-31,155223.60780145318
16,State,Georgia,2019-07-31,209983.26051215245
36,State,North Carolina,2019-07-31,210268.25130210104
30,State,Michigan,2019-07-31,174258.04368060883
40,State,New Jersey,2019-07-31,354820.4720982886
56,State,Virginia,2019-07-31,280288.0922623446
59,State,Washington,2019-07-31,406207.1984702198
8,State,Arizona,2019-07-31,272775.30608945974
26,State,Massachusetts,2019-07-31,437525.8602671618
53,State,Tennessee,2019-07-31,207582.11642069844
22,State,Indiana,2019-07-31,159843.54597491215
27,State,Maryland,2019-07-31,320210.4761086786
32,State,Missouri,2019-07-31,170487.61960179033
60,State,Wisconsin,2019-07-31,212580.7932950925
10,State,Colorado,2019-07-31,402103.82783030014
31,State,Minnesota,2019-07-31,257935.66243652115
51,State,South Carolina,2019-07-31,195668.95625544703
4,State,Alabama,2019-07-31,163232.94769455036
25,State,Louisiana,2019-07-31,194345.94298886388
24,State,Kentucky,2019-07-31,151782.22309592963
46,State,Oregon,2019-07-31,365701.66143608367
45,State,Oklahoma,2019-07-31,142928.97907999108
11,State,Connecticut,2019-07-31,263175.5070413831
55,State,Utah,2019-07-31,341492.899535049
19,State,Iowa,2019-07-31,164470.76608110682
42,State,Nevada,2019-07-31,309982.29228325724
6,State,Arkansas,2019-07-31,153293.71255821493
34,State,Mississippi,2019-07-31,146929.26878715376
23,State,Kansas,2019-07-31,156267.40510003045
41,State,New Mexico,2019-07-31,199914.00798081493
38,State,Nebraska,2019-07-31,183128.2802396044
20,State,Idaho,2019-07-31,285417.5957936526
61,State,West Virginia,2019-07-31,121428.23415552676
18,State,Hawaii,2019-07-31,613963.796201387
39,State,New Hampshire,2019-07-31,291906.4741779057
28,State,Maine,2019-07-31,241603.32604114793
50,State,Rhode Island,2019-07-31,304064.13844766543
35,State,Montana,2019-07-31,271141.6341206148
13,State,Delaware,2019-07-31,278806.4246494109
52,State,South Dakota,2019-07-31,211192.0309254472
37,State,North Dakota,2019-07-31,226813.17629292436
3,State,Alaska,2019-07-31,312834.59133314417
12,State,District of Columbia,2019-07-31,577094.3059103172
58,State,Vermont,2019-07-31,270565.5416618847
62,State,Wyoming,2019-07-31,251406.8413926583
9,State,California,2019-08-31,543598.027125726
54,State,Texas,2019-08-31,219354.5728567219
14,State,Florida,2019-08-31,247927.65594816543
43,State,New York,2019-08-31,347827.5850433044
47,State,Pennsylvania,2019-08-31,193797.6653058736
21,State,Illinois,2019-08-31,201123.9758848063
44,State,Ohio,2019-08-31,155716.7444150452
16,State,Georgia,2019-08-31,210819.90742040996
36,State,North Carolina,2019-08-31,211100.7934750186
30,State,Michigan,2019-08-31,174410.66029441857
40,State,New Jersey,2019-08-31,355277.91586324194
56,State,Virginia,2019-08-31,280927.2331955338
59,State,Washington,2019-08-31,407528.3772908552
8,State,Arizona,2019-08-31,274002.2872958631
26,State,Massachusetts,2019-08-31,437721.5787577119
53,State,Tennessee,2019-08-31,208788.97048221336
22,State,Indiana,2019-08-31,160579.48442150434
27,State,Maryland,2019-08-31,320820.95956660336
32,State,Missouri,2019-08-31,170828.11728995244
60,State,Wisconsin,2019-08-31,213390.51606156633
10,State,Colorado,2019-08-31,402919.6090368538
31,State,Minnesota,2019-08-31,258426.67928713633
51,State,South Carolina,2019-08-31,196439.44803469305
4,State,Alabama,2019-08-31,164040.61258885384
25,State,Louisiana,2019-08-31,194689.22591743935
24,State,Kentucky,2019-08-31,152271.51079492018
46,State,Oregon,2019-08-31,366312.27779554325
45,State,Oklahoma,2019-08-31,143487.25276008074
11,State,Connecticut,2019-08-31,263455.43138285965
55,State,Utah,2019-08-31,342644.9486586093
19,State,Iowa,2019-08-31,164810.6610301682
42,State,Nevada,2019-08-31,310518.0385599975
6,State,Arkansas,2019-08-31,153730.1820059774
34,State,Mississippi,2019-08-31,147298.83303561812
23,State,Kansas,2019-08-31,156881.3531046354
41,State,New Mexico,2019-08-31,200624.13527703096
38,State,Nebraska,2019-08-31,183843.72700391425
20,State,Idaho,2019-08-31,287763.5258565379
61,State,West Virginia,2019-08-31,121465.0606931873
18,State,Hawaii,2019-08-31,613992.5370279782
39,State,New Hampshire,2019-08-31,293399.3064537064
28,State,Maine,2019-08-31,242842.1459848329
50,State,Rhode Island,2019-08-31,304626.4952018351
35,State,Montana,2019-08-31,272669.66634734726
13,State,Delaware,2019-08-31,278794.9166969249
52,State,South Dakota,2019-08-31,211793.46783349375
37,State,North Dakota,2019-08-31,227548.64791250185
3,State,Alaska,2019-08-31,313912.87430048594
12,State,District of Columbia,2019-08-31,577133.114861284
58,State,Vermont,2019-08-31,271369.2797024189
62,State,Wyoming,2019-08-31,253073.99843314989
9,State,California,2019-09-30,546233.5125996232
54,State,Texas,2019-09-30,220042.16928590383
14,State,Florida,2019-09-30,248655.25443128627
43,State,New York,2019-09-30,348483.6805955136
47,State,Pennsylvania,2019-09-30,194476.97584833065
21,State,Illinois,2019-09-30,200849.22338539505
44,State,Ohio,2019-09-30,156130.43700507891
16,State,Georgia,2019-09-30,211593.8700733333
36,State,North Carolina,2019-09-30,211898.1061816899
30,State,Michigan,2019-09-30,174441.63994295849
40,State,New Jersey,2019-09-30,355502.9788996268
56,State,Virginia,2019-09-30,281660.62589073204
59,State,Washington,2019-09-30,408789.3725694341
8,State,Arizona,2019-09-30,275446.33267004153
26,State,Massachusetts,2019-09-30,437643.9462560432
53,State,Tennessee,2019-09-30,209862.75520738843
22,State,Indiana,2019-09-30,161244.529794135
27,State,Maryland,2019-09-30,321283.1832820035
32,State,Missouri,2019-09-30,170965.68376709454
60,State,Wisconsin,2019-09-30,214086.95170932423
10,State,Colorado,2019-09-30,403765.2189659658
31,State,Minnesota,2019-09-30,258705.07447952183
51,State,South Carolina,2019-09-30,197017.83363347765
4,State,Alabama,2019-09-30,164662.61365960268
25,State,Louisiana,2019-09-30,194843.4315535135
24,State,Kentucky,2019-09-30,152638.8995432784
46,State,Oregon,2019-09-30,366838.50738442456
45,State,Oklahoma,2019-09-30,143784.23208260973
11,State,Connecticut,2019-09-30,263531.5046635697
55,State,Utah,2019-09-30,344133.43922319467
19,State,Iowa,2019-09-30,165089.42100841648
42,State,Nevada,2019-09-30,310836.6464825611
6,State,Arkansas,2019-09-30,153763.24790532657
34,State,Mississippi,2019-09-30,147268.55276934156
23,State,Kansas,2019-09-30,157398.7060474835
41,State,New Mexico,2019-09-30,201202.0318849376
38,State,Nebraska,2019-09-30,184493.22608513036
20,State,Idaho,2019-09-30,289955.5271025682
61,State,West Virginia,2019-09-30,121321.54958501615
18,State,Hawaii,2019-09-30,613797.5927876685
39,State,New Hampshire,2019-09-30,294533.00314278965
28,State,Maine,2019-09-30,243936.265744837
50,State,Rhode Island,2019-09-30,305249.7343337582
35,State,Montana,2019-09-30,273954.7421892041
13,State,Delaware,2019-09-30,278600.35159331065
52,State,South Dakota,2019-09-30,212328.6068475693
37,State,North Dakota,2019-09-30,227818.17803002507
3,State,Alaska,2019-09-30,315004.85228692
12,State,District of Columbia,2019-09-30,577410.5179682191
58,State,Vermont,2019-09-30,272174.78550744755
62,State,Wyoming,2019-09-30,254294.15289286425
9,State,California,2019-10-31,549340.1841438833
54,State,Texas,2019-10-31,220962.64786108863
14,State,Florida,2019-10-31,249619.4522270458
43,State,New York,2019-10-31,349223.46038344735
47,State,Pennsylvania,2019-10-31,195332.97892394665
21,State,Illinois,2019-10-31,200923.10312288872
44,State,Ohio,2019-10-31,156695.9448167422
16,State,Georgia,2019-10-31,212585.71164652336
36,State,North Carolina,2019-10-31,212959.6286022757
30,State,Michigan,2019-10-31,174933.565043075
40,State,New Jersey,2019-10-31,356154.8849685458
56,State,Virginia,2019-10-31,282621.9788841859
59,State,Washington,2019-10-31,410667.2152815174
8,State,Arizona,2019-10-31,277162.2459287458
26,State,Massachusetts,2019-10-31,438283.3495133913
53,State,Tennessee,2019-10-31,211128.43314748243
22,State,Indiana,2019-10-31,161995.3866333731
27,State,Maryland,2019-10-31,321795.7051773152
32,State,Missouri,2019-10-31,171467.6006737556
60,State,Wisconsin,2019-10-31,214885.56862083124
10,State,Colorado,2019-10-31,405033.51506082714
31,State,Minnesota,2019-10-31,259265.69531099295
51,State,South Carolina,2019-10-31,197765.3730388548
4,State,Alabama,2019-10-31,165467.29379066898
25,State,Louisiana,2019-10-31,194984.17671669423
24,State,Kentucky,2019-10-31,153268.3757588127
46,State,Oregon,2019-10-31,367789.90183460835
45,State,Oklahoma,2019-10-31,144320.3605728233
11,State,Connecticut,2019-10-31,263770.3957014759
55,State,Utah,2019-10-31,346036.66211290145
19,State,Iowa,2019-10-31,165820.2196226305
42,State,Nevada,2019-10-31,311127.58744344744
6,State,Arkansas,2019-10-31,154034.27724505565
34,State,Mississippi,2019-10-31,147477.76205095742
23,State,Kansas,2019-10-31,158154.8085384769
41,State,New Mexico,2019-10-31,201921.28065632167
38,State,Nebraska,2019-10-31,185369.32742683528
20,State,Idaho,2019-10-31,292525.88625338866
61,State,West Virginia,2019-10-31,121327.97847189556
18,State,Hawaii,2019-10-31,613661.0399983575
39,State,New Hampshire,2019-10-31,295613.9234846667
28,State,Maine,2019-10-31,245248.19494090843
50,State,Rhode Island,2019-10-31,306143.72797669127
35,State,Montana,2019-10-31,275139.2999377719
13,State,Delaware,2019-10-31,278389.01472271886
52,State,South Dakota,2019-10-31,213274.12717011
37,State,North Dakota,2019-10-31,228252.9664701351
3,State,Alaska,2019-10-31,316167.19405091903
12,State,District of Columbia,2019-10-31,577936.0664696619
58,State,Vermont,2019-10-31,273172.04972894496
62,State,Wyoming,2019-10-31,255620.40719057087
9,State,California,2019-11-30,552722.7236286359
54,State,Texas,2019-11-30,222052.52993622524
14,State,Florida,2019-11-30,250938.2513790572
43,State,New York,2019-11-30,350700.9112365852
47,State,Pennsylvania,2019-11-30,196422.6223055
21,State,Illinois,2019-11-30,201262.5748756973
44,State,Ohio,2019-11-30,157534.66344570593
16,State,Georgia,2019-11-30,213803.9411998774
36,State,North Carolina,2019-11-30,214304.528225698
30,State,Michigan,2019-11-30,175779.20390331373
40,State,New Jersey,2019-11-30,357444.244817961
56,State,Virginia,2019-11-30,283898.0688063956
59,State,Washington,2019-11-30,413197.2149207332
8,State,Arizona,2019-11-30,279166.7727576406
26,State,Massachusetts,2019-11-30,439748.9314726217
53,State,Tennessee,2019-11-30,212645.8357298649
22,State,Indiana,2019-11-30,162930.4455553744
27,State,Maryland,2019-11-30,322678.87119385443
32,State,Missouri,2019-11-30,172252.55837851018
60,State,Wisconsin,2019-11-30,215869.6247682781
10,State,Colorado,2019-11-30,406788.2369588895
31,State,Minnesota,2019-11-30,260267.3568483245
51,State,South Carolina,2019-11-30,198789.519143073
4,State,Alabama,2019-11-30,166564.1495619924
25,State,Louisiana,2019-11-30,195534.40936440745
24,State,Kentucky,2019-11-30,154137.31672492917
46,State,Oregon,2019-11-30,369400.8612515593
45,State,Oklahoma,2019-11-30,145246.61337220535
11,State,Connecticut,2019-11-30,264310.7744832433
55,State,Utah,2019-11-30,348458.4977720318
19,State,Iowa,2019-11-30,166645.9240587273
42,State,Nevada,2019-11-30,311632.7766286426
6,State,Arkansas,2019-11-30,154498.7159303036
34,State,Mississippi,2019-11-30,147824.2951863424
23,State,Kansas,2019-11-30,159131.7968653921
41,State,New Mexico,2019-11-30,203014.5099373091
38,State,Nebraska,2019-11-30,186377.41207059
20,State,Idaho,2019-11-30,295429.1856710727
61,State,West Virginia,2019-11-30,121481.7492727578
18,State,Hawaii,2019-11-30,614689.1865878724
39,State,New Hampshire,2019-11-30,296985.63955185475
28,State,Maine,2019-11-30,246731.22018972845
50,State,Rhode Island,2019-11-30,307736.53316259565
35,State,Montana,2019-11-30,276362.1141168633
13,State,Delaware,2019-11-30,278557.2286117663
52,State,South Dakota,2019-11-30,214442.68616575003
37,State,North Dakota,2019-11-30,228935.58655730492
3,State,Alaska,2019-11-30,317698.2628385048
12,State,District of Columbia,2019-11-30,579087.5094339033
58,State,Vermont,2019-11-30,274594.97292984603
62,State,Wyoming,2019-11-30,257003.82175373868
9,State,California,2019-12-31,556228.3327931141
54,State,Texas,2019-12-31,223239.26349562584
14,State,Florida,2019-12-31,252563.56214430553
43,State,New York,2019-12-31,352580.0963853363
47,State,Pennsylvania,2019-12-31,197604.3532573866
21,State,Illinois,2019-12-31,201994.41938536504
44,State,Ohio,2019-12-31,158456.25401112577
16,State,Georgia,2019-12-31,215305.67167751736
36,State,North Carolina,2019-12-31,215785.5767353146
30,State,Michigan,2019-12-31,176645.86183390146
40,State,New Jersey,2019-12-31,359141.6195014501
56,State,Virginia,2019-12-31,285465.4564445911
59,State,Washington,2019-12-31,416411.63370549463
8,State,Arizona,2019-12-31,281261.91401515045
26,State,Massachusetts,2019-12-31,441454.92122520256
53,State,Tennessee,2019-12-31,214290.92430946007
22,State,Indiana,2019-12-31,164016.66173937364
27,State,Maryland,2019-12-31,323899.15171789814
32,State,Missouri,2019-12-31,173283.15411351464
60,State,Wisconsin,2019-12-31,216992.5296978251
10,State,Colorado,2019-12-31,408871.2374683784
31,State,Minnesota,2019-12-31,261629.48603993648
51,State,South Carolina,2019-12-31,200007.55637121864
4,State,Alabama,2019-12-31,167973.5307986963
25,State,Louisiana,2019-12-31,196609.9769839657
24,State,Kentucky,2019-12-31,155164.6134149641
46,State,Oregon,2019-12-31,371565.3612913747
45,State,Oklahoma,2019-12-31,146568.96932201667
11,State,Connecticut,2019-12-31,265186.5710100759
55,State,Utah,2019-12-31,351321.0878531986
19,State,Iowa,2019-12-31,167473.64114021265
42,State,Nevada,2019-12-31,312471.6877166764
6,State,Arkansas,2019-12-31,155243.05971024593
34,State,Mississippi,2019-12-31,148395.5797380692
23,State,Kansas,2019-12-31,160243.66362941675
41,State,New Mexico,2019-12-31,204472.5891289129
38,State,Nebraska,2019-12-31,187479.38833592332
20,State,Idaho,2019-12-31,298700.56934516673
61,State,West Virginia,2019-12-31,121728.92916151472
18,State,Hawaii,2019-12-31,616266.897927367
39,State,New Hampshire,2019-12-31,298467.83590619
28,State,Maine,2019-12-31,248213.91424883812
50,State,Rhode Island,2019-12-31,309475.4157142785
35,State,Montana,2019-12-31,277770.1868031979
13,State,Delaware,2019-12-31,279359.61365700705
52,State,South Dakota,2019-12-31,215779.48003734063
37,State,North Dakota,2019-12-31,229800.32180229135
3,State,Alaska,2019-12-31,319199.4870577114
12,State,District of Columbia,2019-12-31,580593.1991327967
58,State,Vermont,2019-12-31,276348.5347842103
62,State,Wyoming,2019-12-31,258758.6868653649
9,State,California,2020-01-31,559091.5594759956
54,State,Texas,2020-01-31,224444.08739610703
14,State,Florida,2020-01-31,254532.6915100474
43,State,New York,2020-01-31,354896.55671482097
47,State,Pennsylvania,2020-01-31,198771.12954699752
21,State,Illinois,2020-01-31,203025.51170754377
44,State,Ohio,2020-01-31,159486.71241335865
16,State,Georgia,2020-01-31,216933.46058350033
36,State,North Carolina,2020-01-31,217167.7783174354
30,State,Michigan,2020-01-31,177597.4365092157
40,State,New Jersey,2020-01-31,361313.325594869
56,State,Virginia,2020-01-31,287165.8362983989
59,State,Washington,2020-01-31,419960.2852242151
8,State,Arizona,2020-01-31,283795.90629394865
26,State,Massachusetts,2020-01-31,443643.55713737785
53,State,Tennessee,2020-01-31,216127.12012352352
22,State,Indiana,2020-01-31,165226.65068629073
27,State,Maryland,2020-01-31,325447.1219189001
32,State,Missouri,2020-01-31,174313.7313711576
60,State,Wisconsin,2020-01-31,218207.15991579485
10,State,Colorado,2020-01-31,411207.4528029291
31,State,Minnesota,2020-01-31,263258.6331827473
51,State,South Carolina,2020-01-31,201309.24151930015
4,State,Alabama,2020-01-31,169285.1416392666
25,State,Louisiana,2020-01-31,198121.6776676476
24,State,Kentucky,2020-01-31,156216.89092571242
46,State,Oregon,2020-01-31,374428.1288193939
45,State,Oklahoma,2020-01-31,148118.66670259708
11,State,Connecticut,2020-01-31,266368.90371451346
55,State,Utah,2020-01-31,354342.8011957009
19,State,Iowa,2020-01-31,167785.17596037991
42,State,Nevada,2020-01-31,314057.73410589085
6,State,Arkansas,2020-01-31,155715.7569844164
34,State,Mississippi,2020-01-31,148563.6359206457
23,State,Kansas,2020-01-31,161304.2829904708
41,State,New Mexico,2020-01-31,205989.68480676823
38,State,Nebraska,2020-01-31,188503.33047059795
20,State,Idaho,2020-01-31,302052.1414202709
61,State,West Virginia,2020-01-31,121791.6541171164
18,State,Hawaii,2020-01-31,618618.7261370518
39,State,New Hampshire,2020-01-31,300166.32253278274
28,State,Maine,2020-01-31,249782.12958389136
50,State,Rhode Island,2020-01-31,311923.9659142722
35,State,Montana,2020-01-31,279639.3377666274
13,State,Delaware,2020-01-31,280567.0536151607
52,State,South Dakota,2020-01-31,216785.08694544053
37,State,North Dakota,2020-01-31,230154.3847141607
3,State,Alaska,2020-01-31,320478.98138426314
12,State,District of Columbia,2020-01-31,583222.6155909685
58,State,Vermont,2020-01-31,277892.60500340146
62,State,Wyoming,2020-01-31,260000.2827794682
9,State,California,2020-02-29,561394.1704346581
54,State,Texas,2020-02-29,225609.68320562935
14,State,Florida,2020-02-29,256387.8700453744
43,State,New York,2020-02-29,356662.56262193545
47,State,Pennsylvania,2020-02-29,199993.992383991
21,State,Illinois,2020-02-29,204226.77329364023
44,State,Ohio,2020-02-29,160532.26928597098
16,State,Georgia,2020-02-29,218555.2305855273
36,State,North Carolina,2020-02-29,218518.05587114688
30,State,Michigan,2020-02-29,178810.7781949112
40,State,New Jersey,2020-02-29,363401.3734940241
56,State,Virginia,2020-02-29,288812.01068876043
59,State,Washington,2020-02-29,423845.3366868663
8,State,Arizona,2020-02-29,286567.78343940276
26,State,Massachusetts,2020-02-29,446125.36461851327
53,State,Tennessee,2020-02-29,217795.22142771352
22,State,Indiana,2020-02-29,166422.42641806867
27,State,Maryland,2020-02-29,327184.20359536866
32,State,Missouri,2020-02-29,175451.33925062604
60,State,Wisconsin,2020-02-29,219357.65116435973
10,State,Colorado,2020-02-29,413810.00316956645
31,State,Minnesota,2020-02-29,265071.03860154113
51,State,South Carolina,2020-02-29,202386.08873992617
4,State,Alabama,2020-02-29,170378.86877389048
25,State,Louisiana,2020-02-29,199507.67616929204
24,State,Kentucky,2020-02-29,157111.65837303444
46,State,Oregon,2020-02-29,377341.0357516166
45,State,Oklahoma,2020-02-29,149431.37512401718
11,State,Connecticut,2020-02-29,267635.8365352939
55,State,Utah,2020-02-29,357572.0443576209
19,State,Iowa,2020-02-29,168092.22261133345
42,State,Nevada,2020-02-29,315817.3743845843
6,State,Arkansas,2020-02-29,156305.2030450001
34,State,Mississippi,2020-02-29,148868.4229246307
23,State,Kansas,2020-02-29,162483.06738053172
41,State,New Mexico,2020-02-29,207207.6289807468
38,State,Nebraska,2020-02-29,189483.86758993947
20,State,Idaho,2020-02-29,305568.24161514686
61,State,West Virginia,2020-02-29,122281.6213666772
18,State,Hawaii,2020-02-29,621081.4320246155
39,State,New Hampshire,2020-02-29,301924.04218532366
28,State,Maine,2020-02-29,251444.1941001628
50,State,Rhode Island,2020-02-29,314443.0989294776
35,State,Montana,2020-02-29,281783.51490864175
13,State,Delaware,2020-02-29,281944.56439913035
52,State,South Dakota,2020-02-29,217639.00990958337
37,State,North Dakota,2020-02-29,230392.1093689894
3,State,Alaska,2020-02-29,321294.23765148
12,State,District of Columbia,2020-02-29,586834.1639422724
58,State,Vermont,2020-02-29,279092.0777534805
62,State,Wyoming,2020-02-29,260956.21458941573
9,State,California,2020-03-31,563612.6279394471
54,State,Texas,2020-03-31,226746.44586844623
14,State,Florida,2020-03-31,258017.7902433039
43,State,New York,2020-03-31,358288.0051253661
47,State,Pennsylvania,2020-03-31,201306.2907752345
21,State,Illinois,2020-03-31,205401.57859250664
44,State,Ohio,2020-03-31,161665.3379894561
16,State,Georgia,2020-03-31,220092.25222837823
36,State,North Carolina,2020-03-31,220026.34534455233
30,State,Michigan,2020-03-31,180287.6591508172
40,State,New Jersey,2020-03-31,366023.2749444156
56,State,Virginia,2020-03-31,290348.8618881023
59,State,Washington,2020-03-31,428188.2504840622
8,State,Arizona,2020-03-31,289712.9770178846
26,State,Massachusetts,2020-03-31,449230.22823445936
53,State,Tennessee,2020-03-31,219415.3382256473
22,State,Indiana,2020-03-31,167721.9363296264
27,State,Maryland,2020-03-31,329003.3470617348
32,State,Missouri,2020-03-31,176727.13829320774
60,State,Wisconsin,2020-03-31,220660.6994157459
10,State,Colorado,2020-03-31,416805.47307508375
31,State,Minnesota,2020-03-31,267053.2574247843
51,State,South Carolina,2020-03-31,203526.56695525456
4,State,Alabama,2020-03-31,171500.5358557692
25,State,Louisiana,2020-03-31,200567.9561348702
24,State,Kentucky,2020-03-31,158070.0030717762
46,State,Oregon,2020-03-31,380404.0573768041
45,State,Oklahoma,2020-03-31,150377.52383021274
11,State,Connecticut,2020-03-31,269393.4338658843
55,State,Utah,2020-03-31,360993.9484844909
19,State,Iowa,2020-03-31,168452.62291409468
42,State,Nevada,2020-03-31,317772.8228636935
6,State,Arkansas,2020-03-31,157130.14814990654
34,State,Mississippi,2020-03-31,149582.6285252047
23,State,Kansas,2020-03-31,163841.84019029696
41,State,New Mexico,2020-03-31,208450.27887457283
38,State,Nebraska,2020-03-31,190461.88509698003
20,State,Idaho,2020-03-31,309421.33985927654
61,State,West Virginia,2020-03-31,123135.26688533492
18,State,Hawaii,2020-03-31,623472.1549951901
39,State,New Hampshire,2020-03-31,304119.9538483121
28,State,Maine,2020-03-31,253676.17298527228
50,State,Rhode Island,2020-03-31,317248.1413470375
35,State,Montana,2020-03-31,284541.6306974038
13,State,Delaware,2020-03-31,283410.0546039906
52,State,South Dakota,2020-03-31,218669.3612038037
37,State,North Dakota,2020-03-31,230659.9347334286
3,State,Alaska,2020-03-31,321753.85886018444
12,State,District of Columbia,2020-03-31,591655.8064855008
58,State,Vermont,2020-03-31,280100.20986372017
62,State,Wyoming,2020-03-31,261854.54293703704
9,State,California,2020-04-30,565661.1312945402
54,State,Texas,2020-04-30,227565.94047974085
14,State,Florida,2020-04-30,259009.20285172065
43,State,New York,2020-04-30,359638.0884344029
47,State,Pennsylvania,2020-04-30,202745.3376084677
21,State,Illinois,2020-04-30,206248.8308911825
44,State,Ohio,2020-04-30,162693.0631138529
16,State,Georgia,2020-04-30,221310.63577757555
36,State,North Carolina,2020-04-30,221478.30073669108
30,State,Michigan,2020-04-30,181677.0325318286
40,State,New Jersey,2020-04-30,368558.39628050773
56,State,Virginia,2020-04-30,291637.46351455565
59,State,Washington,2020-04-30,432517.61805704446
8,State,Arizona,2020-04-30,292557.3183870958
26,State,Massachusetts,2020-04-30,451940.76706918096
53,State,Tennessee,2020-04-30,220781.05149322652
22,State,Indiana,2020-04-30,168971.99631217713
27,State,Maryland,2020-04-30,330623.14005412906
32,State,Missouri,2020-04-30,177876.5142216105
60,State,Wisconsin,2020-04-30,222010.6814627774
10,State,Colorado,2020-04-30,419656.5605625116
31,State,Minnesota,2020-04-30,268824.13042206474
51,State,South Carolina,2020-04-30,204572.1963768007
4,State,Alabama,2020-04-30,172667.39880479145
25,State,Louisiana,2020-04-30,201413.24495312295
24,State,Kentucky,2020-04-30,158900.08626579566
46,State,Oregon,2020-04-30,382790.6015498933
45,State,Oklahoma,2020-04-30,150888.0245628913
11,State,Connecticut,2020-04-30,271090.865121424
55,State,Utah,2020-04-30,364203.0209302834
19,State,Iowa,2020-04-30,169022.8677864983
42,State,Nevada,2020-04-30,319145.04918615887
6,State,Arkansas,2020-04-30,158321.68399397007
34,State,Mississippi,2020-04-30,150571.6839249019
23,State,Kansas,2020-04-30,165163.55860535742
41,State,New Mexico,2020-04-30,209737.75135435225
38,State,Nebraska,2020-04-30,191404.26786882876
20,State,Idaho,2020-04-30,313256.6369910016
61,State,West Virginia,2020-04-30,124242.15660912156
18,State,Hawaii,2020-04-30,625363.1185921463
39,State,New Hampshire,2020-04-30,306225.36175271176
28,State,Maine,2020-04-30,255991.2111704756
50,State,Rhode Island,2020-04-30,319624.35909925617
35,State,Montana,2020-04-30,287063.9719751708
13,State,Delaware,2020-04-30,284521.03482865717
52,State,South Dakota,2020-04-30,219902.56461069573
37,State,North Dakota,2020-04-30,231367.3454708803
3,State,Alaska,2020-04-30,321812.27994401107
12,State,District of Columbia,2020-04-30,596405.4108959767
58,State,Vermont,2020-04-30,281144.71306210983
62,State,Wyoming,2020-04-30,263133.0925248819
9,State,California,2020-05-31,565919.856950603
54,State,Texas,2020-05-31,227858.55929830577
14,State,Florida,2020-05-31,259282.6177562941
43,State,New York,2020-05-31,360812.6951302098
47,State,Pennsylvania,2020-05-31,203618.31123593752
21,State,Illinois,2020-05-31,206358.58589483684
44,State,Ohio,2020-05-31,163350.85878762646
16,State,Georgia,2020-05-31,221906.97232823417
36,State,North Carolina,2020-05-31,222438.07076343187
30,State,Michigan,2020-05-31,182352.2220340354
40,State,New Jersey,2020-05-31,370436.7354858261
56,State,Virginia,2020-05-31,292323.3145720246
59,State,Washington,2020-05-31,435268.2823187246
8,State,Arizona,2020-05-31,294533.08082527254
26,State,Massachusetts,2020-05-31,453562.9873638099
53,State,Tennessee,2020-05-31,221751.38680681505
22,State,Indiana,2020-05-31,169877.33371930092
27,State,Maryland,2020-05-31,331324.88288334286
32,State,Missouri,2020-05-31,178641.19646358726
60,State,Wisconsin,2020-05-31,223096.26831268787
10,State,Colorado,2020-05-31,421017.0588107592
31,State,Minnesota,2020-05-31,269741.1592562792
51,State,South Carolina,2020-05-31,205474.5216684382
4,State,Alabama,2020-05-31,173654.63928027215
25,State,Louisiana,2020-05-31,201689.73786324533
24,State,Kentucky,2020-05-31,159708.52363966944
46,State,Oregon,2020-05-31,383837.5745511013
45,State,Oklahoma,2020-05-31,151032.61002956086
11,State,Connecticut,2020-05-31,272042.1769082096
55,State,Utah,2020-05-31,366121.98468824633
19,State,Iowa,2020-05-31,169607.44185661484
42,State,Nevada,2020-05-31,319498.3838169686
6,State,Arkansas,2020-05-31,159314.66484093663
34,State,Mississippi,2020-05-31,151359.0736101201
23,State,Kansas,2020-05-31,165923.04664165722
41,State,New Mexico,2020-05-31,210910.27141297073
38,State,Nebraska,2020-05-31,192096.46977553307
20,State,Idaho,2020-05-31,316325.71463083697
61,State,West Virginia,2020-05-31,125007.64382113887
18,State,Hawaii,2020-05-31,625635.1613255397
39,State,New Hampshire,2020-05-31,307923.2423146954
28,State,Maine,2020-05-31,257946.7676270723
50,State,Rhode Island,2020-05-31,320677.91345554945
35,State,Montana,2020-05-31,288629.6418234916
13,State,Delaware,2020-05-31,284677.4365254931
52,State,South Dakota,2020-05-31,220993.9899231007
37,State,North Dakota,2020-05-31,231836.83851854352
3,State,Alaska,2020-05-31,321003.7029998425
12,State,District of Columbia,2020-05-31,599118.5800036943
58,State,Vermont,2020-05-31,282048.2448117956
62,State,Wyoming,2020-05-31,264262.36698435835
9,State,California,2020-06-30,564694.1712603831
54,State,Texas,2020-06-30,228033.7032864012
14,State,Florida,2020-06-30,259419.7166618431
43,State,New York,2020-06-30,361447.6784995432
47,State,Pennsylvania,2020-06-30,203979.23989508185
21,State,Illinois,2020-06-30,206043.0358032164
44,State,Ohio,2020-06-30,163810.76391993684
16,State,Georgia,2020-06-30,222291.7124299965
36,State,North Carolina,2020-06-30,223144.42728070784
30,State,Michigan,2020-06-30,182584.3491467887
40,State,New Jersey,2020-06-30,371156.4951611855
56,State,Virginia,2020-06-30,292760.62555665494
59,State,Washington,2020-06-30,436729.7840826541
8,State,Arizona,2020-06-30,295889.6823823606
26,State,Massachusetts,2020-06-30,454292.9531316045
53,State,Tennessee,2020-06-30,222488.75253415693
22,State,Indiana,2020-06-30,170418.13498541
27,State,Maryland,2020-06-30,331450.4857751551
32,State,Missouri,2020-06-30,179060.08515751615
60,State,Wisconsin,2020-06-30,223826.96978869344
10,State,Colorado,2020-06-30,421217.4770627165
31,State,Minnesota,2020-06-30,269960.60770452925
51,State,South Carolina,2020-06-30,206259.75962563112
4,State,Alabama,2020-06-30,174493.0444934877
25,State,Louisiana,2020-06-30,201585.7787125172
24,State,Kentucky,2020-06-30,160436.2003830923
46,State,Oregon,2020-06-30,383902.4676249672
45,State,Oklahoma,2020-06-30,151193.57446655803
11,State,Connecticut,2020-06-30,272204.0904107788
55,State,Utah,2020-06-30,367172.9353865337
19,State,Iowa,2020-06-30,170108.24123728366
42,State,Nevada,2020-06-30,319273.35292099515
6,State,Arkansas,2020-06-30,160115.30610435075
34,State,Mississippi,2020-06-30,151644.51632412613
23,State,Kansas,2020-06-30,166392.02763777602
41,State,New Mexico,2020-06-30,212064.7125806967
38,State,Nebraska,2020-06-30,192709.71741533713
20,State,Idaho,2020-06-30,318553.97275472176
61,State,West Virginia,2020-06-30,125322.18361556168
18,State,Hawaii,2020-06-30,624782.5948372915
39,State,New Hampshire,2020-06-30,309193.34098456305
28,State,Maine,2020-06-30,259581.02130415855
50,State,Rhode Island,2020-06-30,320780.67722858617
35,State,Montana,2020-06-30,289261.32403187855
13,State,Delaware,2020-06-30,284495.85372911894
52,State,South Dakota,2020-06-30,221751.98023015595
37,State,North Dakota,2020-06-30,232124.5064002966
3,State,Alaska,2020-06-30,319869.6978124005
12,State,District of Columbia,2020-06-30,599602.6846789367
58,State,Vermont,2020-06-30,282683.98702360975
62,State,Wyoming,2020-06-30,265136.4870940666
9,State,California,2020-07-31,564536.0022585389
54,State,Texas,2020-07-31,228718.3581702664
14,State,Florida,2020-07-31,260005.31287194733
43,State,New York,2020-07-31,361627.5215400634
47,State,Pennsylvania,2020-07-31,204293.21557174277
21,State,Illinois,2020-07-31,205748.60459237665
44,State,Ohio,2020-07-31,164477.64196129664
16,State,Georgia,2020-07-31,223052.22209067876
36,State,North Carolina,2020-07-31,224202.39107740409
30,State,Michigan,2020-07-31,182840.62184797987
40,State,New Jersey,2020-07-31,371206.8490829722
56,State,Virginia,2020-07-31,293562.2831980199
59,State,Washington,2020-07-31,437974.1389021788
8,State,Arizona,2020-07-31,297482.86996413284
26,State,Massachusetts,2020-07-31,455133.305932454
53,State,Tennessee,2020-07-31,223294.60388637803
22,State,Indiana,2020-07-31,170932.9443865093
27,State,Maryland,2020-07-31,331860.98712815385
32,State,Missouri,2020-07-31,179838.02525915706
60,State,Wisconsin,2020-07-31,224541.46166293407
10,State,Colorado,2020-07-31,421384.0284257405
31,State,Minnesota,2020-07-31,269984.02701453934
51,State,South Carolina,2020-07-31,207300.4129555133
4,State,Alabama,2020-07-31,175385.04422579345
25,State,Louisiana,2020-07-31,201410.6436366404
24,State,Kentucky,2020-07-31,161457.41951916122
46,State,Oregon,2020-07-31,384131.89442276326
45,State,Oklahoma,2020-07-31,151651.72443742646
11,State,Connecticut,2020-07-31,272260.2925033748
55,State,Utah,2020-07-31,368445.3642685058
19,State,Iowa,2020-07-31,170830.59536561774
42,State,Nevada,2020-07-31,319322.2785644441
6,State,Arkansas,2020-07-31,161081.8787374193
34,State,Mississippi,2020-07-31,152450.39807344318
23,State,Kansas,2020-07-31,167237.6549145089
41,State,New Mexico,2020-07-31,213604.40817691153
38,State,Nebraska,2020-07-31,193654.98031825645
20,State,Idaho,2020-07-31,320874.60259748896
61,State,West Virginia,2020-07-31,125596.58368902684
18,State,Hawaii,2020-07-31,624369.9671122103
39,State,New Hampshire,2020-07-31,310652.67093757016
28,State,Maine,2020-07-31,261525.53414733673
50,State,Rhode Island,2020-07-31,320885.18589110015
35,State,Montana,2020-07-31,290142.80293911026
13,State,Delaware,2020-07-31,284944.24069882167
52,State,South Dakota,2020-07-31,222759.06149055425
37,State,North Dakota,2020-07-31,232436.14765415664
3,State,Alaska,2020-07-31,319285.96871910297
12,State,District of Columbia,2020-07-31,599801.5512387519
58,State,Vermont,2020-07-31,283635.8463884173
62,State,Wyoming,2020-07-31,266072.63795167557
9,State,California,2020-08-31,567832.1997928527
54,State,Texas,2020-08-31,230205.6275949611
14,State,Florida,2020-08-31,261619.5320915905
43,State,New York,2020-08-31,362039.8818789266
47,State,Pennsylvania,2020-08-31,205343.8339794177
21,State,Illinois,2020-08-31,206266.2105624806
44,State,Ohio,2020-08-31,165851.9291786858
16,State,Georgia,2020-08-31,224799.78002396124
36,State,North Carolina,2020-08-31,226219.17565722755
30,State,Michigan,2020-08-31,183843.60490960025
40,State,New Jersey,2020-08-31,372201.40613011626
56,State,Virginia,2020-08-31,295502.01330733224
59,State,Washington,2020-08-31,441238.48088767496
8,State,Arizona,2020-08-31,300258.3530232263
26,State,Massachusetts,2020-08-31,457711.45588913816
53,State,Tennessee,2020-08-31,224791.2835480538
22,State,Indiana,2020-08-31,171842.69992151982
27,State,Maryland,2020-08-31,333428.1289916185
32,State,Missouri,2020-08-31,181315.12084624905
60,State,Wisconsin,2020-08-31,226076.60324325363
10,State,Colorado,2020-08-31,423175.8616641287
31,State,Minnesota,2020-08-31,270815.3658491662
51,State,South Carolina,2020-08-31,208916.3830429352
4,State,Alabama,2020-08-31,176721.65670888976
25,State,Louisiana,2020-08-31,202139.5875457652
24,State,Kentucky,2020-08-31,162990.27410346988
46,State,Oregon,2020-08-31,386195.5992273772
45,State,Oklahoma,2020-08-31,152784.51971159872
11,State,Connecticut,2020-08-31,273518.8426086293
55,State,Utah,2020-08-31,371441.29151921
19,State,Iowa,2020-08-31,171826.77880895216
42,State,Nevada,2020-08-31,320559.5228468982
6,State,Arkansas,2020-08-31,162504.6028283489
34,State,Mississippi,2020-08-31,153846.3578341187
23,State,Kansas,2020-08-31,168659.41796045823
41,State,New Mexico,2020-08-31,215791.6401331597
38,State,Nebraska,2020-08-31,195266.6775377027
20,State,Idaho,2020-08-31,324412.53053687466
61,State,West Virginia,2020-08-31,126341.29644150563
18,State,Hawaii,2020-08-31,626420.0222723257
39,State,New Hampshire,2020-08-31,313373.973676119
28,State,Maine,2020-08-31,264686.530982198
50,State,Rhode Island,2020-08-31,322520.67089694954
35,State,Montana,2020-08-31,292373.6600477887
13,State,Delaware,2020-08-31,286643.7318233775
52,State,South Dakota,2020-08-31,224265.50215940663
37,State,North Dakota,2020-08-31,233222.62180149232
3,State,Alaska,2020-08-31,320179.1031109972
12,State,District of Columbia,2020-08-31,601918.0253174879
58,State,Vermont,2020-08-31,285799.22672478406
62,State,Wyoming,2020-08-31,267585.76958331466
9,State,California,2020-09-30,575149.8825139786
54,State,Texas,2020-09-30,232450.77674505752
14,State,Florida,2020-09-30,264208.50330591196
43,State,New York,2020-09-30,364118.4047773401
47,State,Pennsylvania,2020-09-30,207579.031696875
21,State,Illinois,2020-09-30,207912.74068629503
44,State,Ohio,2020-09-30,168035.75140021218
16,State,Georgia,2020-09-30,227593.9657688187
36,State,North Carolina,2020-09-30,229255.40161418825
30,State,Michigan,2020-09-30,185983.1332527397
40,State,New Jersey,2020-09-30,375241.4041827558
56,State,Virginia,2020-09-30,298698.24023135466
59,State,Washington,2020-09-30,447112.3082262888
8,State,Arizona,2020-09-30,304637.2250747296
26,State,Massachusetts,2020-09-30,462652.7034568269
53,State,Tennessee,2020-09-30,227320.87943009177
22,State,Indiana,2020-09-30,173509.26535794407
27,State,Maryland,2020-09-30,336508.6024318847
32,State,Missouri,2020-09-30,183818.0939686664
60,State,Wisconsin,2020-09-30,228874.81644553065
10,State,Colorado,2020-09-30,427068.93781288137
31,State,Minnesota,2020-09-30,272977.77815621375
51,State,South Carolina,2020-09-30,211332.6137923615
4,State,Alabama,2020-09-30,178699.80066333732
25,State,Louisiana,2020-09-30,204051.32711089225
24,State,Kentucky,2020-09-30,165280.2857667812
46,State,Oregon,2020-09-30,390404.7547607503
45,State,Oklahoma,2020-09-30,154594.95136746505
11,State,Connecticut,2020-09-30,276358.8431809845
55,State,Utah,2020-09-30,376505.22875913954
19,State,Iowa,2020-09-30,173581.2388715055
42,State,Nevada,2020-09-30,322847.2202786572
6,State,Arkansas,2020-09-30,164487.22062950968
34,State,Mississippi,2020-09-30,155900.77827818374
23,State,Kansas,2020-09-30,170726.94594245733
41,State,New Mexico,2020-09-30,218705.4632917332
38,State,Nebraska,2020-09-30,197653.5396680385
20,State,Idaho,2020-09-30,330056.5215646935
61,State,West Virginia,2020-09-30,127815.48020557586
18,State,Hawaii,2020-09-30,631284.3748452755
39,State,New Hampshire,2020-09-30,317953.8589024199
28,State,Maine,2020-09-30,269312.7192354205
50,State,Rhode Island,2020-09-30,325995.13908775034
35,State,Montana,2020-09-30,296414.10487627087
13,State,Delaware,2020-09-30,289615.3950031299
52,State,South Dakota,2020-09-30,226745.47229945357
37,State,North Dakota,2020-09-30,234911.4342915723
3,State,Alaska,2020-09-30,322107.1885220808
12,State,District of Columbia,2020-09-30,606263.6275610551
58,State,Vermont,2020-09-30,289780.0768817831
62,State,Wyoming,2020-09-30,269808.9612062157
9,State,California,2020-10-31,584546.2932278422
54,State,Texas,2020-10-31,234984.67653211427
14,State,Florida,2020-10-31,267272.0793619348
43,State,New York,2020-10-31,367525.31722491287
47,State,Pennsylvania,2020-10-31,210386.6560888408
21,State,Illinois,2020-10-31,210142.51094460225
44,State,Ohio,2020-10-31,170713.57205808337
16,State,Georgia,2020-10-31,231036.7658262801
36,State,North Carolina,2020-10-31,232849.72652388844
30,State,Michigan,2020-10-31,188608.52094455436
40,State,New Jersey,2020-10-31,379952.1690898514
56,State,Virginia,2020-10-31,302665.11571677524
59,State,Washington,2020-10-31,454559.8126194964
8,State,Arizona,2020-10-31,309819.93230321753
26,State,Massachusetts,2020-10-31,469227.7478082874
53,State,Tennessee,2020-10-31,230388.61669894063
22,State,Indiana,2020-10-31,175698.5141171676
27,State,Maryland,2020-10-31,340412.76887038955
32,State,Missouri,2020-10-31,186653.44867568783
60,State,Wisconsin,2020-10-31,232358.6062627077
10,State,Colorado,2020-10-31,432266.2127733765
31,State,Minnesota,2020-10-31,276134.41172724206
51,State,South Carolina,2020-10-31,214139.7518337468
4,State,Alabama,2020-10-31,180939.48067959145
25,State,Louisiana,2020-10-31,206015.12517335973
24,State,Kentucky,2020-10-31,167810.09359737657
46,State,Oregon,2020-10-31,396145.59116307576
45,State,Oklahoma,2020-10-31,156652.63130225343
11,State,Connecticut,2020-10-31,280538.3907209516
55,State,Utah,2020-10-31,383021.2046521467
19,State,Iowa,2020-10-31,175483.43430101615
42,State,Nevada,2020-10-31,325782.58965517295
6,State,Arkansas,2020-10-31,166425.35866038717
34,State,Mississippi,2020-10-31,157467.43349381865
23,State,Kansas,2020-10-31,172622.15874112918
41,State,New Mexico,2020-10-31,221892.3099792612
38,State,Nebraska,2020-10-31,200201.0213420218
20,State,Idaho,2020-10-31,337413.3227058638
61,State,West Virginia,2020-10-31,129788.6458252566
18,State,Hawaii,2020-10-31,637361.0608986393
39,State,New Hampshire,2020-10-31,323751.3712455745
28,State,Maine,2020-10-31,274737.4400616772
50,State,Rhode Island,2020-10-31,330822.5143888777
35,State,Montana,2020-10-31,301334.03244586993
13,State,Delaware,2020-10-31,293468.57605412166
52,State,South Dakota,2020-10-31,229366.009987976
37,State,North Dakota,2020-10-31,236138.19652553948
3,State,Alaska,2020-10-31,324128.22294725664
12,State,District of Columbia,2020-10-31,610738.3297738832
58,State,Vermont,2020-10-31,294007.3924675342
62,State,Wyoming,2020-10-31,272224.25557683455
9,State,California,2020-11-30,595487.919999857
54,State,Texas,2020-11-30,237874.50395725103
14,State,Florida,2020-11-30,270869.0384620158
43,State,New York,2020-11-30,372027.78533578897
47,State,Pennsylvania,2020-11-30,213745.96881545428
21,State,Illinois,2020-11-30,212777.8416543687
44,State,Ohio,2020-11-30,173660.94354813537
16,State,Georgia,2020-11-30,234895.16902535
36,State,North Carolina,2020-11-30,236712.15396524672
30,State,Michigan,2020-11-30,191596.9255680899
40,State,New Jersey,2020-11-30,385751.2140873678
56,State,Virginia,2020-11-30,306951.4452470651
59,State,Washington,2020-11-30,462922.40857123816
8,State,Arizona,2020-11-30,315550.164838368
26,State,Massachusetts,2020-11-30,476876.51775020873
53,State,Tennessee,2020-11-30,233736.16450685947
22,State,Indiana,2020-11-30,178447.5707500501
27,State,Maryland,2020-11-30,344854.45107826445
32,State,Missouri,2020-11-30,189684.3774738283
60,State,Wisconsin,2020-11-30,235777.83480281892
10,State,Colorado,2020-11-30,438196.51835386286
31,State,Minnesota,2020-11-30,279822.16111363634
51,State,South Carolina,2020-11-30,217173.6759218706
4,State,Alabama,2020-11-30,183316.33586093737
25,State,Louisiana,2020-11-30,207432.1880777321
24,State,Kentucky,2020-11-30,170436.2898667635
46,State,Oregon,2020-11-30,402977.63464794954
45,State,Oklahoma,2020-11-30,159052.48359585193
11,State,Connecticut,2020-11-30,285601.925871816
55,State,Utah,2020-11-30,390463.5265644016
19,State,Iowa,2020-11-30,177325.05740195725
42,State,Nevada,2020-11-30,329526.3580485264
6,State,Arkansas,2020-11-30,168300.50563080338
34,State,Mississippi,2020-11-30,158737.0034309251
23,State,Kansas,2020-11-30,174515.08565309583
41,State,New Mexico,2020-11-30,225033.2286108992
38,State,Nebraska,2020-11-30,202797.8086559192
20,State,Idaho,2020-11-30,346490.84247716
61,State,West Virginia,2020-11-30,132133.91306117477
18,State,Hawaii,2020-11-30,644574.7536977733
39,State,New Hampshire,2020-11-30,330144.91615684575
28,State,Maine,2020-11-30,280553.216651767
50,State,Rhode Island,2020-11-30,336577.66154199815
35,State,Montana,2020-11-30,307347.36865797604
13,State,Delaware,2020-11-30,298342.9024127848
52,State,South Dakota,2020-11-30,232282.209847559
37,State,North Dakota,2020-11-30,237136.9752159198
3,State,Alaska,2020-11-30,326091.6486696054
12,State,District of Columbia,2020-11-30,615447.7316761405
58,State,Vermont,2020-11-30,297968.2115401725
62,State,Wyoming,2020-11-30,274994.66088775755
9,State,California,2020-12-31,606401.8077520161
54,State,Texas,2020-12-31,240674.3455628884
14,State,Florida,2020-12-31,274444.10594230477
43,State,New York,2020-12-31,376994.21611550706
47,State,Pennsylvania,2020-12-31,216908.24101353227
21,State,Illinois,2020-12-31,215246.90439950296
44,State,Ohio,2020-12-31,176426.29453257346
16,State,Georgia,2020-12-31,238733.3589115968
36,State,North Carolina,2020-12-31,240539.49566677268
30,State,Michigan,2020-12-31,194321.5428783416
40,State,New Jersey,2020-12-31,391906.2600395641
56,State,Virginia,2020-12-31,311043.3500490557
59,State,Washington,2020-12-31,470930.39610398514
8,State,Arizona,2020-12-31,321145.2313293493
26,State,Massachusetts,2020-12-31,484531.0029944395
53,State,Tennessee,2020-12-31,236781.2145995771
22,State,Indiana,2020-12-31,181124.16190350289
27,State,Maryland,2020-12-31,349144.590354772
32,State,Missouri,2020-12-31,192276.8252203929
60,State,Wisconsin,2020-12-31,238703.13080794143
10,State,Colorado,2020-12-31,444002.0727130783
31,State,Minnesota,2020-12-31,283461.66687684116
51,State,South Carolina,2020-12-31,220027.8606632914
4,State,Alabama,2020-12-31,185354.26902669933
25,State,Louisiana,2020-12-31,207995.77055488212
24,State,Kentucky,2020-12-31,172703.41127369084
46,State,Oregon,2020-12-31,410063.4582908002
45,State,Oklahoma,2020-12-31,161407.1904854419
11,State,Connecticut,2020-12-31,290872.0629831678
55,State,Utah,2020-12-31,398036.11904221895
19,State,Iowa,2020-12-31,178594.1519221308
42,State,Nevada,2020-12-31,333728.40929290775
6,State,Arkansas,2020-12-31,169746.89232363136
34,State,Mississippi,2020-12-31,159620.673600157
23,State,Kansas,2020-12-31,176056.89439250887
41,State,New Mexico,2020-12-31,227900.46037592576
38,State,Nebraska,2020-12-31,205091.6241101048
20,State,Idaho,2020-12-31,356652.8644659076
61,State,West Virginia,2020-12-31,134385.94158972756
18,State,Hawaii,2020-12-31,651880.2051132298
39,State,New Hampshire,2020-12-31,336433.86384575797
28,State,Maine,2020-12-31,286237.38726156036
50,State,Rhode Island,2020-12-31,342656.29512540257
35,State,Montana,2020-12-31,313848.66475722776
13,State,Delaware,2020-12-31,303926.988166974
52,State,South Dakota,2020-12-31,234803.3308139596
37,State,North Dakota,2020-12-31,237420.06641305753
3,State,Alaska,2020-12-31,327755.9212098277
12,State,District of Columbia,2020-12-31,619316.563440679
58,State,Vermont,2020-12-31,301824.8321610058
62,State,Wyoming,2020-12-31,277543.25784752
9,State,California,2021-01-31,615464.5441303076
54,State,Texas,2021-01-31,243613.6292139408
14,State,Florida,2021-01-31,278144.2416438248
43,State,New York,2021-01-31,381695.53427969216
47,State,Pennsylvania,2021-01-31,219819.71072535703
21,State,Illinois,2021-01-31,217692.82071578596
44,State,Ohio,2021-01-31,178851.14578033783
16,State,Georgia,2021-01-31,242578.1367222944
36,State,North Carolina,2021-01-31,244174.95187165576
30,State,Michigan,2021-01-31,197122.78435297095
40,State,New Jersey,2021-01-31,397642.4971396872
56,State,Virginia,2021-01-31,314787.1210699719
59,State,Washington,2021-01-31,478705.2086459002
8,State,Arizona,2021-01-31,326656.20401693456
26,State,Massachusetts,2021-01-31,491453.31418311456
53,State,Tennessee,2021-01-31,239829.79542951775
22,State,Indiana,2021-01-31,183593.96900694628
27,State,Maryland,2021-01-31,353118.11774799926
32,State,Missouri,2021-01-31,194517.44754900064
60,State,Wisconsin,2021-01-31,241132.7018076497
10,State,Colorado,2021-01-31,449588.7773760951
31,State,Minnesota,2021-01-31,286805.9363105271
51,State,South Carolina,2021-01-31,222696.50779961023
4,State,Alabama,2021-01-31,187259.8227693118
25,State,Louisiana,2021-01-31,208379.62543341535
24,State,Kentucky,2021-01-31,174617.7874796481
46,State,Oregon,2021-01-31,417038.3315948241
45,State,Oklahoma,2021-01-31,163622.36954904217
11,State,Connecticut,2021-01-31,295850.0037309791
55,State,Utah,2021-01-31,405633.3190148018
19,State,Iowa,2021-01-31,179554.41608720986
42,State,Nevada,2021-01-31,338018.88848915044
6,State,Arkansas,2021-01-31,171152.87454377452
34,State,Mississippi,2021-01-31,160729.3561517996
23,State,Kansas,2021-01-31,177542.82298277327
41,State,New Mexico,2021-01-31,230702.87201580944
38,State,Nebraska,2021-01-31,207380.2701644849
20,State,Idaho,2021-01-31,367599.3059802472
61,State,West Virginia,2021-01-31,136584.44855181352
18,State,Hawaii,2021-01-31,658742.0736219237
39,State,New Hampshire,2021-01-31,342442.6918659439
28,State,Maine,2021-01-31,291511.9737961396
50,State,Rhode Island,2021-01-31,348332.6290388272
35,State,Montana,2021-01-31,320528.04787531705
13,State,Delaware,2021-01-31,309420.5982744019
52,State,South Dakota,2021-01-31,237140.35996821057
37,State,North Dakota,2021-01-31,237856.0249945185
3,State,Alaska,2021-01-31,328847.2949592168
12,State,District of Columbia,2021-01-31,622088.737969694
58,State,Vermont,2021-01-31,305911.2303612136
62,State,Wyoming,2021-01-31,279983.41170690116
9,State,California,2021-02-28,623218.4886077564
54,State,Texas,2021-02-28,246744.47323848295
14,State,Florida,2021-02-28,281830.61430066545
43,State,New York,2021-02-28,386601.4408087528
47,State,Pennsylvania,2021-02-28,222661.68724553337
21,State,Illinois,2021-02-28,220362.67998354268
44,State,Ohio,2021-02-28,181132.79235705585
16,State,Georgia,2021-02-28,246581.7671138621
36,State,North Carolina,2021-02-28,247921.14730003037
30,State,Michigan,2021-02-28,200187.34164793207
40,State,New Jersey,2021-02-28,403472.0578619063
56,State,Virginia,2021-02-28,318504.26711170346
59,State,Washington,2021-02-28,487128.2156528447
8,State,Arizona,2021-02-28,332381.10302620474
26,State,Massachusetts,2021-02-28,498299.9869604562
53,State,Tennessee,2021-02-28,243112.06819257757
22,State,Indiana,2021-02-28,186078.15076239535
27,State,Maryland,2021-02-28,357447.8517631533
32,State,Missouri,2021-02-28,196849.37190351772
60,State,Wisconsin,2021-02-28,243499.4188177119
10,State,Colorado,2021-02-28,455919.5589661607
31,State,Minnesota,2021-02-28,290204.4936354849
51,State,South Carolina,2021-02-28,225437.02523585255
4,State,Alabama,2021-02-28,189234.3704886462
25,State,Louisiana,2021-02-28,209159.7432791659
24,State,Kentucky,2021-02-28,176389.62297278698
46,State,Oregon,2021-02-28,424402.9852128063
45,State,Oklahoma,2021-02-28,165647.2799828448
11,State,Connecticut,2021-02-28,300652.52113880386
55,State,Utah,2021-02-28,413926.6149335489
19,State,Iowa,2021-02-28,180652.6722376747
42,State,Nevada,2021-02-28,342567.5354113533
6,State,Arkansas,2021-02-28,172680.5576881865
34,State,Mississippi,2021-02-28,162115.28767409243
23,State,Kansas,2021-02-28,179146.81998693594
41,State,New Mexico,2021-02-28,233968.24253436213
38,State,Nebraska,2021-02-28,209857.46392884065
20,State,Idaho,2021-02-28,379766.16478789435
61,State,West Virginia,2021-02-28,138661.93040819094
18,State,Hawaii,2021-02-28,665512.1645019752
39,State,New Hampshire,2021-02-28,348735.9635650387
28,State,Maine,2021-02-28,296616.0887820651
50,State,Rhode Island,2021-02-28,354258.78244225815
35,State,Montana,2021-02-28,327572.8870877101
13,State,Delaware,2021-02-28,314836.09033319
52,State,South Dakota,2021-02-28,239692.2190529456
37,State,North Dakota,2021-02-28,238417.4030773572
3,State,Alaska,2021-02-28,329436.93927979097
12,State,District of Columbia,2021-02-28,624432.9321699451
58,State,Vermont,2021-02-28,310461.6514655243
62,State,Wyoming,2021-02-28,282397.79466627486
9,State,California,2021-03-31,630242.9210601129
54,State,Texas,2021-03-31,250289.2536745801
14,State,Florida,2021-03-31,285769.8050344227
43,State,New York,2021-03-31,391185.4586252787
47,State,Pennsylvania,2021-03-31,225619.93717492177
21,State,Illinois,2021-03-31,223085.2741178753
44,State,Ohio,2021-03-31,183480.616170453
16,State,Georgia,2021-03-31,250779.19972861148
36,State,North Carolina,2021-03-31,251749.56461344333
30,State,Michigan,2021-03-31,203444.09855531293
40,State,New Jersey,2021-03-31,408858.2133503233
56,State,Virginia,2021-03-31,322279.5848719818
59,State,Washington,2021-03-31,496509.1780903388
8,State,Arizona,2021-03-31,339078.227419823
26,State,Massachusetts,2021-03-31,505217.6134576035
53,State,Tennessee,2021-03-31,246596.5122566012
22,State,Indiana,2021-03-31,188921.4750252386
27,State,Maryland,2021-03-31,362221.9984001193
32,State,Missouri,2021-03-31,199628.8885165922
60,State,Wisconsin,2021-03-31,245771.73023933885
10,State,Colorado,2021-03-31,463606.74961178406
31,State,Minnesota,2021-03-31,293593.288150066
51,State,South Carolina,2021-03-31,228270.8612191909
4,State,Alabama,2021-03-31,191389.0690289863
25,State,Louisiana,2021-03-31,210139.28525583012
24,State,Kentucky,2021-03-31,178159.43459801204
46,State,Oregon,2021-03-31,432288.54382605775
45,State,Oklahoma,2021-03-31,167616.64225490883
11,State,Connecticut,2021-03-31,305330.1291302349
55,State,Utah,2021-03-31,423128.3939973263
19,State,Iowa,2021-03-31,182017.7558526912
42,State,Nevada,2021-03-31,347858.30742316647
6,State,Arkansas,2021-03-31,174514.84380656382
34,State,Mississippi,2021-03-31,163763.1734477935
23,State,Kansas,2021-03-31,181176.15157525893
41,State,New Mexico,2021-03-31,237475.04512448245
38,State,Nebraska,2021-03-31,212669.3222680095
20,State,Idaho,2021-03-31,393378.8965951277
61,State,West Virginia,2021-03-31,140798.84210522595
18,State,Hawaii,2021-03-31,672687.0015205815
39,State,New Hampshire,2021-03-31,355235.3658317465
28,State,Maine,2021-03-31,301526.6850876223
50,State,Rhode Island,2021-03-31,360418.18401545053
35,State,Montana,2021-03-31,335368.7397691131
13,State,Delaware,2021-03-31,319317.3286896606
52,State,South Dakota,2021-03-31,242459.3196438416
37,State,North Dakota,2021-03-31,238894.54443223777
3,State,Alaska,2021-03-31,329692.92087293946
12,State,District of Columbia,2021-03-31,627748.1049371129
58,State,Vermont,2021-03-31,314374.435241594
62,State,Wyoming,2021-03-31,285173.7317258706
9,State,California,2021-04-30,639438.8364896377
54,State,Texas,2021-04-30,254223.1371135624
14,State,Florida,2021-04-30,290150.3950039557
43,State,New York,2021-04-30,395444.55960695463
47,State,Pennsylvania,2021-04-30,228653.73309327153
21,State,Illinois,2021-04-30,225650.5040582783
44,State,Ohio,2021-04-30,186006.9594549376
16,State,Georgia,2021-04-30,255165.314932922
36,State,North Carolina,2021-04-30,255906.8012685372
30,State,Michigan,2021-04-30,206789.49094356285
40,State,New Jersey,2021-04-30,414362.89108760766
56,State,Virginia,2021-04-30,326325.3765840119
59,State,Washington,2021-04-30,507177.0390232429
8,State,Arizona,2021-04-30,346914.4831646494
26,State,Massachusetts,2021-04-30,512908.6974810572
53,State,Tennessee,2021-04-30,250389.6603268973
22,State,Indiana,2021-04-30,191983.06535010855
27,State,Maryland,2021-04-30,367396.9862775437
32,State,Missouri,2021-04-30,202939.9910115182
60,State,Wisconsin,2021-04-30,248583.10699592243
10,State,Colorado,2021-04-30,472550.6717603092
31,State,Minnesota,2021-04-30,297366.6040080691
51,State,South Carolina,2021-04-30,231242.86703280793
4,State,Alabama,2021-04-30,193788.0365057212
25,State,Louisiana,2021-04-30,211146.23294083288
24,State,Kentucky,2021-04-30,179991.34746848038
46,State,Oregon,2021-04-30,440565.0213343568
45,State,Oklahoma,2021-04-30,169556.95028589445
11,State,Connecticut,2021-04-30,309951.94732925453
55,State,Utah,2021-04-30,433443.8149671219
19,State,Iowa,2021-04-30,183779.86896123612
42,State,Nevada,2021-04-30,354077.16610688163
6,State,Arkansas,2021-04-30,176551.47615798097
34,State,Mississippi,2021-04-30,165662.736147364
23,State,Kansas,2021-04-30,183582.23179937503
41,State,New Mexico,2021-04-30,241165.42851674903
38,State,Nebraska,2021-04-30,215809.07581789684
20,State,Idaho,2021-04-30,408022.1329869691
61,State,West Virginia,2021-04-30,142580.34843311494
18,State,Hawaii,2021-04-30,681493.9746823305
39,State,New Hampshire,2021-04-30,362545.5521307105
28,State,Maine,2021-04-30,306912.3544093375
50,State,Rhode Island,2021-04-30,367195.41300332657
35,State,Montana,2021-04-30,344212.53713256767
13,State,Delaware,2021-04-30,323651.3835671611
52,State,South Dakota,2021-04-30,245752.196601282
37,State,North Dakota,2021-04-30,239816.60658027817
3,State,Alaska,2021-04-30,330615.99908374535
12,State,District of Columbia,2021-04-30,632164.6879277853
58,State,Vermont,2021-04-30,318290.46050045005
62,State,Wyoming,2021-04-30,288218.0040194785
9,State,California,2021-05-31,650450.3864564345
54,State,Texas,2021-05-31,258725.06834610575
14,State,Florida,2021-05-31,295451.60617397696
43,State,New York,2021-05-31,399702.3771110221
47,State,Pennsylvania,2021-05-31,231700.83672412028
21,State,Illinois,2021-05-31,227957.00563217272
44,State,Ohio,2021-05-31,188658.78342623357
16,State,Georgia,2021-05-31,259898.3093591183
36,State,North Carolina,2021-05-31,260582.7666602585
30,State,Michigan,2021-05-31,210216.63778834973
40,State,New Jersey,2021-05-31,419766.4100511694
56,State,Virginia,2021-05-31,330628.92297383765
59,State,Washington,2021-05-31,518074.1624106678
8,State,Arizona,2021-05-31,356267.12147281365
26,State,Massachusetts,2021-05-31,520933.5481811552
53,State,Tennessee,2021-05-31,254726.75858219116
22,State,Indiana,2021-05-31,195153.59163621723
27,State,Maryland,2021-05-31,372440.7670459128
32,State,Missouri,2021-05-31,206438.98722006963
60,State,Wisconsin,2021-05-31,252423.05180789577
10,State,Colorado,2021-05-31,482223.3316136197
31,State,Minnesota,2021-05-31,301624.9004046101
51,State,South Carolina,2021-05-31,234706.00948974353
4,State,Alabama,2021-05-31,196480.9349115012
25,State,Louisiana,2021-05-31,212158.36944671473
24,State,Kentucky,2021-05-31,181966.43199289305
46,State,Oregon,2021-05-31,448667.9615223664
45,State,Oklahoma,2021-05-31,171574.12838390763
11,State,Connecticut,2021-05-31,314766.35926905647
55,State,Utah,2021-05-31,444900.0144663178
19,State,Iowa,2021-05-31,185805.327066691
42,State,Nevada,2021-05-31,361546.19716689904
6,State,Arkansas,2021-05-31,178835.47646657156
34,State,Mississippi,2021-05-31,167747.36733731392
23,State,Kansas,2021-05-31,186349.8494741623
41,State,New Mexico,2021-05-31,244822.8565539463
38,State,Nebraska,2021-05-31,219164.4028610154
20,State,Idaho,2021-05-31,423223.56969591253
61,State,West Virginia,2021-05-31,144108.7883399584
18,State,Hawaii,2021-05-31,691913.181368015
39,State,New Hampshire,2021-05-31,370211.3410992871
28,State,Maine,2021-05-31,313068.98351225577
50,State,Rhode Island,2021-05-31,374042.801683526
35,State,Montana,2021-05-31,354204.8980580004
13,State,Delaware,2021-05-31,327937.8428589149
52,State,South Dakota,2021-05-31,249708.7537143328
37,State,North Dakota,2021-05-31,241419.32587283303
3,State,Alaska,2021-05-31,332656.85477082944
12,State,District of Columbia,2021-05-31,637511.3733283487
58,State,Vermont,2021-05-31,323476.6137914796
62,State,Wyoming,2021-05-31,291072.15627482004
9,State,California,2021-06-30,662273.1316917881
54,State,Texas,2021-06-30,263541.86303028086
14,State,Florida,2021-06-30,301941.6415893808
43,State,New York,2021-06-30,403690.19083361194
47,State,Pennsylvania,2021-06-30,234895.377989526
21,State,Illinois,2021-06-30,230360.96563327487
44,State,Ohio,2021-06-30,191384.9917245796
16,State,Georgia,2021-06-30,265028.26910029043
36,State,North Carolina,2021-06-30,265854.98117092106
30,State,Michigan,2021-06-30,213766.471004648
40,State,New Jersey,2021-06-30,425115.9979021345
56,State,Virginia,2021-06-30,334870.9120943341
59,State,Washington,2021-06-30,528296.3291389863
8,State,Arizona,2021-06-30,366548.7332424818
26,State,Massachusetts,2021-06-30,528525.5131330761
53,State,Tennessee,2021-06-30,260079.38932023384
22,State,Indiana,2021-06-30,198331.52506197535
27,State,Maryland,2021-06-30,376902.38241812465
32,State,Missouri,2021-06-30,209817.32476493416
60,State,Wisconsin,2021-06-30,256954.64445972457
10,State,Colorado,2021-06-30,491721.8688692291
31,State,Minnesota,2021-06-30,306270.7470825927
51,State,South Carolina,2021-06-30,238765.9499277143
4,State,Alabama,2021-06-30,199557.81536725292
25,State,Louisiana,2021-06-30,213488.3060222148
24,State,Kentucky,2021-06-30,184217.7667899054
46,State,Oregon,2021-06-30,456012.942977706
45,State,Oklahoma,2021-06-30,173783.52994478922
11,State,Connecticut,2021-06-30,319594.42032971146
55,State,Utah,2021-06-30,456500.58295104466
19,State,Iowa,2021-06-30,187993.9606657708
42,State,Nevada,2021-06-30,370067.1705700758
6,State,Arkansas,2021-06-30,181501.12234730105
34,State,Mississippi,2021-06-30,170046.87294952167
23,State,Kansas,2021-06-30,189183.74331443245
41,State,New Mexico,2021-06-30,248526.91461569825
38,State,Nebraska,2021-06-30,222449.9481324892
20,State,Idaho,2021-06-30,436966.71545700193
61,State,West Virginia,2021-06-30,145689.5333129084
18,State,Hawaii,2021-06-30,703664.9571717476
39,State,New Hampshire,2021-06-30,377769.9790176667
28,State,Maine,2021-06-30,320137.55157829507
50,State,Rhode Island,2021-06-30,380468.52015620534
35,State,Montana,2021-06-30,364238.2271755256
13,State,Delaware,2021-06-30,332682.83314687625
52,State,South Dakota,2021-06-30,254146.70007876804
37,State,North Dakota,2021-06-30,243730.3813014185
3,State,Alaska,2021-06-30,335442.6831594775
12,State,District of Columbia,2021-06-30,642592.1796430898
58,State,Vermont,2021-06-30,330192.7477430417
62,State,Wyoming,2021-06-30,293536.2263013064
9,State,California,2021-07-31,672958.7819644887
54,State,Texas,2021-07-31,267960.84048047673
14,State,Florida,2021-07-31,308587.747937263
43,State,New York,2021-07-31,407213.36311349296
47,State,Pennsylvania,2021-07-31,237212.74911787733
21,State,Illinois,2021-07-31,232406.94500862563
44,State,Ohio,2021-07-31,193303.19973075463
16,State,Georgia,2021-07-31,269684.3030316434
36,State,North Carolina,2021-07-31,270754.0918974706
30,State,Michigan,2021-07-31,216437.01414061035
40,State,New Jersey,2021-07-31,429891.0163079096
56,State,Virginia,2021-07-31,338071.0091736068
59,State,Washington,2021-07-31,536600.7258864782
8,State,Arizona,2021-07-31,376791.6903511856
26,State,Massachusetts,2021-07-31,533677.3055969662
53,State,Tennessee,2021-07-31,265459.4923197906
22,State,Indiana,2021-07-31,201092.26214414867
27,State,Maryland,2021-07-31,380018.58509154455
32,State,Missouri,2021-07-31,212265.912502103
60,State,Wisconsin,2021-07-31,260988.14860188248
10,State,Colorado,2021-07-31,499648.3155120243
31,State,Minnesota,2021-07-31,310321.5344375069
51,State,South Carolina,2021-07-31,242861.13912176588
4,State,Alabama,2021-07-31,202608.2834576737
25,State,Louisiana,2021-07-31,214542.04411307155
24,State,Kentucky,2021-07-31,186213.05104672667
46,State,Oregon,2021-07-31,462386.59281835286
45,State,Oklahoma,2021-07-31,175666.5268998288
11,State,Connecticut,2021-07-31,323154.3438991609
55,State,Utah,2021-07-31,467096.4477161403
19,State,Iowa,2021-07-31,189949.7969076852
42,State,Nevada,2021-07-31,378863.27239151095
6,State,Arkansas,2021-07-31,184243.08745801428
34,State,Mississippi,2021-07-31,172382.16580208688
23,State,Kansas,2021-07-31,191598.8086187622
41,State,New Mexico,2021-07-31,251793.36317698413
38,State,Nebraska,2021-07-31,224823.1543275461
20,State,Idaho,2021-07-31,448091.3473231524
61,State,West Virginia,2021-07-31,146452.438957143
18,State,Hawaii,2021-07-31,713932.5541994524
39,State,New Hampshire,2021-07-31,383481.4012917992
28,State,Maine,2021-07-31,326737.60646158725
50,State,Rhode Island,2021-07-31,385069.6838981313
35,State,Montana,2021-07-31,373260.18732870504
13,State,Delaware,2021-07-31,336444.4722671309
52,State,South Dakota,2021-07-31,258533.5293038825
37,State,North Dakota,2021-07-31,245931.0885576491
3,State,Alaska,2021-07-31,339451.88549670513
12,State,District of Columbia,2021-07-31,645018.9780021795
58,State,Vermont,2021-07-31,337919.2036246937
62,State,Wyoming,2021-07-31,295752.3574210936
9,State,California,2021-08-31,680351.7044899602
54,State,Texas,2021-08-31,271329.35323384125
14,State,Florida,2021-08-31,314500.4018033586
43,State,New York,2021-08-31,409361.27142516494
47,State,Pennsylvania,2021-08-31,238112.8464339128
21,State,Illinois,2021-08-31,233598.93432397384
44,State,Ohio,2021-08-31,193956.78947610143
16,State,Georgia,2021-08-31,273360.7665650686
36,State,North Carolina,2021-08-31,274369.4555322472
30,State,Michigan,2021-08-31,217594.0998490673
40,State,New Jersey,2021-08-31,433074.54505538935
56,State,Virginia,2021-08-31,339760.86777228536
59,State,Washington,2021-08-31,541665.6038058653
8,State,Arizona,2021-08-31,385798.15126751113
26,State,Massachusetts,2021-08-31,535423.7691913825
53,State,Tennessee,2021-08-31,269636.8475843549
22,State,Indiana,2021-08-31,202885.0258996688
27,State,Maryland,2021-08-31,381486.97664394113
32,State,Missouri,2021-08-31,213519.5886803828
60,State,Wisconsin,2021-08-31,263040.9041404393
10,State,Colorado,2021-08-31,505108.99273511424
31,State,Minnesota,2021-08-31,312565.22531020426
51,State,South Carolina,2021-08-31,246087.7191754412
4,State,Alabama,2021-08-31,204990.48640652405
25,State,Louisiana,2021-08-31,214829.17620486356
24,State,Kentucky,2021-08-31,187519.96256302393
46,State,Oregon,2021-08-31,466953.44840002974
45,State,Oklahoma,2021-08-31,177128.78376269262
11,State,Connecticut,2021-08-31,324628.1934701092
55,State,Utah,2021-08-31,475307.5078008577
19,State,Iowa,2021-08-31,191170.620176855
42,State,Nevada,2021-08-31,386655.8495690403
6,State,Arkansas,2021-08-31,186604.621992853
34,State,Mississippi,2021-08-31,174423.38560893876
23,State,Kansas,2021-08-31,193213.36774433163
41,State,New Mexico,2021-08-31,254342.9263337533
38,State,Nebraska,2021-08-31,225772.9251016681
20,State,Idaho,2021-08-31,455334.4846347121
61,State,West Virginia,2021-08-31,146320.33267984758
18,State,Hawaii,2021-08-31,720649.8179715909
39,State,New Hampshire,2021-08-31,385755.2418842049
28,State,Maine,2021-08-31,330827.3718185863
50,State,Rhode Island,2021-08-31,387303.7993135907
35,State,Montana,2021-08-31,380523.8513098093
13,State,Delaware,2021-08-31,338544.71959696134
52,State,South Dakota,2021-08-31,261734.3800670934
37,State,North Dakota,2021-08-31,247403.0943914865
3,State,Alaska,2021-08-31,343033.2937659633
12,State,District of Columbia,2021-08-31,644113.7810649304
58,State,Vermont,2021-08-31,342851.88730542804
62,State,Wyoming,2021-08-31,297753.5179681917
9,State,California,2021-09-30,685364.7570588413
54,State,Texas,2021-09-30,273791.81653817813
14,State,Florida,2021-09-30,319291.3260714005
43,State,New York,2021-09-30,410423.1215458314
47,State,Pennsylvania,2021-09-30,237331.8682823197
21,State,Illinois,2021-09-30,233756.61717107773
44,State,Ohio,2021-09-30,193496.4946016411
16,State,Georgia,2021-09-30,276237.77200576576
36,State,North Carolina,2021-09-30,276742.6457570722
30,State,Michigan,2021-09-30,217394.8889482765
40,State,New Jersey,2021-09-30,434890.1107505266
56,State,Virginia,2021-09-30,340128.14491270797
59,State,Washington,2021-09-30,544584.6224222248
8,State,Arizona,2021-09-30,393284.44496053504
26,State,Massachusetts,2021-09-30,534806.1594228836
53,State,Tennessee,2021-09-30,272446.0736697228
22,State,Indiana,2021-09-30,203691.44977962176
27,State,Maryland,2021-09-30,381591.31707695586
32,State,Missouri,2021-09-30,213786.9570002292
60,State,Wisconsin,2021-09-30,263422.60600924544
10,State,Colorado,2021-09-30,508509.1633627087
31,State,Minnesota,2021-09-30,313113.97810249747
51,State,South Carolina,2021-09-30,248433.69914238085
4,State,Alabama,2021-09-30,206528.7207988761
25,State,Louisiana,2021-09-30,214539.05641902497
24,State,Kentucky,2021-09-30,187923.2445928605
46,State,Oregon,2021-09-30,470285.14797096536
45,State,Oklahoma,2021-09-30,178033.24090474445
11,State,Connecticut,2021-09-30,324049.8957650997
55,State,Utah,2021-09-30,481427.5650525071
19,State,Iowa,2021-09-30,191770.0260032087
42,State,Nevada,2021-09-30,393005.07307333656
6,State,Arkansas,2021-09-30,188183.4777138087
34,State,Mississippi,2021-09-30,175862.53369046698
23,State,Kansas,2021-09-30,194026.251232324
41,State,New Mexico,2021-09-30,255955.7573671116
38,State,Nebraska,2021-09-30,225399.10536897497
20,State,Idaho,2021-09-30,459779.7151469212
61,State,West Virginia,2021-09-30,145138.58927488478
18,State,Hawaii,2021-09-30,725561.254245278
39,State,New Hampshire,2021-09-30,385145.67231699266
28,State,Maine,2021-09-30,332345.6748617882
50,State,Rhode Island,2021-09-30,387650.2168341773
35,State,Montana,2021-09-30,386003.7235758307
13,State,Delaware,2021-09-30,338881.91899254656
52,State,South Dakota,2021-09-30,263676.80631906685
37,State,North Dakota,2021-09-30,247951.8250074941
3,State,Alaska,2021-09-30,346278.99750870455
12,State,District of Columbia,2021-09-30,640957.0442644999
58,State,Vermont,2021-09-30,345136.6537117896
62,State,Wyoming,2021-09-30,299505.18977845326
9,State,California,2021-10-31,689840.1328270918
54,State,Texas,2021-10-31,276346.18785959884
14,State,Florida,2021-10-31,324008.4118723171
43,State,New York,2021-10-31,411957.1346010973
47,State,Pennsylvania,2021-10-31,236708.82881191428
21,State,Illinois,2021-10-31,233923.49526102585
44,State,Ohio,2021-10-31,193217.4982789779
16,State,Georgia,2021-10-31,279601.2722327601
36,State,North Carolina,2021-10-31,278991.7636254063
30,State,Michigan,2021-10-31,217119.0724528951
40,State,New Jersey,2021-10-31,436467.75551880617
56,State,Virginia,2021-10-31,340609.89313188865
59,State,Washington,2021-10-31,546665.6805074781
8,State,Arizona,2021-10-31,399934.8395034449
26,State,Massachusetts,2021-10-31,534400.7935514922
53,State,Tennessee,2021-10-31,275164.86039215367
22,State,Indiana,2021-10-31,204549.3067250756
27,State,Maryland,2021-10-31,381967.330106631
32,State,Missouri,2021-10-31,214298.5040679504
60,State,Wisconsin,2021-10-31,263187.9411420757
10,State,Colorado,2021-10-31,512003.5475980917
31,State,Minnesota,2021-10-31,313179.8352165739
51,State,South Carolina,2021-10-31,250835.16283148527
4,State,Alabama,2021-10-31,207997.79553991384
25,State,Louisiana,2021-10-31,214830.38643700432
24,State,Kentucky,2021-10-31,188430.26401250623
46,State,Oregon,2021-10-31,473278.6402054808
45,State,Oklahoma,2021-10-31,179453.6749307292
11,State,Connecticut,2021-10-31,323440.6274459132
55,State,Utah,2021-10-31,486443.60463542514
19,State,Iowa,2021-10-31,192386.65159456455
42,State,Nevada,2021-10-31,398598.9644089055
6,State,Arkansas,2021-10-31,189660.91179899615
34,State,Mississippi,2021-10-31,177408.39929125915
23,State,Kansas,2021-10-31,194723.68041208843
41,State,New Mexico,2021-10-31,257352.64639969752
38,State,Nebraska,2021-10-31,225057.34900612957
20,State,Idaho,2021-10-31,463254.08507135784
61,State,West Virginia,2021-10-31,144781.37357603162
18,State,Hawaii,2021-10-31,731695.5349521386
39,State,New Hampshire,2021-10-31,383930.16454520234
28,State,Maine,2021-10-31,332672.33800995926
50,State,Rhode Island,2021-10-31,387735.23248395434
35,State,Montana,2021-10-31,391103.1336675653
13,State,Delaware,2021-10-31,339528.49924426334
52,State,South Dakota,2021-10-31,265266.5719052315
37,State,North Dakota,2021-10-31,248434.65485955545
3,State,Alaska,2021-10-31,348468.3649681373
12,State,District of Columbia,2021-10-31,638847.2051258349
58,State,Vermont,2021-10-31,345408.11403595726
62,State,Wyoming,2021-10-31,301605.00309497543
9,State,California,2021-11-30,695741.0104643496
54,State,Texas,2021-11-30,279653.39825581835
14,State,Florida,2021-11-30,329285.2856263739
43,State,New York,2021-11-30,414263.36723038106
47,State,Pennsylvania,2021-11-30,236820.026686579
21,State,Illinois,2021-11-30,234648.08201564112
44,State,Ohio,2021-11-30,193608.35876362096
16,State,Georgia,2021-11-30,283874.63059167564
36,State,North Carolina,2021-11-30,281904.7786250881
30,State,Michigan,2021-11-30,217468.7863270107
40,State,New Jersey,2021-11-30,438903.44762690016
56,State,Virginia,2021-11-30,341980.7265769897
59,State,Washington,2021-11-30,549825.658148312
8,State,Arizona,2021-11-30,406268.7040186709
26,State,Massachusetts,2021-11-30,535344.6707922859
53,State,Tennessee,2021-11-30,278939.1120182012
22,State,Indiana,2021-11-30,205970.62037773145
27,State,Maryland,2021-11-30,383086.616396028
32,State,Missouri,2021-11-30,215553.215460998
60,State,Wisconsin,2021-11-30,263616.0107662852
10,State,Colorado,2021-11-30,516721.9098268352
31,State,Minnesota,2021-11-30,314008.11397367273
51,State,South Carolina,2021-11-30,253845.51203573073
4,State,Alabama,2021-11-30,210016.56410451335
25,State,Louisiana,2021-11-30,215986.17510730829
24,State,Kentucky,2021-11-30,189407.54583777091
46,State,Oregon,2021-11-30,476798.28955905465
45,State,Oklahoma,2021-11-30,181283.31969692148
11,State,Connecticut,2021-11-30,323671.8734429384
55,State,Utah,2021-11-30,491325.35937260435
19,State,Iowa,2021-11-30,193396.45388643575
42,State,Nevada,2021-11-30,404401.45918671554
6,State,Arkansas,2021-11-30,191452.73626992587
34,State,Mississippi,2021-11-30,179612.82930297544
23,State,Kansas,2021-11-30,195821.20784133393
41,State,New Mexico,2021-11-30,259188.1644818608
38,State,Nebraska,2021-11-30,225506.9523992526
20,State,Idaho,2021-11-30,466780.4619323392
61,State,West Virginia,2021-11-30,145332.15150769256
18,State,Hawaii,2021-11-30,740311.2972187026
39,State,New Hampshire,2021-11-30,384309.3386674774
28,State,Maine,2021-11-30,334053.54238867614
50,State,Rhode Island,2021-11-30,388664.5399212104
35,State,Montana,2021-11-30,396344.4992965776
13,State,Delaware,2021-11-30,341239.58661526325
52,State,South Dakota,2021-11-30,267511.7608337433
37,State,North Dakota,2021-11-30,249230.98204664097
3,State,Alaska,2021-11-30,349963.52029319556
12,State,District of Columbia,2021-11-30,637792.9606485757
58,State,Vermont,2021-11-30,346801.69582490856
62,State,Wyoming,2021-11-30,304231.9034995958
9,State,California,2021-12-31,703015.4563192086
54,State,Texas,2021-12-31,283454.9387362802
14,State,Florida,2021-12-31,334989.28692306945
43,State,New York,2021-12-31,416989.4048458361
47,State,Pennsylvania,2021-12-31,237820.3762477392
21,State,Illinois,2021-12-31,236126.48544512168
44,State,Ohio,2021-12-31,194476.2720078935
16,State,Georgia,2021-12-31,288769.79727822327
36,State,North Carolina,2021-12-31,285174.74897337967
30,State,Michigan,2021-12-31,218345.53463657876
40,State,New Jersey,2021-12-31,441970.2613734088
56,State,Virginia,2021-12-31,344407.7340239345
59,State,Washington,2021-12-31,554356.9675847098
8,State,Arizona,2021-12-31,412215.50926830474
26,State,Massachusetts,2021-12-31,537497.706929828
53,State,Tennessee,2021-12-31,283429.2213556155
22,State,Indiana,2021-12-31,207781.073955182
27,State,Maryland,2021-12-31,385114.0710099701
32,State,Missouri,2021-12-31,217439.53834046508
60,State,Wisconsin,2021-12-31,264737.9840815862
10,State,Colorado,2021-12-31,522444.6277696027
31,State,Minnesota,2021-12-31,315489.3630233188
51,State,South Carolina,2021-12-31,257212.20141338973
4,State,Alabama,2021-12-31,212228.7598578337
25,State,Louisiana,2021-12-31,217511.82215057476
24,State,Kentucky,2021-12-31,190833.66364413584
46,State,Oregon,2021-12-31,480738.1417894603
45,State,Oklahoma,2021-12-31,183414.34907465137
11,State,Connecticut,2021-12-31,325280.1355311091
55,State,Utah,2021-12-31,496699.8626622285
19,State,Iowa,2021-12-31,194699.08813195917
42,State,Nevada,2021-12-31,410104.7374523597
6,State,Arkansas,2021-12-31,193570.9342196584
34,State,Mississippi,2021-12-31,181971.2819796213
23,State,Kansas,2021-12-31,197257.38152699036
41,State,New Mexico,2021-12-31,261563.53381603
38,State,Nebraska,2021-12-31,226761.2761225278
20,State,Idaho,2021-12-31,470766.53205300285
61,State,West Virginia,2021-12-31,146363.43355933126
18,State,Hawaii,2021-12-31,749485.2996038552
39,State,New Hampshire,2021-12-31,386348.7047606699
28,State,Maine,2021-12-31,336288.23897777795
50,State,Rhode Island,2021-12-31,390450.8494822227
35,State,Montana,2021-12-31,402112.7279999424
13,State,Delaware,2021-12-31,344140.48564171046
52,State,South Dakota,2021-12-31,270649.30367729696
37,State,North Dakota,2021-12-31,250627.6735423497
3,State,Alaska,2021-12-31,351683.90262958437
12,State,District of Columbia,2021-12-31,637013.505013682
58,State,Vermont,2021-12-31,349087.3051451443
62,State,Wyoming,2021-12-31,307135.8937877147
9,State,California,2022-01-31,713160.4878027228
54,State,Texas,2022-01-31,288456.4017552012
14,State,Florida,2022-01-31,342149.78484095045
43,State,New York,2022-01-31,420200.6608687448
47,State,Pennsylvania,2022-01-31,240242.36016089757
21,State,Illinois,2022-01-31,238723.36854412817
44,State,Ohio,2022-01-31,196585.8185582998
16,State,Georgia,2022-01-31,295042.6984379932
36,State,North Carolina,2022-01-31,289882.42053374724
30,State,Michigan,2022-01-31,220560.46187281804
40,State,New Jersey,2022-01-31,445966.99015244
56,State,Virginia,2022-01-31,348323.3944374716
59,State,Washington,2022-01-31,562622.7953710568
8,State,Arizona,2022-01-31,418401.0670246679
26,State,Massachusetts,2022-01-31,542819.2768137933
53,State,Tennessee,2022-01-31,288995.58206042537
22,State,Indiana,2022-01-31,210534.6169890822
27,State,Maryland,2022-01-31,388109.0972735104
32,State,Missouri,2022-01-31,220316.38565564112
60,State,Wisconsin,2022-01-31,266957.4926758318
10,State,Colorado,2022-01-31,530170.4569049258
31,State,Minnesota,2022-01-31,318285.8081728541
51,State,South Carolina,2022-01-31,261440.41713514423
4,State,Alabama,2022-01-31,214679.23292378665
25,State,Louisiana,2022-01-31,219241.99922251693
24,State,Kentucky,2022-01-31,193001.04273945224
46,State,Oregon,2022-01-31,486032.16457653727
45,State,Oklahoma,2022-01-31,186062.81428957495
11,State,Connecticut,2022-01-31,329048.4534355635
55,State,Utah,2022-01-31,504300.6891944926
19,State,Iowa,2022-01-31,196654.0464526151
42,State,Nevada,2022-01-31,417106.2064362964
6,State,Arkansas,2022-01-31,195950.83720665157
34,State,Mississippi,2022-01-31,183872.44898529944
23,State,Kansas,2022-01-31,199643.42473742625
41,State,New Mexico,2022-01-31,264989.56179267215
38,State,Nebraska,2022-01-31,229309.77654146703
20,State,Idaho,2022-01-31,475671.27930087113
61,State,West Virginia,2022-01-31,148401.9749444975
18,State,Hawaii,2022-01-31,764454.2424454665
39,State,New Hampshire,2022-01-31,391818.5990164519
28,State,Maine,2022-01-31,340521.8767997228
50,State,Rhode Island,2022-01-31,394564.78281257534
35,State,Montana,2022-01-31,409482.1500052617
13,State,Delaware,2022-01-31,348428.70855147316
52,State,South Dakota,2022-01-31,274950.5324901511
37,State,North Dakota,2022-01-31,252762.0439250339
3,State,Alaska,2022-01-31,353012.68372604577
12,State,District of Columbia,2022-01-31,637924.3685075557
58,State,Vermont,2022-01-31,353373.8706509245
62,State,Wyoming,2022-01-31,310523.06458524655
9,State,California,2022-02-28,726178.7984390127
54,State,Texas,2022-02-28,294050.1827513054
14,State,Florida,2022-02-28,350478.3420567804
43,State,New York,2022-02-28,424093.7601362977
47,State,Pennsylvania,2022-02-28,243795.39836158472
21,State,Illinois,2022-02-28,242315.9164578819
44,State,Ohio,2022-02-28,199661.7449556519
16,State,Georgia,2022-02-28,302011.5627575952
36,State,North Carolina,2022-02-28,295624.77454778686
30,State,Michigan,2022-02-28,223976.89561093212
40,State,New Jersey,2022-02-28,450684.5587961619
56,State,Virginia,2022-02-28,352831.5047477847
59,State,Washington,2022-02-28,574245.822402752
8,State,Arizona,2022-02-28,425436.786095289
26,State,Massachusetts,2022-02-28,551225.3216694085
53,State,Tennessee,2022-02-28,295322.048659773
22,State,Indiana,2022-02-28,214128.4106588038
27,State,Maryland,2022-02-28,391813.9917582272
32,State,Missouri,2022-02-28,223996.6653819826
60,State,Wisconsin,2022-02-28,269861.20438060147
10,State,Colorado,2022-02-28,540087.297171957
31,State,Minnesota,2022-02-28,321923.8989257373
51,State,South Carolina,2022-02-28,266281.3126764084
4,State,Alabama,2022-02-28,217090.6580408787
25,State,Louisiana,2022-02-28,220911.1274249742
24,State,Kentucky,2022-02-28,195552.6519875127
46,State,Oregon,2022-02-28,492888.5267225683
45,State,Oklahoma,2022-02-28,188977.9495929709
11,State,Connecticut,2022-02-28,334434.9540867103
55,State,Utah,2022-02-28,514282.0939703123
19,State,Iowa,2022-02-28,199010.12222583135
42,State,Nevada,2022-02-28,425436.3374276914
6,State,Arkansas,2022-02-28,198168.0014036717
34,State,Mississippi,2022-02-28,184818.16242687215
23,State,Kansas,2022-02-28,202464.899092536
41,State,New Mexico,2022-02-28,269460.7905518035
38,State,Nebraska,2022-02-28,232928.83742700136
20,State,Idaho,2022-02-28,481996.8561518829
61,State,West Virginia,2022-02-28,150676.20331065106
18,State,Hawaii,2022-02-28,784281.9940338697
39,State,New Hampshire,2022-02-28,400186.8882700967
28,State,Maine,2022-02-28,346434.3601920907
50,State,Rhode Island,2022-02-28,400819.3359452539
35,State,Montana,2022-02-28,417533.1977620756
13,State,Delaware,2022-02-28,353545.2267248986
52,State,South Dakota,2022-02-28,279712.19214068755
37,State,North Dakota,2022-02-28,254656.12432373196
3,State,Alaska,2022-02-28,354054.4560494185
12,State,District of Columbia,2022-02-28,642209.7519786513
58,State,Vermont,2022-02-28,358466.2260495224
62,State,Wyoming,2022-02-28,313706.7763750821
9,State,California,2022-03-31,741876.7879195345
54,State,Texas,2022-03-31,300375.4217355615
14,State,Florida,2022-03-31,360308.7122992755
43,State,New York,2022-03-31,429289.6621697457
47,State,Pennsylvania,2022-03-31,248241.2270250784
21,State,Illinois,2022-03-31,246636.54664363537
44,State,Ohio,2022-03-31,203401.1963792979
16,State,Georgia,2022-03-31,309294.4600245511
36,State,North Carolina,2022-03-31,302538.97847921954
30,State,Michigan,2022-03-31,228287.95708606177
40,State,New Jersey,2022-03-31,456697.3891451562
56,State,Virginia,2022-03-31,357955.0845033666
59,State,Washington,2022-03-31,588892.2464017696
8,State,Arizona,2022-03-31,434127.28034425736
26,State,Massachusetts,2022-03-31,562534.6538538769
53,State,Tennessee,2022-03-31,301695.30469642376
22,State,Indiana,2022-03-31,218271.1779938756
27,State,Maryland,2022-03-31,396405.145135155
32,State,Missouri,2022-03-31,228343.6232852914
60,State,Wisconsin,2022-03-31,273366.7044229592
10,State,Colorado,2022-03-31,552415.3234177205
31,State,Minnesota,2022-03-31,326478.7055530299
51,State,South Carolina,2022-03-31,271778.739769425
4,State,Alabama,2022-03-31,219692.77104682484
25,State,Louisiana,2022-03-31,222870.3576364784
24,State,Kentucky,2022-03-31,198385.8959405241
46,State,Oregon,2022-03-31,501366.8509270898
45,State,Oklahoma,2022-03-31,192145.2405237792
11,State,Connecticut,2022-03-31,340899.4513834026
55,State,Utah,2022-03-31,526542.1423539213
19,State,Iowa,2022-03-31,201885.20850314965
42,State,Nevada,2022-03-31,435676.2517063187
6,State,Arkansas,2022-03-31,200192.71864965616
34,State,Mississippi,2022-03-31,185617.71169385585
23,State,Kansas,2022-03-31,205785.4999915553
41,State,New Mexico,2022-03-31,274889.91014831694
38,State,Nebraska,2022-03-31,237521.52260176593
20,State,Idaho,2022-03-31,489767.14305763383
61,State,West Virginia,2022-03-31,153230.7157517933
18,State,Hawaii,2022-03-31,808759.2447892203
39,State,New Hampshire,2022-03-31,411145.2118490297
28,State,Maine,2022-03-31,354100.65008602804
50,State,Rhode Island,2022-03-31,409016.72620193515
35,State,Montana,2022-03-31,427157.0026725442
13,State,Delaware,2022-03-31,359548.9949027941
52,State,South Dakota,2022-03-31,285079.8298844266
37,State,North Dakota,2022-03-31,256600.81790623305
3,State,Alaska,2022-03-31,355473.41638961574
12,State,District of Columbia,2022-03-31,650513.6658076626
58,State,Vermont,2022-03-31,364443.6733367049
62,State,Wyoming,2022-03-31,317461.1799484901
9,State,California,2022-04-30,756152.2009845447
54,State,Texas,2022-04-30,306512.3345213648
14,State,Florida,2022-04-30,370646.26064372394
43,State,New York,2022-04-30,434606.04468798224
47,State,Pennsylvania,2022-04-30,252270.7875411841
21,State,Illinois,2022-04-30,250676.7960264628
44,State,Ohio,2022-04-30,206887.77402245856
16,State,Georgia,2022-04-30,315855.46439598646
36,State,North Carolina,2022-04-30,309574.4234465422
30,State,Michigan,2022-04-30,232461.2070631287
40,State,New Jersey,2022-04-30,462917.7817270425
56,State,Virginia,2022-04-30,362895.52542286896
59,State,Washington,2022-04-30,602871.9272359395
8,State,Arizona,2022-04-30,443890.1914460839
26,State,Massachusetts,2022-04-30,573102.1118745708
53,State,Tennessee,2022-04-30,307862.7359927539
22,State,Indiana,2022-04-30,222145.2225625308
27,State,Maryland,2022-04-30,400996.95555692026
32,State,Missouri,2022-04-30,232487.72577200443
60,State,Wisconsin,2022-04-30,277560.25888467993
10,State,Colorado,2022-04-30,564549.8802943155
31,State,Minnesota,2022-04-30,331094.79342989734
51,State,South Carolina,2022-04-30,277385.13582752395
4,State,Alabama,2022-04-30,222523.13422928457
25,State,Louisiana,2022-04-30,224719.3216371243
24,State,Kentucky,2022-04-30,201037.0641867105
46,State,Oregon,2022-04-30,509897.8495743747
45,State,Oklahoma,2022-04-30,194865.2341980496
11,State,Connecticut,2022-04-30,346976.1667299948
55,State,Utah,2022-04-30,538715.4901115779
19,State,Iowa,2022-04-30,204720.9200692574
42,State,Nevada,2022-04-30,446144.60740224674
6,State,Arkansas,2022-04-30,202201.3857955474
34,State,Mississippi,2022-04-30,186487.57408136083
23,State,Kansas,2022-04-30,208879.8852139504
41,State,New Mexico,2022-04-30,280123.5672620807
38,State,Nebraska,2022-04-30,242009.31184893716
20,State,Idaho,2022-04-30,498134.05310478894
61,State,West Virginia,2022-04-30,155154.70590109116
18,State,Hawaii,2022-04-30,828638.224789042
39,State,New Hampshire,2022-04-30,421997.19533513143
28,State,Maine,2022-04-30,362378.9960161292
50,State,Rhode Island,2022-04-30,417060.85868540587
35,State,Montana,2022-04-30,437320.2538301146
13,State,Delaware,2022-04-30,365500.0590068743
52,State,South Dakota,2022-04-30,290379.38609624095
37,State,North Dakota,2022-04-30,258714.61349041565
3,State,Alaska,2022-04-30,357811.8563147968
12,State,District of Columbia,2022-04-30,658257.5625226831
58,State,Vermont,2022-04-30,370782.7353807017
62,State,Wyoming,2022-04-30,320922.6091503061
9,State,California,2022-05-31,766912.7508811187
54,State,Texas,2022-05-31,312153.14678881364
14,State,Florida,2022-05-31,380553.67728830344
43,State,New York,2022-05-31,439458.3685509707
47,State,Pennsylvania,2022-05-31,255383.74958556905
21,State,Illinois,2022-05-31,253393.7648487241
44,State,Ohio,2022-05-31,209727.84674096052
16,State,Georgia,2022-05-31,321439.3851582342
36,State,North Carolina,2022-05-31,316129.45621982816
30,State,Michigan,2022-05-31,235627.67520270532
40,State,New Jersey,2022-05-31,469222.2873215072
56,State,Virginia,2022-05-31,367440.8074779952
59,State,Washington,2022-05-31,613479.6162853363
8,State,Arizona,2022-05-31,453572.06452125567
26,State,Massachusetts,2022-05-31,582154.6468306092
53,State,Tennessee,2022-05-31,312937.82880681875
22,State,Indiana,2022-05-31,225139.55049468068
27,State,Maryland,2022-05-31,405277.062566725
32,State,Missouri,2022-05-31,235850.52526378515
60,State,Wisconsin,2022-05-31,281635.0396909537
10,State,Colorado,2022-05-31,574427.0025991277
31,State,Minnesota,2022-05-31,335080.29441851523
51,State,South Carolina,2022-05-31,282704.60408095893
4,State,Alabama,2022-05-31,225065.4477339875
25,State,Louisiana,2022-05-31,226250.03849455304
24,State,Kentucky,2022-05-31,203322.30716110225
46,State,Oregon,2022-05-31,517117.5447078506
45,State,Oklahoma,2022-05-31,197139.4099155915
11,State,Connecticut,2022-05-31,352563.15754792787
55,State,Utah,2022-05-31,548660.3355342669
19,State,Iowa,2022-05-31,207573.43565065032
42,State,Nevada,2022-05-31,455585.4460338834
6,State,Arkansas,2022-05-31,203925.7772628631
34,State,Mississippi,2022-05-31,187489.7140982228
23,State,Kansas,2022-05-31,211699.8097065026
41,State,New Mexico,2022-05-31,284382.02866208315
38,State,Nebraska,2022-05-31,245685.0258178643
20,State,Idaho,2022-05-31,504919.9029757385
61,State,West Virginia,2022-05-31,156623.16299368755
18,State,Hawaii,2022-05-31,843994.2600106673
39,State,New Hampshire,2022-05-31,431066.9904119139
28,State,Maine,2022-05-31,369919.15517916885
50,State,Rhode Island,2022-05-31,424179.40839168266
35,State,Montana,2022-05-31,446800.4550720165
13,State,Delaware,2022-05-31,370624.8741873096
52,State,South Dakota,2022-05-31,295194.35735699296
37,State,North Dakota,2022-05-31,261002.7969064537
3,State,Alaska,2022-05-31,361265.2954427925
12,State,District of Columbia,2022-05-31,662949.9028504492
58,State,Vermont,2022-05-31,376642.4455620588
62,State,Wyoming,2022-05-31,324313.77132227906
9,State,California,2022-06-30,772633.9526706628
54,State,Texas,2022-06-30,317076.606352279
14,State,Florida,2022-06-30,389360.1498628107
43,State,New York,2022-06-30,444101.1731810226
47,State,Pennsylvania,2022-06-30,257814.39852419257
21,State,Illinois,2022-06-30,255238.99424399345
44,State,Ohio,2022-06-30,212339.38033097595
16,State,Georgia,2022-06-30,326311.00215911557
36,State,North Carolina,2022-06-30,321961.13204387063
30,State,Michigan,2022-06-30,238035.80044305848
40,State,New Jersey,2022-06-30,474512.5177673168
56,State,Virginia,2022-06-30,371275.3539321984
59,State,Washington,2022-06-30,618686.1453368384
8,State,Arizona,2022-06-30,461668.7569948943
26,State,Massachusetts,2022-06-30,588889.7521681782
53,State,Tennessee,2022-06-30,317573.70615280955
22,State,Indiana,2022-06-30,227729.39637215217
27,State,Maryland,2022-06-30,408338.17336951825
32,State,Missouri,2022-06-30,238756.1392346735
60,State,Wisconsin,2022-06-30,285162.01486395014
10,State,Colorado,2022-06-30,580442.8069184325
31,State,Minnesota,2022-06-30,338059.57848389423
51,State,South Carolina,2022-06-30,287712.2176306892
4,State,Alabama,2022-06-30,227664.66956725597
25,State,Louisiana,2022-06-30,227731.42552497436
24,State,Kentucky,2022-06-30,205679.97274182944
46,State,Oregon,2022-06-30,521710.3204129818
45,State,Oklahoma,2022-06-30,199309.83958069733
11,State,Connecticut,2022-06-30,357322.81247713085
55,State,Utah,2022-06-30,554325.1016825399
19,State,Iowa,2022-06-30,210111.33004733385
42,State,Nevada,2022-06-30,462998.43028017535
6,State,Arkansas,2022-06-30,205641.8278375248
34,State,Mississippi,2022-06-30,189123.3362517119
23,State,Kansas,2022-06-30,214203.06762816975
41,State,New Mexico,2022-06-30,287984.29413709836
38,State,Nebraska,2022-06-30,248507.67953867873
20,State,Idaho,2022-06-30,509118.21773877856
61,State,West Virginia,2022-06-30,158043.54442162332
18,State,Hawaii,2022-06-30,853346.9112240126
39,State,New Hampshire,2022-06-30,437745.16147240234
28,State,Maine,2022-06-30,375880.1665773964
50,State,Rhode Island,2022-06-30,429974.8746235375
35,State,Montana,2022-06-30,454209.3357936664
13,State,Delaware,2022-06-30,374532.31464074785
52,State,South Dakota,2022-06-30,299132.6821577973
37,State,North Dakota,2022-06-30,263420.386312348
3,State,Alaska,2022-06-30,364371.0162330854
12,State,District of Columbia,2022-06-30,663209.417130651
58,State,Vermont,2022-06-30,381859.5892845512
62,State,Wyoming,2022-06-30,327695.8845813917
9,State,California,2022-07-31,772946.6229347484
54,State,Texas,2022-07-31,320070.3032553532
14,State,Florida,2022-07-31,395335.4412088762
43,State,New York,2022-07-31,447232.747065345
47,State,Pennsylvania,2022-07-31,258749.20507723864
21,State,Illinois,2022-07-31,255617.3421776419
44,State,Ohio,2022-07-31,213799.13532120615
16,State,Georgia,2022-07-31,329228.3350249497
36,State,North Carolina,2022-07-31,325623.60161717003
30,State,Michigan,2022-07-31,238628.9453136491
40,State,New Jersey,2022-07-31,477481.7868218621
56,State,Virginia,2022-07-31,373184.7933947558
59,State,Washington,2022-07-31,616954.8257344865
8,State,Arizona,2022-07-31,465765.34075814136
26,State,Massachusetts,2022-07-31,592010.1858645594
53,State,Tennessee,2022-07-31,320249.8843678899
22,State,Indiana,2022-07-31,228993.9727194522
27,State,Maryland,2022-07-31,409029.6355744606
32,State,Missouri,2022-07-31,240346.71993931328
60,State,Wisconsin,2022-07-31,286620.0035334009
10,State,Colorado,2022-07-31,581060.1067937898
31,State,Minnesota,2022-07-31,338635.23541961977
51,State,South Carolina,2022-07-31,291164.67764299206
4,State,Alabama,2022-07-31,229174.03260474233
25,State,Louisiana,2022-07-31,228458.38510120116
24,State,Kentucky,2022-07-31,207315.3878149867
46,State,Oregon,2022-07-31,521675.3604018502
45,State,Oklahoma,2022-07-31,200974.66884264487
11,State,Connecticut,2022-07-31,360333.2397155538
55,State,Utah,2022-07-31,553802.9293436008
19,State,Iowa,2022-07-31,211668.96393810096
42,State,Nevada,2022-07-31,466648.5364467892
6,State,Arkansas,2022-07-31,206565.4644526396
34,State,Mississippi,2022-07-31,190553.5287520973
23,State,Kansas,2022-07-31,215889.6271343714
41,State,New Mexico,2022-07-31,290270.95255830954
38,State,Nebraska,2022-07-31,249871.75147428605
20,State,Idaho,2022-07-31,508368.7368916129
61,State,West Virginia,2022-07-31,158691.11810805276
18,State,Hawaii,2022-07-31,856963.1206441493
39,State,New Hampshire,2022-07-31,440735.3426697936
28,State,Maine,2022-07-31,378445.01259743766
50,State,Rhode Island,2022-07-31,432857.238811737
35,State,Montana,2022-07-31,456713.41105565306
13,State,Delaware,2022-07-31,375945.7854349154
52,State,South Dakota,2022-07-31,301267.5851715494
37,State,North Dakota,2022-07-31,264634.3331148283
3,State,Alaska,2022-07-31,366473.4155768818
12,State,District of Columbia,2022-07-31,659444.9090966516
58,State,Vermont,2022-07-31,384450.2768390971
62,State,Wyoming,2022-07-31,330159.4378169375
9,State,California,2022-08-31,768230.0360882437
54,State,Texas,2022-08-31,321010.1021632291
14,State,Florida,2022-08-31,398359.9084459813
43,State,New York,2022-08-31,448170.80487811257
47,State,Pennsylvania,2022-08-31,258530.94568173052
21,State,Illinois,2022-08-31,255121.8539264491
44,State,Ohio,2022-08-31,214308.66166691633
16,State,Georgia,2022-08-31,330346.27061389596
36,State,North Carolina,2022-08-31,327115.19272469194
30,State,Michigan,2022-08-31,237943.05626633865
40,State,New Jersey,2022-08-31,477637.6443159108
56,State,Virginia,2022-08-31,373325.76865040575
59,State,Washington,2022-08-31,610135.036298172
8,State,Arizona,2022-08-31,464868.6502514435
26,State,Massachusetts,2022-08-31,590941.5347312879
53,State,Tennessee,2022-08-31,321139.1405386687
22,State,Indiana,2022-08-31,229229.74605294585
27,State,Maryland,2022-08-31,407502.6490651264
32,State,Missouri,2022-08-31,240670.72598325973
60,State,Wisconsin,2022-08-31,286427.10748069006
10,State,Colorado,2022-08-31,577156.7246721492
31,State,Minnesota,2022-08-31,337294.1707960943
51,State,South Carolina,2022-08-31,292967.0571741234
4,State,Alabama,2022-08-31,230035.9455713779
25,State,Louisiana,2022-08-31,228266.05507111785
24,State,Kentucky,2022-08-31,208095.49919945665
46,State,Oregon,2022-08-31,517706.5875196474
45,State,Oklahoma,2022-08-31,201981.5566522679
11,State,Connecticut,2022-08-31,361030.99271963193
55,State,Utah,2022-08-31,548361.0673914677
19,State,Iowa,2022-08-31,212121.0918242288
42,State,Nevada,2022-08-31,465997.36570589273
6,State,Arkansas,2022-08-31,206997.03049429672
34,State,Mississippi,2022-08-31,191421.6079088635
23,State,Kansas,2022-08-31,216657.82019972676
41,State,New Mexico,2022-08-31,291077.96031523816
38,State,Nebraska,2022-08-31,249982.29248035312
20,State,Idaho,2022-08-31,503409.4237451349
61,State,West Virginia,2022-08-31,158766.59599798612
18,State,Hawaii,2022-08-31,854737.9919744115
39,State,New Hampshire,2022-08-31,440843.23479888705
28,State,Maine,2022-08-31,377738.2035545333
50,State,Rhode Island,2022-08-31,432481.0994290647
35,State,Montana,2022-08-31,455275.68217110186
13,State,Delaware,2022-08-31,375965.1397180045
52,State,South Dakota,2022-08-31,301699.9751772417
37,State,North Dakota,2022-08-31,265215.1105286959
3,State,Alaska,2022-08-31,367443.6982665332
12,State,District of Columbia,2022-08-31,652951.9859420661
58,State,Vermont,2022-08-31,384499.6023674558
62,State,Wyoming,2022-08-31,331383.31069233787
9,State,California,2022-09-30,760686.5442149187
54,State,Texas,2022-09-30,320317.2726487263
14,State,Florida,2022-09-30,398746.64358914766
43,State,New York,2022-09-30,446582.4844705576
47,State,Pennsylvania,2022-09-30,257533.32930919155
21,State,Illinois,2022-09-30,253776.45771321375
44,State,Ohio,2022-09-30,213902.99208988473
16,State,Georgia,2022-09-30,329880.4028485618
36,State,North Carolina,2022-09-30,326756.31173658144
30,State,Michigan,2022-09-30,236355.1097420676
40,State,New Jersey,2022-09-30,476005.6338105602
56,State,Virginia,2022-09-30,372087.72410321777
59,State,Washington,2022-09-30,601018.9065923295
8,State,Arizona,2022-09-30,459556.7989329328
26,State,Massachusetts,2022-09-30,586697.5829023308
53,State,Tennessee,2022-09-30,320389.3783282503
22,State,Indiana,2022-09-30,228549.026525281
27,State,Maryland,2022-09-30,404820.212848336
32,State,Missouri,2022-09-30,239813.20778644935
60,State,Wisconsin,2022-09-30,285490.030277292
10,State,Colorado,2022-09-30,570919.1091691792
31,State,Minnesota,2022-09-30,334808.7865715374
51,State,South Carolina,2022-09-30,293114.78057419235
4,State,Alabama,2022-09-30,229901.65130348943
25,State,Louisiana,2022-09-30,226779.6969840008
24,State,Kentucky,2022-09-30,207980.1104084819
46,State,Oregon,2022-09-30,511643.41513730446
45,State,Oklahoma,2022-09-30,202360.3726078776
11,State,Connecticut,2022-09-30,360240.41494898655
55,State,Utah,2022-09-30,540422.0584643907
19,State,Iowa,2022-09-30,211930.573713406
42,State,Nevada,2022-09-30,461256.7245749085
6,State,Arkansas,2022-09-30,206801.02589543792
34,State,Mississippi,2022-09-30,191172.2486578999
23,State,Kansas,2022-09-30,216620.16351638388
41,State,New Mexico,2022-09-30,290408.60154509783
38,State,Nebraska,2022-09-30,249221.99263750736
20,State,Idaho,2022-09-30,495569.0132155772
61,State,West Virginia,2022-09-30,158236.5979999906
18,State,Hawaii,2022-09-30,849196.9753174139
39,State,New Hampshire,2022-09-30,439384.0975283109
28,State,Maine,2022-09-30,375226.3958765694
50,State,Rhode Island,2022-09-30,430132.58903865214
35,State,Montana,2022-09-30,450953.56761767785
13,State,Delaware,2022-09-30,374775.2553687327
52,State,South Dakota,2022-09-30,300870.5253950895
37,State,North Dakota,2022-09-30,264832.35370135884
3,State,Alaska,2022-09-30,366985.0274158904
12,State,District of Columbia,2022-09-30,644687.3518568007
58,State,Vermont,2022-09-30,382951.6312937108
62,State,Wyoming,2022-09-30,331273.3384626117
9,State,California,2022-10-31,753895.5576307551
54,State,Texas,2022-10-31,319326.65361386497
14,State,Florida,2022-10-31,398252.4763617891
43,State,New York,2022-10-31,444730.144330855
47,State,Pennsylvania,2022-10-31,257222.87349879727
21,State,Illinois,2022-10-31,252875.6056762476
44,State,Ohio,2022-10-31,213617.95192200947
16,State,Georgia,2022-10-31,329108.89706662303
36,State,North Carolina,2022-10-31,326134.91113183205
30,State,Michigan,2022-10-31,235285.0327636534
40,State,New Jersey,2022-10-31,474822.4970638839
56,State,Virginia,2022-10-31,371238.5896697582
59,State,Washington,2022-10-31,594136.7038335645
8,State,Arizona,2022-10-31,452964.0209509759
26,State,Massachusetts,2022-10-31,583079.5698560403
53,State,Tennessee,2022-10-31,319168.230772214
22,State,Indiana,2022-10-31,228048.20457287817
27,State,Maryland,2022-10-31,403093.5917018755
32,State,Missouri,2022-10-31,239069.9827220289
60,State,Wisconsin,2022-10-31,284878.12755335757
10,State,Colorado,2022-10-31,565879.0737012982
31,State,Minnesota,2022-10-31,333101.776892789
51,State,South Carolina,2022-10-31,293073.1863093363
4,State,Alabama,2022-10-31,229564.25994482025
25,State,Louisiana,2022-10-31,225168.83128081632
24,State,Kentucky,2022-10-31,208059.07113960537
46,State,Oregon,2022-10-31,506952.4710804611
45,State,Oklahoma,2022-10-31,202760.40929770147
11,State,Connecticut,2022-10-31,359591.4404738213
55,State,Utah,2022-10-31,533633.748464613
19,State,Iowa,2022-10-31,212015.9763207589
42,State,Nevada,2022-10-31,455166.0927675525
6,State,Arkansas,2022-10-31,206602.25126233415
34,State,Mississippi,2022-10-31,190301.91800772923
23,State,Kansas,2022-10-31,216764.2112629712
41,State,New Mexico,2022-10-31,289663.51888590277
38,State,Nebraska,2022-10-31,248905.55680869927
20,State,Idaho,2022-10-31,488161.99665055895
61,State,West Virginia,2022-10-31,158028.33196068785
18,State,Hawaii,2022-10-31,844500.4930619039
39,State,New Hampshire,2022-10-31,438600.589258289
28,State,Maine,2022-10-31,373108.86420340213
50,State,Rhode Island,2022-10-31,428624.0471424429
35,State,Montana,2022-10-31,447249.3729737362
13,State,Delaware,2022-10-31,374247.9128428322
52,State,South Dakota,2022-10-31,300498.52134363324
37,State,North Dakota,2022-10-31,264922.1322339061
3,State,Alaska,2022-10-31,366188.7234355607
12,State,District of Columbia,2022-10-31,638618.1534420816
58,State,Vermont,2022-10-31,381714.226262908
62,State,Wyoming,2022-10-31,331621.25962656294
9,State,California,2022-11-30,748558.7918574557
54,State,Texas,2022-11-30,318281.7106287041
14,State,Florida,2022-11-30,397528.9299571092
43,State,New York,2022-11-30,443154.5771633938
47,State,Pennsylvania,2022-11-30,257429.76050536567
21,State,Illinois,2022-11-30,252371.645200802
44,State,Ohio,2022-11-30,213531.65888316743
16,State,Georgia,2022-11-30,328158.8265624033
36,State,North Carolina,2022-11-30,325409.68024151615
30,State,Michigan,2022-11-30,234497.3931909637
40,State,New Jersey,2022-11-30,474280.4732706758
56,State,Virginia,2022-11-30,370992.9758139576
59,State,Washington,2022-11-30,589500.7818903399
8,State,Arizona,2022-11-30,445813.060233549
26,State,Massachusetts,2022-11-30,581038.8019162688
53,State,Tennessee,2022-11-30,317870.523109395
22,State,Indiana,2022-11-30,227908.49929950316
27,State,Maryland,2022-11-30,402186.7109222715
32,State,Missouri,2022-11-30,238644.63702580825
60,State,Wisconsin,2022-11-30,284866.0126733017
10,State,Colorado,2022-11-30,561996.311345053
31,State,Minnesota,2022-11-30,332036.86318619264
51,State,South Carolina,2022-11-30,292965.6284375521
4,State,Alabama,2022-11-30,228998.4673994915
25,State,Louisiana,2022-11-30,223695.6604078042
24,State,Kentucky,2022-11-30,208459.42171084147
46,State,Oregon,2022-11-30,503443.1990939903
45,State,Oklahoma,2022-11-30,203375.31499753776
11,State,Connecticut,2022-11-30,359910.8922902337
55,State,Utah,2022-11-30,528141.5167995977
19,State,Iowa,2022-11-30,212316.0786248733
42,State,Nevada,2022-11-30,448365.66379294306
6,State,Arkansas,2022-11-30,206305.12398045615
34,State,Mississippi,2022-11-30,189262.06544377777
23,State,Kansas,2022-11-30,217174.81082471224
41,State,New Mexico,2022-11-30,289170.9235404535
38,State,Nebraska,2022-11-30,249179.34108895817
20,State,Idaho,2022-11-30,481170.61450566375
61,State,West Virginia,2022-11-30,157830.9956045243
18,State,Hawaii,2022-11-30,841415.31023551
39,State,New Hampshire,2022-11-30,438917.7522012934
28,State,Maine,2022-11-30,372103.1523218777
50,State,Rhode Island,2022-11-30,428382.3866773751
35,State,Montana,2022-11-30,444296.1302645291
13,State,Delaware,2022-11-30,373924.3643785824
52,State,South Dakota,2022-11-30,300457.33787497226
37,State,North Dakota,2022-11-30,265220.71545311966
3,State,Alaska,2022-11-30,365250.8640275756
12,State,District of Columbia,2022-11-30,634102.9925655233
58,State,Vermont,2022-11-30,381335.7754922344
62,State,Wyoming,2022-11-30,332335.34722625086
9,State,California,2022-12-31,743984.2270198431
54,State,Texas,2022-12-31,316939.02600577497
14,State,Florida,2022-12-31,396662.6524596464
43,State,New York,2022-12-31,441551.7249150513
47,State,Pennsylvania,2022-12-31,257646.3857623576
21,State,Illinois,2022-12-31,252097.77040167668
44,State,Ohio,2022-12-31,213418.2904588749
16,State,Georgia,2022-12-31,326997.2880617341
36,State,North Carolina,2022-12-31,324473.5303974765
30,State,Michigan,2022-12-31,233934.1973206752
40,State,New Jersey,2022-12-31,474570.1869331873
56,State,Virginia,2022-12-31,371120.98792302754
59,State,Washington,2022-12-31,586022.87092973
8,State,Arizona,2022-12-31,438784.87269629544
26,State,Massachusetts,2022-12-31,580524.9295407613
53,State,Tennessee,2022-12-31,316601.7647951489
22,State,Indiana,2022-12-31,227993.12626342865
27,State,Maryland,2022-12-31,402040.29936219915
32,State,Missouri,2022-12-31,238470.21956216497
60,State,Wisconsin,2022-12-31,285208.56576454453
10,State,Colorado,2022-12-31,558699.3086256167
31,State,Minnesota,2022-12-31,331148.52201696293
51,State,South Carolina,2022-12-31,292724.73624220997
4,State,Alabama,2022-12-31,228482.7665550201
25,State,Louisiana,2022-12-31,222374.5106716793
24,State,Kentucky,2022-12-31,208939.76192986185
46,State,Oregon,2022-12-31,500451.5214434176
45,State,Oklahoma,2022-12-31,203745.15477062436
11,State,Connecticut,2022-12-31,360563.0463822179
55,State,Utah,2022-12-31,523752.3594675996
19,State,Iowa,2022-12-31,212428.04790202493
42,State,Nevada,2022-12-31,442024.5348707231
6,State,Arkansas,2022-12-31,205912.88027180196
34,State,Mississippi,2022-12-31,188191.8518128791
23,State,Kansas,2022-12-31,217720.12892598205
41,State,New Mexico,2022-12-31,289093.7216157349
38,State,Nebraska,2022-12-31,249900.42089045537
20,State,Idaho,2022-12-31,474690.4878726619
61,State,West Virginia,2022-12-31,158063.2664577167
18,State,Hawaii,2022-12-31,838876.5103004576
39,State,New Hampshire,2022-12-31,439579.61632899934
28,State,Maine,2022-12-31,372216.2592156061
50,State,Rhode Island,2022-12-31,428584.3115712611
35,State,Montana,2022-12-31,441704.2871129526
13,State,Delaware,2022-12-31,374251.3158897034
52,State,South Dakota,2022-12-31,300563.99113041896
37,State,North Dakota,2022-12-31,265281.04548274475
3,State,Alaska,2022-12-31,364613.9959784421
12,State,District of Columbia,2022-12-31,631014.6216922189
58,State,Vermont,2022-12-31,381157.9496438629
62,State,Wyoming,2022-12-31,332819.91219894117
9,State,California,2023-01-31,736867.1730278466
54,State,Texas,2023-01-31,315167.4402919442
14,State,Florida,2023-01-31,395282.6882717395
43,State,New York,2023-01-31,439874.1107156928
47,State,Pennsylvania,2023-01-31,257457.364737039
21,State,Illinois,2023-01-31,251556.94932828497
44,State,Ohio,2023-01-31,212761.81620065123
16,State,Georgia,2023-01-31,325627.8985386431
36,State,North Carolina,2023-01-31,323035.8498156843
30,State,Michigan,2023-01-31,233515.3363836317
40,State,New Jersey,2023-01-31,475972.3262544845
56,State,Virginia,2023-01-31,371134.52001748065
59,State,Washington,2023-01-31,581488.4076640412
8,State,Arizona,2023-01-31,431763.1003467683
26,State,Massachusetts,2023-01-31,579619.7595755873
53,State,Tennessee,2023-01-31,315356.2251037371
22,State,Indiana,2023-01-31,227801.7262959202
27,State,Maryland,2023-01-31,402415.65789952106
32,State,Missouri,2023-01-31,238097.970706476
60,State,Wisconsin,2023-01-31,286670.00281712896
10,State,Colorado,2023-01-31,555003.0447782656
31,State,Minnesota,2023-01-31,330193.90803427197
51,State,South Carolina,2023-01-31,292100.25906223577
4,State,Alabama,2023-01-31,228042.5510239353
25,State,Louisiana,2023-01-31,221481.547442922
24,State,Kentucky,2023-01-31,208888.54995035616
46,State,Oregon,2023-01-31,497020.6414206613
45,State,Oklahoma,2023-01-31,203544.178847088
11,State,Connecticut,2023-01-31,360850.80354295514
55,State,Utah,2023-01-31,519864.9327729647
19,State,Iowa,2023-01-31,211942.48455149168
42,State,Nevada,2023-01-31,435769.26478200895
6,State,Arkansas,2023-01-31,205320.57928244324
34,State,Mississippi,2023-01-31,186845.64361512984
23,State,Kansas,2023-01-31,217928.20385431917
41,State,New Mexico,2023-01-31,288946.99357699114
38,State,Nebraska,2023-01-31,250080.20110566655
20,State,Idaho,2023-01-31,468540.20829032175
61,State,West Virginia,2023-01-31,157784.18220501882
18,State,Hawaii,2023-01-31,834234.5831247274
39,State,New Hampshire,2023-01-31,439587.37140078814
28,State,Maine,2023-01-31,372665.3150957635
50,State,Rhode Island,2023-01-31,428050.1779512493
35,State,Montana,2023-01-31,437692.4064388344
13,State,Delaware,2023-01-31,374663.81292543624
52,State,South Dakota,2023-01-31,300172.466052453
37,State,North Dakota,2023-01-31,264341.9419661807
3,State,Alaska,2023-01-31,363702.0452712659
12,State,District of Columbia,2023-01-31,628074.5436682807
58,State,Vermont,2023-01-31,382408.2754330651
62,State,Wyoming,2023-01-31,332463.90334997786
9,State,California,2023-02-28,729550.2734409593
54,State,Texas,2023-02-28,313482.7568690931
14,State,Florida,2023-02-28,394114.17054335354
43,State,New York,2023-02-28,438480.3534636845
47,State,Pennsylvania,2023-02-28,257051.5107573244
21,State,Illinois,2023-02-28,251321.77976588465
44,State,Ohio,2023-02-28,212381.9460073368
16,State,Georgia,2023-02-28,324731.22381744365
36,State,North Carolina,2023-02-28,321996.82935764117
30,State,Michigan,2023-02-28,233521.31597538435
40,State,New Jersey,2023-02-28,477411.3237601239
56,State,Virginia,2023-02-28,371403.0821780893
59,State,Washington,2023-02-28,577732.0961269042
8,State,Arizona,2023-02-28,426272.70166114136
26,State,Massachusetts,2023-02-28,578913.7431410803
53,State,Tennessee,2023-02-28,315017.0003686717
22,State,Indiana,2023-02-28,227918.7885955911
27,State,Maryland,2023-02-28,403311.01639217354
32,State,Missouri,2023-02-28,237989.52681164135
60,State,Wisconsin,2023-02-28,288487.8932466859
10,State,Colorado,2023-02-28,551801.2636723573
31,State,Minnesota,2023-02-28,329684.0141024618
51,State,South Carolina,2023-02-28,291536.925765698
4,State,Alabama,2023-02-28,227797.43607771155
25,State,Louisiana,2023-02-28,220832.74189722553
24,State,Kentucky,2023-02-28,208874.72808387165
46,State,Oregon,2023-02-28,494321.24489442335
45,State,Oklahoma,2023-02-28,203272.2669181251
11,State,Connecticut,2023-02-28,361674.65294631646
55,State,Utah,2023-02-28,516884.0077700401
19,State,Iowa,2023-02-28,211448.47922541504
42,State,Nevada,2023-02-28,430647.1369505236
6,State,Arkansas,2023-02-28,205056.7701476204
34,State,Mississippi,2023-02-28,185551.29624483443
23,State,Kansas,2023-02-28,217914.7695577979
41,State,New Mexico,2023-02-28,289149.7339114495
38,State,Nebraska,2023-02-28,250475.9330100465
20,State,Idaho,2023-02-28,463659.39633010654
61,State,West Virginia,2023-02-28,157475.51532905782
18,State,Hawaii,2023-02-28,829111.4842140557
39,State,New Hampshire,2023-02-28,440079.4132118763
28,State,Maine,2023-02-28,373714.8293684353
50,State,Rhode Island,2023-02-28,428072.6587859942
35,State,Montana,2023-02-28,433804.85193162394
13,State,Delaware,2023-02-28,375451.37230176345
52,State,South Dakota,2023-02-28,299641.66449944215
37,State,North Dakota,2023-02-28,263002.5117311146
3,State,Alaska,2023-02-28,362992.65807280294
12,State,District of Columbia,2023-02-28,625983.8914899826
58,State,Vermont,2023-02-28,383510.3127704126
62,State,Wyoming,2023-02-28,331919.8439430212
9,State,California,2023-03-31,724167.9831520333
54,State,Texas,2023-03-31,312358.33115965576
14,State,Florida,2023-03-31,393638.9041907617
43,State,New York,2023-03-31,438575.7323502538
47,State,Pennsylvania,2023-03-31,257212.01720520097
21,State,Illinois,2023-03-31,251734.77404536004
44,State,Ohio,2023-03-31,212655.44780639777
16,State,Georgia,2023-03-31,324844.57482658006
36,State,North Carolina,2023-03-31,321960.0123141877
30,State,Michigan,2023-03-31,234143.35080087735
40,State,New Jersey,2023-03-31,480155.31320639903
56,State,Virginia,2023-03-31,372288.12382827513
59,State,Washington,2023-03-31,575394.3800043938
8,State,Arizona,2023-03-31,423027.58354329714
26,State,Massachusetts,2023-03-31,579486.617606593
53,State,Tennessee,2023-03-31,315713.7497055158
22,State,Indiana,2023-03-31,228441.32237293167
27,State,Maryland,2023-03-31,404683.5528807671
32,State,Missouri,2023-03-31,238524.18273270052
60,State,Wisconsin,2023-03-31,291179.4223558362
10,State,Colorado,2023-03-31,549099.7111150956
31,State,Minnesota,2023-03-31,329951.3990371084
51,State,South Carolina,2023-03-31,291650.41374300723
4,State,Alabama,2023-03-31,228173.11275460583
25,State,Louisiana,2023-03-31,221228.99226078228
24,State,Kentucky,2023-03-31,209383.29139450265
46,State,Oregon,2023-03-31,492950.7192228385
45,State,Oklahoma,2023-03-31,203486.60247513265
11,State,Connecticut,2023-03-31,363438.53009685344
55,State,Utah,2023-03-31,514723.2713021164
19,State,Iowa,2023-03-31,211574.54830850687
42,State,Nevada,2023-03-31,426879.12401048286
6,State,Arkansas,2023-03-31,205544.68687601513
34,State,Mississippi,2023-03-31,184531.8593932225
23,State,Kansas,2023-03-31,218272.36320880137
41,State,New Mexico,2023-03-31,289862.9741716504
38,State,Nebraska,2023-03-31,251312.41281073293
20,State,Idaho,2023-03-31,460125.6251495301
61,State,West Virginia,2023-03-31,157332.34362114954
18,State,Hawaii,2023-03-31,825449.5279670338
39,State,New Hampshire,2023-03-31,441477.19299475785
28,State,Maine,2023-03-31,375547.57976598706
50,State,Rhode Island,2023-03-31,429390.7045896779
35,State,Montana,2023-03-31,431707.2449706623
13,State,Delaware,2023-03-31,376676.4298646124
52,State,South Dakota,2023-03-31,300073.4144861215
37,State,North Dakota,2023-03-31,262415.8672272891
3,State,Alaska,2023-03-31,362593.1909631288
12,State,District of Columbia,2023-03-31,624185.3573820726
58,State,Vermont,2023-03-31,385815.62425883184
62,State,Wyoming,2023-03-31,331978.72315763123
9,State,California,2023-04-30,723575.0973829776
54,State,Texas,2023-04-30,311970.3135819176
14,State,Florida,2023-04-30,394094.8864842104
43,State,New York,2023-04-30,440086.6060805682
47,State,Pennsylvania,2023-04-30,258059.7830434928
21,State,Illinois,2023-04-30,253147.0983731132
44,State,Ohio,2023-04-30,214034.19378710297
16,State,Georgia,2023-04-30,325806.0984788129
36,State,North Carolina,2023-04-30,323029.38850782305
30,State,Michigan,2023-04-30,235332.84504157785
40,State,New Jersey,2023-04-30,483927.9610186376
56,State,Virginia,2023-04-30,374158.7529617899
59,State,Washington,2023-04-30,575329.0685292921
8,State,Arizona,2023-04-30,421915.59471154114
26,State,Massachusetts,2023-04-30,582945.8508638242
53,State,Tennessee,2023-04-30,317420.1992641005
22,State,Indiana,2023-04-30,229892.93478351017
27,State,Maryland,2023-04-30,406465.198934416
32,State,Missouri,2023-04-30,240071.28230655065
60,State,Wisconsin,2023-04-30,294079.14288457535
10,State,Colorado,2023-04-30,547664.7431525503
31,State,Minnesota,2023-04-30,330938.60101708357
51,State,South Carolina,2023-04-30,292493.0706872
4,State,Alabama,2023-04-30,229266.4558875312
25,State,Louisiana,2023-04-30,221721.31941210365
24,State,Kentucky,2023-04-30,210682.54576439303
46,State,Oregon,2023-04-30,493299.6875050674
45,State,Oklahoma,2023-04-30,204387.23702572257
11,State,Connecticut,2023-04-30,366643.7331156043
55,State,Utah,2023-04-30,513434.0684732155
19,State,Iowa,2023-04-30,212648.41021579827
42,State,Nevada,2023-04-30,424737.0521867415
6,State,Arkansas,2023-04-30,206794.90101279583
34,State,Mississippi,2023-04-30,184902.6030969955
23,State,Kansas,2023-04-30,219348.2078498154
41,State,New Mexico,2023-04-30,291509.4151773043
38,State,Nebraska,2023-04-30,253133.37688745928
20,State,Idaho,2023-04-30,458338.83222306706
61,State,West Virginia,2023-04-30,157852.0436544039
18,State,Hawaii,2023-04-30,826874.365024773
39,State,New Hampshire,2023-04-30,444545.28411493223
28,State,Maine,2023-04-30,379029.710250807
50,State,Rhode Island,2023-04-30,432839.60681211576
35,State,Montana,2023-04-30,433232.3107676282
13,State,Delaware,2023-04-30,378220.1750027833
52,State,South Dakota,2023-04-30,301276.166010888
37,State,North Dakota,2023-04-30,262954.04446636204
3,State,Alaska,2023-04-30,362801.25393538194
12,State,District of Columbia,2023-04-30,622949.4712293941
58,State,Vermont,2023-04-30,388160.2985254329
62,State,Wyoming,2023-04-30,332924.490851322
9,State,California,2023-05-31,726594.8073223106
54,State,Texas,2023-05-31,312305.56978756614
14,State,Florida,2023-05-31,395173.79395029385
43,State,New York,2023-05-31,442559.3841981248
47,State,Pennsylvania,2023-05-31,259652.41090685132
21,State,Illinois,2023-05-31,255097.71909148377
44,State,Ohio,2023-05-31,216013.98407609412
16,State,Georgia,2023-05-31,327376.1954951888
36,State,North Carolina,2023-05-31,324700.9913279252
30,State,Michigan,2023-05-31,237060.092779064
40,State,New Jersey,2023-05-31,489335.8140792088
56,State,Virginia,2023-05-31,376820.3807046863
59,State,Washington,2023-05-31,576648.0277610476
8,State,Arizona,2023-05-31,422511.09048292553
26,State,Massachusetts,2023-05-31,588446.2800451972
53,State,Tennessee,2023-05-31,319278.9164521783
22,State,Indiana,2023-05-31,231647.8467332723
27,State,Maryland,2023-05-31,408886.3565191154
32,State,Missouri,2023-05-31,242025.24817494745
60,State,Wisconsin,2023-05-31,297162.49819907814
10,State,Colorado,2023-05-31,547539.6387335575
31,State,Minnesota,2023-05-31,332349.14785309794
51,State,South Carolina,2023-05-31,293856.31285699434
4,State,Alabama,2023-05-31,230899.75624685013
25,State,Louisiana,2023-05-31,222147.07668068833
24,State,Kentucky,2023-05-31,212468.43918588836
46,State,Oregon,2023-05-31,494883.8196937719
45,State,Oklahoma,2023-05-31,205648.08238107912
11,State,Connecticut,2023-05-31,370224.7995953134
55,State,Utah,2023-05-31,513138.3257099487
19,State,Iowa,2023-05-31,214218.91885092983
42,State,Nevada,2023-05-31,423892.8276730093
6,State,Arkansas,2023-05-31,208479.26411153527
34,State,Mississippi,2023-05-31,186126.66914344055
23,State,Kansas,2023-05-31,221010.09871088012
41,State,New Mexico,2023-05-31,293632.484747511
38,State,Nebraska,2023-05-31,255289.33246533936
20,State,Idaho,2023-05-31,457928.66046124074
61,State,West Virginia,2023-05-31,159189.626917901
18,State,Hawaii,2023-05-31,829931.2002088077
39,State,New Hampshire,2023-05-31,448263.9298461881
28,State,Maine,2023-05-31,383314.9787797022
50,State,Rhode Island,2023-05-31,437276.64823470823
35,State,Montana,2023-05-31,436977.12168566487
13,State,Delaware,2023-05-31,379995.9765492448
52,State,South Dakota,2023-05-31,302841.4802667406
37,State,North Dakota,2023-05-31,264048.0310230744
3,State,Alaska,2023-05-31,363505.6123164808
12,State,District of Columbia,2023-05-31,622085.249049253
58,State,Vermont,2023-05-31,391646.48646193155
62,State,Wyoming,2023-05-31,334663.3261717025
9,State,California,2023-06-30,731882.9471214587
54,State,Texas,2023-06-30,313175.43493525794
14,State,Florida,2023-06-30,396889.6459737164
43,State,New York,2023-06-30,445465.6599549907
47,State,Pennsylvania,2023-06-30,261540.68884758325
21,State,Illinois,2023-06-30,257330.02238340443
44,State,Ohio,2023-06-30,218232.6087474308
16,State,Georgia,2023-06-30,329137.9786762811
36,State,North Carolina,2023-06-30,326681.9781203654
30,State,Michigan,2023-06-30,238820.25860966585
40,State,New Jersey,2023-06-30,494574.91481115046
56,State,Virginia,2023-06-30,379892.2849515376
59,State,Washington,2023-06-30,579164.045215842
8,State,Arizona,2023-06-30,424290.3614897253
26,State,Massachusetts,2023-06-30,594765.4252812691
53,State,Tennessee,2023-06-30,321365.0642769584
22,State,Indiana,2023-06-30,233596.3997294521
27,State,Maryland,2023-06-30,411586.5776060188
32,State,Missouri,2023-06-30,243976.0385638726
60,State,Wisconsin,2023-06-30,299308.259850858
10,State,Colorado,2023-06-30,549017.3986468915
31,State,Minnesota,2023-06-30,333981.23257648485
51,State,South Carolina,2023-06-30,295612.2504678567
4,State,Alabama,2023-06-30,232348.99442973165
25,State,Louisiana,2023-06-30,221721.23578266404
24,State,Kentucky,2023-06-30,213948.6273944472
46,State,Oregon,2023-06-30,497265.12119451165
45,State,Oklahoma,2023-06-30,206836.10875573865
11,State,Connecticut,2023-06-30,374356.4116068033
55,State,Utah,2023-06-30,514220.29606256913
19,State,Iowa,2023-06-30,215831.6260037633
42,State,Nevada,2023-06-30,424448.52933743614
6,State,Arkansas,2023-06-30,209894.469908528
34,State,Mississippi,2023-06-30,187392.15218173695
23,State,Kansas,2023-06-30,222792.20255892145
41,State,New Mexico,2023-06-30,295656.1099483932
38,State,Nebraska,2023-06-30,257488.7348736768
20,State,Idaho,2023-06-30,458804.32272529014
61,State,West Virginia,2023-06-30,160601.34761930953
18,State,Hawaii,2023-06-30,833139.5572040243
39,State,New Hampshire,2023-06-30,452627.7022046205
28,State,Maine,2023-06-30,387947.3894409139
50,State,Rhode Island,2023-06-30,442032.3947423185
35,State,Montana,2023-06-30,441255.0952202639
13,State,Delaware,2023-06-30,381951.1393866259
52,State,South Dakota,2023-06-30,303950.27935554594
37,State,North Dakota,2023-06-30,265257.3907516763
3,State,Alaska,2023-06-30,365182.2855236533
12,State,District of Columbia,2023-06-30,622519.2600322791
58,State,Vermont,2023-06-30,394523.5467110916
62,State,Wyoming,2023-06-30,336725.9909170729
9,State,California,2023-07-31,739011.40371663
54,State,Texas,2023-07-31,313958.82787217427
14,State,Florida,2023-07-31,398634.6251927891
43,State,New York,2023-07-31,448547.38541119994
47,State,Pennsylvania,2023-07-31,263377.9305575662
21,State,Illinois,2023-07-31,259417.35225315424
44,State,Ohio,2023-07-31,220249.18394595143
16,State,Georgia,2023-07-31,330906.594397155
36,State,North Carolina,2023-07-31,328543.1101564818
30,State,Michigan,2023-07-31,240189.0799275901
40,State,New Jersey,2023-07-31,498794.9792281741
56,State,Virginia,2023-07-31,382635.66502699535
59,State,Washington,2023-07-31,582172.4265727485
8,State,Arizona,2023-07-31,426747.6854552892
26,State,Massachusetts,2023-07-31,600813.5841379324
53,State,Tennessee,2023-07-31,323049.89078807196
22,State,Indiana,2023-07-31,235153.59684022443
27,State,Maryland,2023-07-31,413672.17078559427
32,State,Missouri,2023-07-31,245487.0969387493
60,State,Wisconsin,2023-07-31,300439.4704855003
10,State,Colorado,2023-07-31,551173.6387858061
31,State,Minnesota,2023-07-31,335356.1255573702
51,State,South Carolina,2023-07-31,297052.36434759665
4,State,Alabama,2023-07-31,233058.2358073543
25,State,Louisiana,2023-07-31,220762.9895062644
24,State,Kentucky,2023-07-31,214838.20498584144
46,State,Oregon,2023-07-31,499456.5673816818
45,State,Oklahoma,2023-07-31,207660.04685484365
11,State,Connecticut,2023-07-31,379094.5245599464
55,State,Utah,2023-07-31,515922.2064632965
19,State,Iowa,2023-07-31,217048.03204344536
42,State,Nevada,2023-07-31,425998.3434461113
6,State,Arkansas,2023-07-31,210649.1695245872
34,State,Mississippi,2023-07-31,188148.90442759133
23,State,Kansas,2023-07-31,224280.83535127935
41,State,New Mexico,2023-07-31,297328.97828408587
38,State,Nebraska,2023-07-31,259236.99934297337
20,State,Idaho,2023-07-31,459975.5726793506
61,State,West Virginia,2023-07-31,161760.64617021754
18,State,Hawaii,2023-07-31,835127.9385176866
39,State,New Hampshire,2023-07-31,457078.9266030603
28,State,Maine,2023-07-31,391729.0688357042
50,State,Rhode Island,2023-07-31,446541.0432341173
35,State,Montana,2023-07-31,444749.20654460974
13,State,Delaware,2023-07-31,383866.8854500358
52,State,South Dakota,2023-07-31,304305.801748673
37,State,North Dakota,2023-07-31,265776.0668147768
3,State,Alaska,2023-07-31,366700.1583080818
12,State,District of Columbia,2023-07-31,623869.8709668382
58,State,Vermont,2023-07-31,396450.0958614423
62,State,Wyoming,2023-07-31,338422.4768361245
9,State,California,2023-08-31,747077.548661917
54,State,Texas,2023-08-31,314566.7499212692
14,State,Florida,2023-08-31,400363.8814055575
43,State,New York,2023-08-31,451679.3815456306
47,State,Pennsylvania,2023-08-31,265138.5106423562
21,State,Illinois,2023-08-31,261470.1939592533
44,State,Ohio,2023-08-31,221851.66750489632
16,State,Georgia,2023-08-31,332660.0416064028
36,State,North Carolina,2023-08-31,330372.6527276033
30,State,Michigan,2023-08-31,241423.1698039833
40,State,New Jersey,2023-08-31,502373.45819654735
56,State,Virginia,2023-08-31,384948.07232315285
59,State,Washington,2023-08-31,585347.0055063198
8,State,Arizona,2023-08-31,429414.7444877992
26,State,Massachusetts,2023-08-31,606736.9954884318
53,State,Tennessee,2023-08-31,324693.9419887471
22,State,Indiana,2023-08-31,236397.24505808388
27,State,Maryland,2023-08-31,415222.77609824645
32,State,Missouri,2023-08-31,246818.35424432
60,State,Wisconsin,2023-08-31,301681.8848515104
10,State,Colorado,2023-08-31,553516.8236128818
31,State,Minnesota,2023-08-31,336478.90931827977
51,State,South Carolina,2023-08-31,298326.2052907589
4,State,Alabama,2023-08-31,233111.50737281525
25,State,Louisiana,2023-08-31,219626.7565423261
24,State,Kentucky,2023-08-31,215191.69206290052
46,State,Oregon,2023-08-31,501265.4350202622
45,State,Oklahoma,2023-08-31,208091.0862462182
11,State,Connecticut,2023-08-31,384285.7692362813
55,State,Utah,2023-08-31,517738.7349148371
19,State,Iowa,2023-08-31,217902.50861588135
42,State,Nevada,2023-08-31,428566.5992590338
6,State,Arkansas,2023-08-31,210650.0373075492
34,State,Mississippi,2023-08-31,188402.6467614222
23,State,Kansas,2023-08-31,225600.86112644817
41,State,New Mexico,2023-08-31,298912.485013958
38,State,Nebraska,2023-08-31,260527.4417004852
20,State,Idaho,2023-08-31,461699.6343555145
61,State,West Virginia,2023-08-31,162431.21350787248
18,State,Hawaii,2023-08-31,837414.5509886706
39,State,New Hampshire,2023-08-31,461897.1699990402
28,State,Maine,2023-08-31,395166.9427743673
50,State,Rhode Island,2023-08-31,450513.29729755846
35,State,Montana,2023-08-31,447404.4679069631
13,State,Delaware,2023-08-31,385721.426283383
52,State,South Dakota,2023-08-31,304477.5847291623
37,State,North Dakota,2023-08-31,266045.1805074406
3,State,Alaska,2023-08-31,368064.8199109679
12,State,District of Columbia,2023-08-31,625387.1517391367
58,State,Vermont,2023-08-31,399126.95203149226
62,State,Wyoming,2023-08-31,340086.55329132196
9,State,California,2023-09-30,754785.5955182635
54,State,Texas,2023-09-30,314606.52470827283
14,State,Florida,2023-09-30,401566.4792880992
43,State,New York,2023-09-30,454337.2466484957
47,State,Pennsylvania,2023-09-30,266512.1539959484
21,State,Illinois,2023-09-30,263040.2670274301
44,State,Ohio,2023-09-30,223045.70723966416
16,State,Georgia,2023-09-30,334191.2804676659
36,State,North Carolina,2023-09-30,331874.3817265188
30,State,Michigan,2023-09-30,242382.15963743805
40,State,New Jersey,2023-09-30,505456.63337829337
56,State,Virginia,2023-09-30,386836.34360854625
59,State,Washington,2023-09-30,587758.2766574952
8,State,Arizona,2023-09-30,431632.0987106608
26,State,Massachusetts,2023-09-30,612064.0533449712
53,State,Tennessee,2023-09-30,325989.9688311277
22,State,Indiana,2023-09-30,237228.3404979417
27,State,Maryland,2023-09-30,416027.5100375395
32,State,Missouri,2023-09-30,247800.8496417736
60,State,Wisconsin,2023-09-30,303053.8105289382
10,State,Colorado,2023-09-30,555439.9336259345
31,State,Minnesota,2023-09-30,337265.547150731
51,State,South Carolina,2023-09-30,299219.0402663452
4,State,Alabama,2023-09-30,232895.82784531475
25,State,Louisiana,2023-09-30,218494.70106140865
24,State,Kentucky,2023-09-30,215672.7141024764
46,State,Oregon,2023-09-30,502124.6237622313
45,State,Oklahoma,2023-09-30,208332.44127093817
11,State,Connecticut,2023-09-30,389039.5595819597
55,State,Utah,2023-09-30,518925.072766608
19,State,Iowa,2023-09-30,218361.0273319307
42,State,Nevada,2023-09-30,431028.3003029327
6,State,Arkansas,2023-09-30,210586.329107841
34,State,Mississippi,2023-09-30,188512.85530140207
23,State,Kansas,2023-09-30,226626.18506084825
41,State,New Mexico,2023-09-30,300284.2651706924
38,State,Nebraska,2023-09-30,261130.2414159513
20,State,Idaho,2023-09-30,463094.50897085114
61,State,West Virginia,2023-09-30,162539.2029642919
18,State,Hawaii,2023-09-30,839632.3730944813
39,State,New Hampshire,2023-09-30,466526.7171161799
28,State,Maine,2023-09-30,398219.7663209027
50,State,Rhode Island,2023-09-30,453706.2437458804
35,State,Montana,2023-09-30,449328.8849713421
13,State,Delaware,2023-09-30,387632.44178663223
52,State,South Dakota,2023-09-30,304300.6024979157
37,State,North Dakota,2023-09-30,265470.8991094921
3,State,Alaska,2023-09-30,368288.04890933615
12,State,District of Columbia,2023-09-30,625941.4170144616
58,State,Vermont,2023-09-30,401974.0741048189
62,State,Wyoming,2023-09-30,341434.7066207968
9,State,California,2023-10-31,761053.1635676717
54,State,Texas,2023-10-31,314365.11336516356
14,State,Florida,2023-10-31,402656.120214972
43,State,New York,2023-10-31,456221.36960059736
47,State,Pennsylvania,2023-10-31,267442.20349220076
21,State,Illinois,2023-10-31,264303.3081278523
44,State,Ohio,2023-10-31,223886.055386146
16,State,Georgia,2023-10-31,335444.8295457497
36,State,North Carolina,2023-10-31,333050.04519530485
30,State,Michigan,2023-10-31,243145.51472559152
40,State,New Jersey,2023-10-31,508432.30678404105
56,State,Virginia,2023-10-31,388221.7448279402
59,State,Washington,2023-10-31,589464.1222547864
8,State,Arizona,2023-10-31,433476.7743362552
26,State,Massachusetts,2023-10-31,616555.0963713484
53,State,Tennessee,2023-10-31,327074.07905651804
22,State,Indiana,2023-10-31,237677.916891527
27,State,Maryland,2023-10-31,416524.1989291247
32,State,Missouri,2023-10-31,248407.07782488255
60,State,Wisconsin,2023-10-31,303876.939990575
10,State,Colorado,2023-10-31,556652.5032757461
31,State,Minnesota,2023-10-31,337413.3158517058
51,State,South Carolina,2023-10-31,300038.3411273831
4,State,Alabama,2023-10-31,232706.7569175058
25,State,Louisiana,2023-10-31,217478.8469013101
24,State,Kentucky,2023-10-31,216358.2193985997
46,State,Oregon,2023-10-31,502445.78439284954
45,State,Oklahoma,2023-10-31,208798.97782379368
11,State,Connecticut,2023-10-31,392654.19078667945
55,State,Utah,2023-10-31,520459.305229822
19,State,Iowa,2023-10-31,218689.6027059854
42,State,Nevada,2023-10-31,433298.3603174147
6,State,Arkansas,2023-10-31,210628.72838976712
34,State,Mississippi,2023-10-31,188332.00009133757
23,State,Kansas,2023-10-31,227272.04198720132
41,State,New Mexico,2023-10-31,301468.2875152749
38,State,Nebraska,2023-10-31,261270.5354373336
20,State,Idaho,2023-10-31,464577.4181472896
61,State,West Virginia,2023-10-31,162487.8904824635
18,State,Hawaii,2023-10-31,839253.498550761
39,State,New Hampshire,2023-10-31,470300.6694490194
28,State,Maine,2023-10-31,400782.9959344657
50,State,Rhode Island,2023-10-31,456385.9984649068
35,State,Montana,2023-10-31,450460.1283114636
13,State,Delaware,2023-10-31,389138.27574317786
52,State,South Dakota,2023-10-31,304024.4721174093
37,State,North Dakota,2023-10-31,264541.1285844381
3,State,Alaska,2023-10-31,367848.87629149895
12,State,District of Columbia,2023-10-31,625077.2079162443
58,State,Vermont,2023-10-31,403968.0304388579
62,State,Wyoming,2023-10-31,342726.4216283672
9,State,California,2023-11-30,765538.284589109
54,State,Texas,2023-11-30,313852.775497836
14,State,Florida,2023-11-30,403611.50107694784
43,State,New York,2023-11-30,457794.80835892615
47,State,Pennsylvania,2023-11-30,268001.0325832342
21,State,Illinois,2023-11-30,265197.0849660715
44,State,Ohio,2023-11-30,224534.27705509277
16,State,Georgia,2023-11-30,336369.15733077883
36,State,North Carolina,2023-11-30,334055.69473944645
30,State,Michigan,2023-11-30,243600.53583343417
40,State,New Jersey,2023-11-30,511353.85299702553
56,State,Virginia,2023-11-30,389279.91206198576
59,State,Washington,2023-11-30,590369.0101213047
8,State,Arizona,2023-11-30,434850.2083670555
26,State,Massachusetts,2023-11-30,619998.1872747869
53,State,Tennessee,2023-11-30,327937.78898534295
22,State,Indiana,2023-11-30,237801.89973854172
27,State,Maryland,2023-11-30,416533.5770464814
32,State,Missouri,2023-11-30,248600.05164289929
60,State,Wisconsin,2023-11-30,304127.9738164277
10,State,Colorado,2023-11-30,556968.6865914863
31,State,Minnesota,2023-11-30,337322.2873261568
51,State,South Carolina,2023-11-30,300818.8728384997
4,State,Alabama,2023-11-30,232750.75366507084
25,State,Louisiana,2023-11-30,216635.62009395089
24,State,Kentucky,2023-11-30,217198.01049117287
46,State,Oregon,2023-11-30,502114.9092184493
45,State,Oklahoma,2023-11-30,209430.20704304616
11,State,Connecticut,2023-11-30,395341.0456373144
55,State,Utah,2023-11-30,521550.3733268551
19,State,Iowa,2023-11-30,218881.24566323071
42,State,Nevada,2023-11-30,435303.2676274698
6,State,Arkansas,2023-11-30,210890.6382710674
34,State,Mississippi,2023-11-30,187649.17649952727
23,State,Kansas,2023-11-30,227421.931229719
41,State,New Mexico,2023-11-30,302359.9661283449
38,State,Nebraska,2023-11-30,261303.9939108228
20,State,Idaho,2023-11-30,465040.15900351614
61,State,West Virginia,2023-11-30,162604.76728118508
18,State,Hawaii,2023-11-30,838746.1821707297
39,State,New Hampshire,2023-11-30,472509.61507389793
28,State,Maine,2023-11-30,402460.4744982089
50,State,Rhode Island,2023-11-30,458452.4642115049
35,State,Montana,2023-11-30,450817.0265085566
13,State,Delaware,2023-11-30,390792.3733724007
52,State,South Dakota,2023-11-30,303887.05659741885
37,State,North Dakota,2023-11-30,263399.89935504826
3,State,Alaska,2023-11-30,366879.4559867185
12,State,District of Columbia,2023-11-30,622749.6703281826
58,State,Vermont,2023-11-30,404641.0471001225
62,State,Wyoming,2023-11-30,343136.09178123367
9,State,California,2023-12-31,768393.8474900593
54,State,Texas,2023-12-31,313219.93236330495
14,State,Florida,2023-12-31,404464.15541748033
43,State,New York,2023-12-31,459517.8310739589
47,State,Pennsylvania,2023-12-31,268458.9648698433
21,State,Illinois,2023-12-31,265863.53927381645
44,State,Ohio,2023-12-31,224981.40316863472
16,State,Georgia,2023-12-31,336975.76317787584
36,State,North Carolina,2023-12-31,334566.79123432183
30,State,Michigan,2023-12-31,243870.93727731623
40,State,New Jersey,2023-12-31,514125.1741668107
56,State,Virginia,2023-12-31,390065.2915825278
59,State,Washington,2023-12-31,590884.7707348499
8,State,Arizona,2023-12-31,435542.6994964998
26,State,Massachusetts,2023-12-31,622645.3193054356
53,State,Tennessee,2023-12-31,328366.14444700856
22,State,Indiana,2023-12-31,237771.5425558472
27,State,Maryland,2023-12-31,416551.08233918314
32,State,Missouri,2023-12-31,248617.11255304536
60,State,Wisconsin,2023-12-31,303827.94765666034
10,State,Colorado,2023-12-31,556763.3956776841
31,State,Minnesota,2023-12-31,336913.8216992486
51,State,South Carolina,2023-12-31,301347.1524857415
4,State,Alabama,2023-12-31,232680.49153208057
25,State,Louisiana,2023-12-31,215921.29393358063
24,State,Kentucky,2023-12-31,217853.2569207799
46,State,Oregon,2023-12-31,501747.2160806661
45,State,Oklahoma,2023-12-31,210090.4954657785
11,State,Connecticut,2023-12-31,397569.89015443745
55,State,Utah,2023-12-31,522009.97084145946
19,State,Iowa,2023-12-31,218980.1738525007
42,State,Nevada,2023-12-31,437243.2370667006
6,State,Arkansas,2023-12-31,211024.57747319923
34,State,Mississippi,2023-12-31,187166.71055119217
23,State,Kansas,2023-12-31,227167.50966068357
41,State,New Mexico,2023-12-31,302913.56413249945
38,State,Nebraska,2023-12-31,261439.2719168478
20,State,Idaho,2023-12-31,464983.7341819344
61,State,West Virginia,2023-12-31,162851.0767688613
18,State,Hawaii,2023-12-31,838028.6213722647
39,State,New Hampshire,2023-12-31,473764.5993018411
28,State,Maine,2023-12-31,403333.2844049695
50,State,Rhode Island,2023-12-31,460572.6318045435
35,State,Montana,2023-12-31,450658.5519370141
13,State,Delaware,2023-12-31,391869.9293634262
52,State,South Dakota,2023-12-31,303485.18924451014
37,State,North Dakota,2023-12-31,262009.76174331395
3,State,Alaska,2023-12-31,365941.7909370489
12,State,District of Columbia,2023-12-31,620063.0686100948
58,State,Vermont,2023-12-31,403992.24278841965
62,State,Wyoming,2023-12-31,342776.6846304478
9,State,California,2024-01-31,768935.0297447331
54,State,Texas,2024-01-31,313011.9656782444
14,State,Florida,2024-01-31,405187.3555077219
43,State,New York,2024-01-31,461343.9880870247
47,State,Pennsylvania,2024-01-31,268985.7692537193
21,State,Illinois,2024-01-31,266350.42827415
44,State,Ohio,2024-01-31,225411.2825963992
16,State,Georgia,2024-01-31,337428.85822346556
36,State,North Carolina,2024-01-31,334861.75096178526
30,State,Michigan,2024-01-31,244220.56039378748
40,State,New Jersey,2024-01-31,516714.65109272505
56,State,Virginia,2024-01-31,390692.55096918746
59,State,Washington,2024-01-31,591356.6526572504
8,State,Arizona,2024-01-31,435825.7653028893
26,State,Massachusetts,2024-01-31,624346.894826064
53,State,Tennessee,2024-01-31,328472.973405204
22,State,Indiana,2024-01-31,238273.91942532163
27,State,Maryland,2024-01-31,416624.5224482044
32,State,Missouri,2024-01-31,248788.7110070108
60,State,Wisconsin,2024-01-31,303845.4501324988
10,State,Colorado,2024-01-31,556333.2631565697
31,State,Minnesota,2024-01-31,336647.58077194897
51,State,South Carolina,2024-01-31,301686.44098833617
4,State,Alabama,2024-01-31,232398.61375894136
25,State,Louisiana,2024-01-31,214960.42296953392
24,State,Kentucky,2024-01-31,218029.5628825816
46,State,Oregon,2024-01-31,501502.79559014784
45,State,Oklahoma,2024-01-31,210470.32873424547
11,State,Connecticut,2024-01-31,399502.0473800523
55,State,Utah,2024-01-31,521574.9219526974
19,State,Iowa,2024-01-31,219025.07610063977
42,State,Nevada,2024-01-31,438884.91183861176
6,State,Arkansas,2024-01-31,210991.1170919009
34,State,Mississippi,2024-01-31,186839.01249919823
23,State,Kansas,2024-01-31,227030.98708615056
41,State,New Mexico,2024-01-31,303429.79171009624
38,State,Nebraska,2024-01-31,261986.4915196045
20,State,Idaho,2024-01-31,464436.1772609477
61,State,West Virginia,2024-01-31,163062.76503295347
18,State,Hawaii,2024-01-31,838287.4854401463
39,State,New Hampshire,2024-01-31,474546.2990857914
28,State,Maine,2024-01-31,403662.0662539005
50,State,Rhode Island,2024-01-31,461917.5049326604
35,State,Montana,2024-01-31,451148.6082581736
13,State,Delaware,2024-01-31,392325.4625297562
52,State,South Dakota,2024-01-31,303703.6131503519
37,State,North Dakota,2024-01-31,261275.94963561688
3,State,Alaska,2024-01-31,366159.63612486137
12,State,District of Columbia,2024-01-31,617347.238814629
58,State,Vermont,2024-01-31,403220.86866067536
62,State,Wyoming,2024-01-31,342248.9039552415
9,State,California,2024-02-29,768779.4447029146
54,State,Texas,2024-02-29,313284.02301931876
14,State,Florida,2024-02-29,405933.1470506562
43,State,New York,2024-02-29,463599.2317211795
47,State,Pennsylvania,2024-02-29,269848.24860930425
21,State,Illinois,2024-02-29,267435.3760796781
44,State,Ohio,2024-02-29,226225.26177515023
16,State,Georgia,2024-02-29,338123.4651324681
36,State,North Carolina,2024-02-29,335287.43782042013
30,State,Michigan,2024-02-29,245177.81627645556
40,State,New Jersey,2024-02-29,520363.984729179
56,State,Virginia,2024-02-29,391784.0700755597
59,State,Washington,2024-02-29,592472.4324023892
8,State,Arizona,2024-02-29,436364.50324973
26,State,Massachusetts,2024-02-29,626426.1641011898
53,State,Tennessee,2024-02-29,328858.6117568099
22,State,Indiana,2024-02-29,239329.94871367572
27,State,Maryland,2024-02-29,417677.08853270346
32,State,Missouri,2024-02-29,249472.68885657363
60,State,Wisconsin,2024-02-29,304790.30784912227
10,State,Colorado,2024-02-29,556426.6573295476
31,State,Minnesota,2024-02-29,336879.90432732936
51,State,South Carolina,2024-02-29,302255.5802783268
4,State,Alabama,2024-02-29,232311.58696608865
25,State,Louisiana,2024-02-29,214707.92513563985
24,State,Kentucky,2024-02-29,218384.93403379488
46,State,Oregon,2024-02-29,501692.7286829087
45,State,Oklahoma,2024-02-29,210909.8876998152
11,State,Connecticut,2024-02-29,401899.486883761
55,State,Utah,2024-02-29,521721.7808934751
19,State,Iowa,2024-02-29,219471.33215335908
42,State,Nevada,2024-02-29,440673.5131233923
6,State,Arkansas,2024-02-29,211340.43886224565
34,State,Mississippi,2024-02-29,187180.35270391635
23,State,Kansas,2024-02-29,227570.98392652776
41,State,New Mexico,2024-02-29,304052.9415203012
38,State,Nebraska,2024-02-29,262895.3921714122
20,State,Idaho,2024-02-29,465033.2340480219
61,State,West Virginia,2024-02-29,163594.59706838
18,State,Hawaii,2024-02-29,838168.1007771654
39,State,New Hampshire,2024-02-29,476412.2483067161
28,State,Maine,2024-02-29,404652.930148372
50,State,Rhode Island,2024-02-29,463536.14001674455
35,State,Montana,2024-02-29,453115.3959071785
13,State,Delaware,2024-02-29,392195.10757485806
52,State,South Dakota,2024-02-29,304681.48745701066
37,State,North Dakota,2024-02-29,261390.41200872735
3,State,Alaska,2024-02-29,367161.23328476056
12,State,District of Columbia,2024-02-29,616389.0946604342
58,State,Vermont,2024-02-29,402711.00808302104
62,State,Wyoming,2024-02-29,342504.459549046
9,State,California,2024-03-31,770288.5313275233
54,State,Texas,2024-03-31,314193.3151491449
14,State,Florida,2024-03-31,406818.80377854826
43,State,New York,2024-03-31,466633.2636058277
47,State,Pennsylvania,2024-03-31,271221.9817098756
21,State,Illinois,2024-03-31,269402.59893949865
44,State,Ohio,2024-03-31,227839.01750716908
16,State,Georgia,2024-03-31,339481.9631765007
36,State,North Carolina,2024-03-31,336676.167040434
30,State,Michigan,2024-03-31,247096.3275068004
40,State,New Jersey,2024-03-31,525421.628510045
56,State,Virginia,2024-03-31,393924.47256269463
59,State,Washington,2024-03-31,595178.6357020884
8,State,Arizona,2024-03-31,437679.1005787393
26,State,Massachusetts,2024-03-31,630160.6785749526
53,State,Tennessee,2024-03-31,330241.1465875462
22,State,Indiana,2024-03-31,241130.61533753527
27,State,Maryland,2024-03-31,420046.6165266538
32,State,Missouri,2024-03-31,250648.7663630953
60,State,Wisconsin,2024-03-31,307265.2143483445
10,State,Colorado,2024-03-31,557177.5482217316
31,State,Minnesota,2024-03-31,338079.1292299291
51,State,South Carolina,2024-03-31,303435.8085295029
4,State,Alabama,2024-03-31,233076.0344638593
25,State,Louisiana,2024-03-31,215030.51739795096
24,State,Kentucky,2024-03-31,219303.78361362944
46,State,Oregon,2024-03-31,502652.9859042856
45,State,Oklahoma,2024-03-31,211637.3534954907
11,State,Connecticut,2024-03-31,405308.6243663744
55,State,Utah,2024-03-31,523070.75498531334
19,State,Iowa,2024-03-31,220709.2062991518
42,State,Nevada,2024-03-31,442717.78334021306
6,State,Arkansas,2024-03-31,212396.36151498152
34,State,Mississippi,2024-03-31,188261.8637980126
23,State,Kansas,2024-03-31,229111.16102222187
41,State,New Mexico,2024-03-31,305639.69264450815
38,State,Nebraska,2024-03-31,264340.708635426
20,State,Idaho,2024-03-31,466822.2750297161
61,State,West Virginia,2024-03-31,164893.85145616674
18,State,Hawaii,2024-03-31,840844.0697908212
39,State,New Hampshire,2024-03-31,479859.66028178134
28,State,Maine,2024-03-31,406837.01398184645
50,State,Rhode Island,2024-03-31,466314.507126779
35,State,Montana,2024-03-31,455829.9992221019
13,State,Delaware,2024-03-31,392892.3430851749
52,State,South Dakota,2024-03-31,306775.76124510454
37,State,North Dakota,2024-03-31,262840.43571080646
3,State,Alaska,2024-03-31,368742.3852753797
12,State,District of Columbia,2024-03-31,616615.1355909682
58,State,Vermont,2024-03-31,403934.78981137933
62,State,Wyoming,2024-03-31,343733.34309302777
9,State,California,2024-04-30,774219.2513873832
54,State,Texas,2024-04-30,315085.57853632973
14,State,Florida,2024-04-30,407515.9524149508
43,State,New York,2024-04-30,470341.90959232213
47,State,Pennsylvania,2024-04-30,272954.693616079
21,State,Illinois,2024-04-30,271942.1403996732
44,State,Ohio,2024-04-30,229908.94801034476
16,State,Georgia,2024-04-30,341174.65783104004
36,State,North Carolina,2024-04-30,338512.8629609815
30,State,Michigan,2024-04-30,249453.2572704778
40,State,New Jersey,2024-04-30,531173.846496876
56,State,Virginia,2024-04-30,396825.0053659862
59,State,Washington,2024-04-30,598775.114116972
8,State,Arizona,2024-04-30,439288.144078436
26,State,Massachusetts,2024-04-30,635336.9079760436
53,State,Tennessee,2024-04-30,332290.78365679906
22,State,Indiana,2024-04-30,243009.7075303273
27,State,Maryland,2024-04-30,423084.21379347745
32,State,Missouri,2024-04-30,252070.1986919079
60,State,Wisconsin,2024-04-30,310596.50669748307
10,State,Colorado,2024-04-30,558535.7450506702
31,State,Minnesota,2024-04-30,339562.39366871136
51,State,South Carolina,2024-04-30,304953.6949911053
4,State,Alabama,2024-04-30,234478.2535239196
25,State,Louisiana,2024-04-30,216016.06066910003
24,State,Kentucky,2024-04-30,221216.37324644357
46,State,Oregon,2024-04-30,503770.1115036056
45,State,Oklahoma,2024-04-30,212707.68809241024
11,State,Connecticut,2024-04-30,409098.54881808255
55,State,Utah,2024-04-30,524652.0160646829
19,State,Iowa,2024-04-30,222437.3806265213
42,State,Nevada,2024-04-30,445388.0941403679
6,State,Arkansas,2024-04-30,213994.9286935177
34,State,Mississippi,2024-04-30,189743.6918493271
23,State,Kansas,2024-04-30,231067.3563864494
41,State,New Mexico,2024-04-30,307490.3187934438
38,State,Nebraska,2024-04-30,265796.4862693941
20,State,Idaho,2024-04-30,468958.6441339529
61,State,West Virginia,2024-04-30,166602.7365296428
18,State,Hawaii,2024-04-30,846028.046952283
39,State,New Hampshire,2024-04-30,484451.0184332768
28,State,Maine,2024-04-30,409796.7716472945
50,State,Rhode Island,2024-04-30,470412.7364878344
35,State,Montana,2024-04-30,458270.05327830435
13,State,Delaware,2024-04-30,394551.5315162288
52,State,South Dakota,2024-04-30,308798.664461239
37,State,North Dakota,2024-04-30,264743.6985347367
3,State,Alaska,2024-04-30,369874.1444654667
12,State,District of Columbia,2024-04-30,617150.83162545
58,State,Vermont,2024-04-30,406562.4881576241
62,State,Wyoming,2024-04-30,345345.7786446586
9,State,California,2024-05-31,778789.1438167249
54,State,Texas,2024-05-31,315430.70544366573
14,State,Florida,2024-05-31,407643.5861666059
43,State,New York,2024-05-31,473750.7049089605
47,State,Pennsylvania,2024-05-31,274497.7442972483
21,State,Illinois,2024-05-31,273794.4260738432
44,State,Ohio,2024-05-31,231779.3964381405
16,State,Georgia,2024-05-31,342557.5494606642
36,State,North Carolina,2024-05-31,340221.5347857961
30,State,Michigan,2024-05-31,251144.65328230217
40,State,New Jersey,2024-05-31,535609.5625147576
56,State,Virginia,2024-05-31,399432.83854388417
59,State,Washington,2024-05-31,602018.2263064337
8,State,Arizona,2024-05-31,440564.2638231313
26,State,Massachusetts,2024-05-31,639977.3331080046
53,State,Tennessee,2024-05-31,334295.7302897801
22,State,Indiana,2024-05-31,244558.28808540164
27,State,Maryland,2024-05-31,425388.1564758153
32,State,Missouri,2024-05-31,253067.5248698368
60,State,Wisconsin,2024-05-31,312976.7202746078
10,State,Colorado,2024-05-31,559344.6451921345
31,State,Minnesota,2024-05-31,340379.94547120645
51,State,South Carolina,2024-05-31,306193.645569859
4,State,Alabama,2024-05-31,235799.0313059781
25,State,Louisiana,2024-05-31,216609.6860929115
24,State,Kentucky,2024-05-31,222940.50671938853
46,State,Oregon,2024-05-31,504709.41669802833
45,State,Oklahoma,2024-05-31,213558.03058573304
11,State,Connecticut,2024-05-31,412294.0979310355
55,State,Utah,2024-05-31,525533.1819525572
19,State,Iowa,2024-05-31,224050.0864911182
42,State,Nevada,2024-05-31,448008.2862200321
6,State,Arkansas,2024-05-31,215354.70938343435
34,State,Mississippi,2024-05-31,190876.00071606203
23,State,Kansas,2024-05-31,232846.3411573094
41,State,New Mexico,2024-05-31,308998.7816840599
38,State,Nebraska,2024-05-31,266883.60798465606
20,State,Idaho,2024-05-31,470313.3469879613
61,State,West Virginia,2024-05-31,168221.34728923734
18,State,Hawaii,2024-05-31,850815.1047312791
39,State,New Hampshire,2024-05-31,488334.57381596114
28,State,Maine,2024-05-31,412108.8573371353
50,State,Rhode Island,2024-05-31,474772.28952683666
35,State,Montana,2024-05-31,459143.9600852242
13,State,Delaware,2024-05-31,396017.60752391536
52,State,South Dakota,2024-05-31,309991.7464117438
37,State,North Dakota,2024-05-31,266287.1913324473
3,State,Alaska,2024-05-31,370782.7192347173
12,State,District of Columbia,2024-05-31,616313.6875404188
58,State,Vermont,2024-05-31,408887.89709000307
62,State,Wyoming,2024-05-31,346702.94004285015
9,State,California,2024-06-30,781306.1117809162
54,State,Texas,2024-06-30,315189.47416074906
14,State,Florida,2024-06-30,406837.9493424424
43,State,New York,2024-06-30,476491.6649224821
47,State,Pennsylvania,2024-06-30,275416.28939573927
21,State,Illinois,2024-06-30,274962.52309535147
44,State,Ohio,2024-06-30,233042.52206867104
16,State,Georgia,2024-06-30,343181.90591041435
36,State,North Carolina,2024-06-30,340917.367719182
30,State,Michigan,2024-06-30,252137.32206372183
40,State,New Jersey,2024-06-30,538656.1120109302
56,State,Virginia,2024-06-30,400997.2886660755
59,State,Washington,2024-06-30,603396.17353682
8,State,Arizona,2024-06-30,440827.6431274824
26,State,Massachusetts,2024-06-30,642800.2477141317
53,State,Tennessee,2024-06-30,335325.9031781827
22,State,Indiana,2024-06-30,245434.3853046699
27,State,Maryland,2024-06-30,426058.0463038667
32,State,Missouri,2024-06-30,253697.73931725704
60,State,Wisconsin,2024-06-30,314600.37363963947
10,State,Colorado,2024-06-30,559148.2966737923
31,State,Minnesota,2024-06-30,340203.1336241485
51,State,South Carolina,2024-06-30,306817.5280346349
4,State,Alabama,2024-06-30,236355.58403269388
25,State,Louisiana,2024-06-30,216513.73684678352
24,State,Kentucky,2024-06-30,224186.77999790883
46,State,Oregon,2024-06-30,504801.6254475372
45,State,Oklahoma,2024-06-30,214071.47823046808
11,State,Connecticut,2024-06-30,414251.95891010255
55,State,Utah,2024-06-30,525186.6295177954
19,State,Iowa,2024-06-30,224956.86348116363
42,State,Nevada,2024-06-30,450167.8842473918
6,State,Arkansas,2024-06-30,216226.29094352343
34,State,Mississippi,2024-06-30,191143.3749139794
23,State,Kansas,2024-06-30,234213.12481457667
41,State,New Mexico,2024-06-30,309466.92120807804
38,State,Nebraska,2024-06-30,267289.1414392718
20,State,Idaho,2024-06-30,470648.9598893852
61,State,West Virginia,2024-06-30,169375.76476545873
18,State,Hawaii,2024-06-30,851796.1299713725
39,State,New Hampshire,2024-06-30,490741.61258720065
28,State,Maine,2024-06-30,412926.8316328789
50,State,Rhode Island,2024-06-30,477977.2984640628
35,State,Montana,2024-06-30,459121.1675029539
13,State,Delaware,2024-06-30,396294.5969850301
52,State,South Dakota,2024-06-30,310288.7275053019
37,State,North Dakota,2024-06-30,267510.6154396445
3,State,Alaska,2024-06-30,371357.621471981
12,State,District of Columbia,2024-06-30,613209.7995808529
58,State,Vermont,2024-06-30,410364.123485537
62,State,Wyoming,2024-06-30,347457.18029431364
9,State,California,2024-07-31,783338.6866957421
54,State,Texas,2024-07-31,314605.6392441721
14,State,Florida,2024-07-31,405755.0224605657
43,State,New York,2024-07-31,479054.2958610227
47,State,Pennsylvania,2024-07-31,275766.6102142669
21,State,Illinois,2024-07-31,275631.92232777353
44,State,Ohio,2024-07-31,233883.13518056608
16,State,Georgia,2024-07-31,343413.9150401691
36,State,North Carolina,2024-07-31,341069.86578808964
30,State,Michigan,2024-07-31,252448.732212803
40,State,New Jersey,2024-07-31,541312.3909556239
56,State,Virginia,2024-07-31,401939.19967069494
59,State,Washington,2024-07-31,603959.7705824721
8,State,Arizona,2024-07-31,440450.420282975
26,State,Massachusetts,2024-07-31,644785.7586927674
53,State,Tennessee,2024-07-31,335724.32440267556
22,State,Indiana,2024-07-31,245861.44296993603
27,State,Maryland,2024-07-31,425804.9340569034
32,State,Missouri,2024-07-31,254188.48604520017
60,State,Wisconsin,2024-07-31,315510.42236171523
10,State,Colorado,2024-07-31,558839.6966678677
31,State,Minnesota,2024-07-31,339842.8819737287
51,State,South Carolina,2024-07-31,307094.1379277515
4,State,Alabama,2024-07-31,236432.8468449262
25,State,Louisiana,2024-07-31,215944.61232572023
24,State,Kentucky,2024-07-31,224704.6384562047
46,State,Oregon,2024-07-31,504884.79265869857
45,State,Oklahoma,2024-07-31,214304.2691497431
11,State,Connecticut,2024-07-31,415807.3381332873
55,State,Utah,2024-07-31,524275.9264328091
19,State,Iowa,2024-07-31,225229.849987646
42,State,Nevada,2024-07-31,451963.600059914
6,State,Arkansas,2024-07-31,216674.99182810992
34,State,Mississippi,2024-07-31,190730.17911345488
23,State,Kansas,2024-07-31,235373.3365256047
41,State,New Mexico,2024-07-31,309602.8646489207
38,State,Nebraska,2024-07-31,267488.5888839473
20,State,Idaho,2024-07-31,470877.5619069692
61,State,West Virginia,2024-07-31,170345.11680804667
18,State,Hawaii,2024-07-31,850907.8246695603
39,State,New Hampshire,2024-07-31,492220.75002736686
28,State,Maine,2024-07-31,413107.7816632814
50,State,Rhode Island,2024-07-31,480855.4042524225
35,State,Montana,2024-07-31,458979.7158600458
13,State,Delaware,2024-07-31,395871.0207605408
52,State,South Dakota,2024-07-31,310231.6733394493
37,State,North Dakota,2024-07-31,268529.6947005044
3,State,Alaska,2024-07-31,371543.3768084757
12,State,District of Columbia,2024-07-31,610138.8666785322
58,State,Vermont,2024-07-31,410007.0290872091
62,State,Wyoming,2024-07-31,347974.3931172188
9,State,California,2024-08-31,785139.8754714113
54,State,Texas,2024-08-31,314173.3416677617
14,State,Florida,2024-08-31,404713.5734110717
43,State,New York,2024-08-31,482189.9066326306
47,State,Pennsylvania,2024-08-31,276026.03193270514
21,State,Illinois,2024-08-31,276479.75108388683
44,State,Ohio,2024-08-31,234483.20449646816
16,State,Georgia,2024-08-31,343608.50966249825
36,State,North Carolina,2024-08-31,340862.0029912178
30,State,Michigan,2024-08-31,252753.09776702788
40,State,New Jersey,2024-08-31,544500.0249856763
56,State,Virginia,2024-08-31,402892.96700065274
59,State,Washington,2024-08-31,604483.6458314207
8,State,Arizona,2024-08-31,439631.9093485653
26,State,Massachusetts,2024-08-31,646970.6911046831
53,State,Tennessee,2024-08-31,335488.28727538255
22,State,Indiana,2024-08-31,246247.36175215596
27,State,Maryland,2024-08-31,425598.37351148995
32,State,Missouri,2024-08-31,254819.22697255728
60,State,Wisconsin,2024-08-31,316480.43594624754
10,State,Colorado,2024-08-31,558991.0153128464
31,State,Minnesota,2024-08-31,340026.0365978912
51,State,South Carolina,2024-08-31,307208.6260860969
4,State,Alabama,2024-08-31,236287.75856114711
25,State,Louisiana,2024-08-31,215041.4747952814
24,State,Kentucky,2024-08-31,225058.87305098516
46,State,Oregon,2024-08-31,505047.33823527425
45,State,Oklahoma,2024-08-31,214708.729958446
11,State,Connecticut,2024-08-31,417377.54619052674
55,State,Utah,2024-08-31,523693.6757619113
19,State,Iowa,2024-08-31,225342.19520432432
42,State,Nevada,2024-08-31,453538.1940520149
6,State,Arkansas,2024-08-31,217079.74413527056
34,State,Mississippi,2024-08-31,190143.77049224233
23,State,Kansas,2024-08-31,236584.61776394144
41,State,New Mexico,2024-08-31,309919.65903559234
38,State,Nebraska,2024-08-31,267729.2113382215
20,State,Idaho,2024-08-31,471551.0759806805
61,State,West Virginia,2024-08-31,170937.5648809522
18,State,Hawaii,2024-08-31,850672.7137724893
39,State,New Hampshire,2024-08-31,494246.94024536334
28,State,Maine,2024-08-31,413630.9917271657
50,State,Rhode Island,2024-08-31,483745.3349416757
35,State,Montana,2024-08-31,459968.1017446991
13,State,Delaware,2024-08-31,395975.5945366823
52,State,South Dakota,2024-08-31,310476.67074128153
37,State,North Dakota,2024-08-31,269438.72533103894
3,State,Alaska,2024-08-31,371628.9110719042
12,State,District of Columbia,2024-08-31,607397.2705191214
58,State,Vermont,2024-08-31,409569.3027372283
62,State,Wyoming,2024-08-31,349380.4270410849
9,State,California,2024-09-30,787478.2139675793
54,State,Texas,2024-09-30,313903.6203081113
14,State,Florida,2024-09-30,403835.997379519
43,State,New York,2024-09-30,485088.650160111
47,State,Pennsylvania,2024-09-30,276427.28575750726
21,State,Illinois,2024-09-30,277288.0045744343
44,State,Ohio,2024-09-30,234901.60219039785
16,State,Georgia,2024-09-30,343669.6816644827
36,State,North Carolina,2024-09-30,340745.12024839484
30,State,Michigan,2024-09-30,253013.58041939812
40,State,New Jersey,2024-09-30,547974.5314650415
56,State,Virginia,2024-09-30,404052.353089105
59,State,Washington,2024-09-30,606144.2773496441
8,State,Arizona,2024-09-30,438916.11534536554
26,State,Massachusetts,2024-09-30,649353.9242354183
53,State,Tennessee,2024-09-30,335147.1010248817
22,State,Indiana,2024-09-30,246710.23936690437
27,State,Maryland,2024-09-30,426315.10600439826
32,State,Missouri,2024-09-30,255433.7349552446
60,State,Wisconsin,2024-09-30,317183.54762291274
10,State,Colorado,2024-09-30,559944.639860537
31,State,Minnesota,2024-09-30,340677.77228572895
51,State,South Carolina,2024-09-30,307160.5372037931
4,State,Alabama,2024-09-30,236160.59411841372
25,State,Louisiana,2024-09-30,214079.06362539137
24,State,Kentucky,2024-09-30,224985.75970628727
46,State,Oregon,2024-09-30,505845.6892693842
45,State,Oklahoma,2024-09-30,214996.62524057747
11,State,Connecticut,2024-09-30,419184.2904561946
55,State,Utah,2024-09-30,524370.4951128744
19,State,Iowa,2024-09-30,225436.0793726012
42,State,Nevada,2024-09-30,455049.4513920799
6,State,Arkansas,2024-09-30,217164.02706990417
34,State,Mississippi,2024-09-30,189653.8042962685
23,State,Kansas,2024-09-30,237609.0909454851
41,State,New Mexico,2024-09-30,310691.84515436523
38,State,Nebraska,2024-09-30,268234.8145768105
20,State,Idaho,2024-09-30,472636.9063948509
61,State,West Virginia,2024-09-30,171256.6649324909
18,State,Hawaii,2024-09-30,852245.0630601436
39,State,New Hampshire,2024-09-30,496663.64468312584
28,State,Maine,2024-09-30,414655.2015174523
50,State,Rhode Island,2024-09-30,486684.7213919526
35,State,Montana,2024-09-30,461745.9949092227
13,State,Delaware,2024-09-30,396630.4328534224
52,State,South Dakota,2024-09-30,311273.81813052646
37,State,North Dakota,2024-09-30,270231.7344074434
3,State,Alaska,2024-09-30,372193.76866750413
12,State,District of Columbia,2024-09-30,607232.0312245475
58,State,Vermont,2024-09-30,408728.9206460632
62,State,Wyoming,2024-09-30,351686.5299314091
9,State,California,2024-10-31,789098.0852949615
54,State,Texas,2024-10-31,313635.14089473156
14,State,Florida,2024-10-31,402863.4337662819
43,State,New York,2024-10-31,487537.4225711124
47,State,Pennsylvania,2024-10-31,277198.334314853
21,State,Illinois,2024-10-31,278194.70485789765
44,State,Ohio,2024-10-31,235400.6218374127
16,State,Georgia,2024-10-31,343454.3536947305
36,State,North Carolina,2024-10-31,340762.9693980865
30,State,Michigan,2024-10-31,253630.0093991324
40,State,New Jersey,2024-10-31,551055.9899566437
56,State,Virginia,2024-10-31,405513.22823925194
59,State,Washington,2024-10-31,608393.328683876
8,State,Arizona,2024-10-31,438334.2333872539
26,State,Massachusetts,2024-10-31,651355.4802729562
53,State,Tennessee,2024-10-31,334988.01574201416
22,State,Indiana,2024-10-31,247357.94059444428
27,State,Maryland,2024-10-31,427739.15349313384
32,State,Missouri,2024-10-31,256042.33773203977
60,State,Wisconsin,2024-10-31,318154.95329212764
10,State,Colorado,2024-10-31,560848.5470864376
31,State,Minnesota,2024-10-31,341887.73528835253
51,State,South Carolina,2024-10-31,307039.6816421161
4,State,Alabama,2024-10-31,236306.2462098235
25,State,Louisiana,2024-10-31,213414.2342124048
24,State,Kentucky,2024-10-31,225287.34196894531
46,State,Oregon,2024-10-31,506928.05554582406
45,State,Oklahoma,2024-10-31,215443.30040197584
11,State,Connecticut,2024-10-31,420731.66353232897
55,State,Utah,2024-10-31,526213.6069041247
19,State,Iowa,2024-10-31,225867.2754166423
42,State,Nevada,2024-10-31,456439.9513289705
6,State,Arkansas,2024-10-31,217270.36491527103
34,State,Mississippi,2024-10-31,189912.0762403505
23,State,Kansas,2024-10-31,238631.69861587035
41,State,New Mexico,2024-10-31,311605.80016923073
38,State,Nebraska,2024-10-31,268984.0188206201
20,State,Idaho,2024-10-31,473698.6656715598
61,State,West Virginia,2024-10-31,171651.31153456107
18,State,Hawaii,2024-10-31,853536.8751041023
39,State,New Hampshire,2024-10-31,499292.42900782754
28,State,Maine,2024-10-31,415856.6572246733
50,State,Rhode Island,2024-10-31,489256.94339939347
35,State,Montana,2024-10-31,463841.1592548426
13,State,Delaware,2024-10-31,397997.1272222173
52,State,South Dakota,2024-10-31,312424.38264791045
37,State,North Dakota,2024-10-31,271177.61686024006
3,State,Alaska,2024-10-31,373447.5489376153
12,State,District of Columbia,2024-10-31,607136.2860066853
58,State,Vermont,2024-10-31,408303.9139439152
62,State,Wyoming,2024-10-31,354471.0150206846
9,State,California,2024-11-30,790903.9549406893
54,State,Texas,2024-11-30,313251.20188101195
14,State,Florida,2024-11-30,401631.6523719732
43,State,New York,2024-11-30,489391.741392731
47,State,Pennsylvania,2024-11-30,278118.44552246603
21,State,Illinois,2024-11-30,279169.2419913363
44,State,Ohio,2024-11-30,236053.36279005575
16,State,Georgia,2024-11-30,342847.54451715504
36,State,North Carolina,2024-11-30,340736.05665685184
30,State,Michigan,2024-11-30,254292.44328852525
40,State,New Jersey,2024-11-30,553491.48543509
56,State,Virginia,2024-11-30,406787.6988631615
59,State,Washington,2024-11-30,610826.715948582
8,State,Arizona,2024-11-30,437788.5680786615
26,State,Massachusetts,2024-11-30,652966.3818591858
53,State,Tennessee,2024-11-30,334886.5264631689
22,State,Indiana,2024-11-30,248159.01708105588
27,State,Maryland,2024-11-30,429271.07679029094
32,State,Missouri,2024-11-30,256837.2363565716
60,State,Wisconsin,2024-11-30,319369.52413717005
10,State,Colorado,2024-11-30,561778.8202766413
31,State,Minnesota,2024-11-30,343099.4813647559
51,State,South Carolina,2024-11-30,306744.12377831497
4,State,Alabama,2024-11-30,236497.3072396418
25,State,Louisiana,2024-11-30,213481.5178287729
24,State,Kentucky,2024-11-30,226063.17168029211
46,State,Oregon,2024-11-30,508361.07985592494
45,State,Oklahoma,2024-11-30,215957.2449662285
11,State,Connecticut,2024-11-30,421777.6748349609
55,State,Utah,2024-11-30,528861.133701906
19,State,Iowa,2024-11-30,226628.25804256435
42,State,Nevada,2024-11-30,457863.1899213113
6,State,Arkansas,2024-11-30,217345.60151083267
34,State,Mississippi,2024-11-30,190789.16989079595
23,State,Kansas,2024-11-30,239628.12156764348
41,State,New Mexico,2024-11-30,312440.2967657256
38,State,Nebraska,2024-11-30,269831.49086895934
20,State,Idaho,2024-11-30,474659.8746816106
61,State,West Virginia,2024-11-30,172130.75372689255
18,State,Hawaii,2024-11-30,853027.1891853634
39,State,New Hampshire,2024-11-30,501116.7989954057
28,State,Maine,2024-11-30,416376.6935725608
50,State,Rhode Island,2024-11-30,491298.74866015674
35,State,Montana,2024-11-30,465214.9330531447
13,State,Delaware,2024-11-30,399473.6553335002
52,State,South Dakota,2024-11-30,313369.3873860677
37,State,North Dakota,2024-11-30,272346.04040639574
3,State,Alaska,2024-11-30,374720.6438969131
12,State,District of Columbia,2024-11-30,606691.9294753073
58,State,Vermont,2024-11-30,406842.0602427932
62,State,Wyoming,2024-11-30,356732.90596441476
9,State,California,2024-12-31,792730.8388927514
54,State,Texas,2024-12-31,312968.2863488943
14,State,Florida,2024-12-31,400509.0491368342
43,State,New York,2024-12-31,491168.3360800622
47,State,Pennsylvania,2024-12-31,279350.693842061
21,State,Illinois,2024-12-31,280345.01950346894
44,State,Ohio,2024-12-31,237313.0223648141
16,State,Georgia,2024-12-31,342398.2560227611
36,State,North Carolina,2024-12-31,341172.1526921704
30,State,Michigan,2024-12-31,255267.68424782052
40,State,New Jersey,2024-12-31,555124.4755159115
56,State,Virginia,2024-12-31,408193.2391895277
59,State,Washington,2024-12-31,613132.7606425635
8,State,Arizona,2024-12-31,437361.0175733129
26,State,Massachusetts,2024-12-31,654830.281542451
53,State,Tennessee,2024-12-31,335420.90268700925
22,State,Indiana,2024-12-31,249411.1687813052
27,State,Maryland,2024-12-31,430677.75186239794
32,State,Missouri,2024-12-31,258048.50385064477
60,State,Wisconsin,2024-12-31,320830.1325203679
10,State,Colorado,2024-12-31,562499.1302899597
31,State,Minnesota,2024-12-31,344854.5442659785
51,State,South Carolina,2024-12-31,306920.19153570145
4,State,Alabama,2024-12-31,237158.2259046276
25,State,Louisiana,2024-12-31,214422.8951390394
24,State,Kentucky,2024-12-31,228130.97362057425
46,State,Oregon,2024-12-31,509889.8331908581
45,State,Oklahoma,2024-12-31,216991.46944529063
11,State,Connecticut,2024-12-31,422728.43843796576
55,State,Utah,2024-12-31,531524.1524242457
19,State,Iowa,2024-12-31,228062.01997403477
42,State,Nevada,2024-12-31,459472.2059555105
6,State,Arkansas,2024-12-31,218009.988247194
34,State,Mississippi,2024-12-31,192082.21091550184
23,State,Kansas,2024-12-31,240997.59957748288
41,State,New Mexico,2024-12-31,313486.7587493021
38,State,Nebraska,2024-12-31,271093.91655397875
20,State,Idaho,2024-12-31,475966.3635979094
61,State,West Virginia,2024-12-31,173213.5243116261
18,State,Hawaii,2024-12-31,851559.3187847361
39,State,New Hampshire,2024-12-31,502834.7114072416
28,State,Maine,2024-12-31,417015.81880056695
50,State,Rhode Island,2024-12-31,493362.0909609006
35,State,Montana,2024-12-31,466612.9983906934
13,State,Delaware,2024-12-31,400977.99467532337
52,State,South Dakota,2024-12-31,314389.6934163296
37,State,North Dakota,2024-12-31,273706.5140664333
3,State,Alaska,2024-12-31,376212.9502789203
12,State,District of Columbia,2024-12-31,606048.8015906626
58,State,Vermont,2024-12-31,405487.98008895526
62,State,Wyoming,2024-12-31,359038.71423095296
9,State,California,2025-01-31,792898.4767581275
54,State,Texas,2025-01-31,312786.3623062893
14,State,Florida,2025-01-31,399540.3072302385
43,State,New York,2025-01-31,492311.4327418848
47,State,Pennsylvania,2025-01-31,280455.96607477457
21,State,Illinois,2025-01-31,281532.91214482504
44,State,Ohio,2025-01-31,238671.82022463137
16,State,Georgia,2025-01-31,342022.63855324435
36,State,North Carolina,2025-01-31,341625.5170854834
30,State,Michigan,2025-01-31,256320.16778648575
40,State,New Jersey,2025-01-31,556395.4711254747
56,State,Virginia,2025-01-31,409304.81921699346
59,State,Washington,2025-01-31,614687.4378672562
8,State,Arizona,2025-01-31,436592.5634753378
26,State,Massachusetts,2025-01-31,656503.5071972511
53,State,Tennessee,2025-01-31,336139.55505852395
22,State,Indiana,2025-01-31,250813.3181081102
27,State,Maryland,2025-01-31,431864.8902004729
32,State,Missouri,2025-01-31,259222.5247961004
60,State,Wisconsin,2025-01-31,322289.4523461585
10,State,Colorado,2025-01-31,562641.6440926399
31,State,Minnesota,2025-01-31,346339.48289772327
51,State,South Carolina,2025-01-31,307382.6989139272
4,State,Alabama,2025-01-31,237795.50995768455
25,State,Louisiana,2025-01-31,215402.15693557996
24,State,Kentucky,2025-01-31,230657.2742196173
46,State,Oregon,2025-01-31,510965.1225339352
45,State,Oklahoma,2025-01-31,217964.57844853532
11,State,Connecticut,2025-01-31,423789.7141943297
55,State,Utah,2025-01-31,533723.9957901763
19,State,Iowa,2025-01-31,229516.7467074986
42,State,Nevada,2025-01-31,460884.7275592233
6,State,Arkansas,2025-01-31,218826.7827303073
34,State,Mississippi,2025-01-31,193211.921430052
23,State,Kansas,2025-01-31,241964.2816431125
41,State,New Mexico,2025-01-31,314564.54719628324
38,State,Nebraska,2025-01-31,272184.3031746864
20,State,Idaho,2025-01-31,477193.89214620466
61,State,West Virginia,2025-01-31,174296.96545345002
18,State,Hawaii,2025-01-31,849551.3647737511
39,State,New Hampshire,2025-01-31,504049.8449133031
28,State,Maine,2025-01-31,417480.8788207272
50,State,Rhode Island,2025-01-31,494844.65500254417
35,State,Montana,2025-01-31,467856.3447898255
13,State,Delaware,2025-01-31,402040.1560394496
52,State,South Dakota,2025-01-31,315400.13445635064
37,State,North Dakota,2025-01-31,275150.6080909416
3,State,Alaska,2025-01-31,377409.3580399912
12,State,District of Columbia,2025-01-31,604882.4251472169
58,State,Vermont,2025-01-31,404049.58333079726
62,State,Wyoming,2025-01-31,361042.4099921332
9,State,California,2025-02-28,791483.7785617444
54,State,Texas,2025-02-28,312606.18109307485
14,State,Florida,2025-02-28,398434.2860325342
43,State,New York,2025-02-28,493504.80956227746
47,State,Pennsylvania,2025-02-28,281400.9615446748
21,State,Illinois,2025-02-28,282683.264081118
44,State,Ohio,2025-02-28,239931.47889894745
16,State,Georgia,2025-02-28,341604.142861789
36,State,North Carolina,2025-02-28,341941.3007423303
30,State,Michigan,2025-02-28,257363.7673124965
40,State,New Jersey,2025-02-28,557889.7023955182
56,State,Virginia,2025-02-28,410190.6407838097
59,State,Washington,2025-02-28,615175.1729947448
8,State,Arizona,2025-02-28,435359.42154312605
26,State,Massachusetts,2025-02-28,658104.1895233638
53,State,Tennessee,2025-02-28,336806.20893706376
22,State,Indiana,2025-02-28,252046.86692862515
27,State,Maryland,2025-02-28,432771.77713980497
32,State,Missouri,2025-02-28,260054.54719009864
60,State,Wisconsin,2025-02-28,323738.3174310821
10,State,Colorado,2025-02-28,561543.340697558
31,State,Minnesota,2025-02-28,347438.2375294333
51,State,South Carolina,2025-02-28,307968.34732122807
4,State,Alabama,2025-02-28,238376.20476171945
25,State,Louisiana,2025-02-28,216084.4161150184
24,State,Kentucky,2025-02-28,233146.05744439733
46,State,Oregon,2025-02-28,511110.17860391847
45,State,Oklahoma,2025-02-28,218608.46876511408
11,State,Connecticut,2025-02-28,425063.6177922977
55,State,Utah,2025-02-28,534840.9066164169
19,State,Iowa,2025-02-28,230677.759395001
42,State,Nevada,2025-02-28,461545.6277976118
6,State,Arkansas,2025-02-28,219486.4999722303
34,State,Mississippi,2025-02-28,194379.00463437813
23,State,Kansas,2025-02-28,242462.5322374545
41,State,New Mexico,2025-02-28,315594.46245759935
38,State,Nebraska,2025-02-28,273089.01730199665
20,State,Idaho,2025-02-28,478114.6003764492
61,State,West Virginia,2025-02-28,175327.49024940093
18,State,Hawaii,2025-02-28,848100.848060838
39,State,New Hampshire,2025-02-28,505134.3352389557
28,State,Maine,2025-02-28,418347.6623776029
50,State,Rhode Island,2025-02-28,496297.5803970935
35,State,Montana,2025-02-28,469184.752937513
13,State,Delaware,2025-02-28,402540.1036387432
52,State,South Dakota,2025-02-28,316492.39262536104
37,State,North Dakota,2025-02-28,276479.4826044281
3,State,Alaska,2025-02-28,378428.26928006945
12,State,District of Columbia,2025-02-28,604118.5169038832
58,State,Vermont,2025-02-28,402889.6005053826
62,State,Wyoming,2025-02-28,362953.9545776543
9,State,California,2025-03-31,787969.1285176034
54,State,Texas,2025-03-31,311862.01424274343
14,State,Florida,2025-03-31,396695.6797912081
43,State,New York,2025-03-31,494419.522746359
47,State,Pennsylvania,2025-03-31,281883.6489850813
21,State,Illinois,2025-03-31,283417.44255291583
44,State,Ohio,2025-03-31,240452.62409650147
16,State,Georgia,2025-03-31,340558.4268338519
36,State,North Carolina,2025-03-31,341459.8833807434
30,State,Michigan,2025-03-31,257842.5772423024
40,State,New Jersey,2025-03-31,559411.4739155057
56,State,Virginia,2025-03-31,410248.12922536
59,State,Washington,2025-03-31,613581.7062591972
8,State,Arizona,2025-03-31,433536.05431569344
26,State,Massachusetts,2025-03-31,658398.2815910957
53,State,Tennessee,2025-03-31,336686.009349918
22,State,Indiana,2025-03-31,252575.70598520417
27,State,Maryland,2025-03-31,433046.3435401092
32,State,Missouri,2025-03-31,260171.95335230324
60,State,Wisconsin,2025-03-31,324782.0516373538
10,State,Colorado,2025-03-31,558924.7449132208
31,State,Minnesota,2025-03-31,347325.56745473674
51,State,South Carolina,2025-03-31,307874.56428278366
4,State,Alabama,2025-03-31,238241.2589438049
25,State,Louisiana,2025-03-31,215962.72670717732
24,State,Kentucky,2025-03-31,234832.08854795623
46,State,Oregon,2025-03-31,509799.1239168261
45,State,Oklahoma,2025-03-31,218635.6639208391
11,State,Connecticut,2025-03-31,426097.4959379513
55,State,Utah,2025-03-31,534614.0848538504
19,State,Iowa,2025-03-31,231035.432079642
42,State,Nevada,2025-03-31,461238.4447121231
6,State,Arkansas,2025-03-31,219341.69629740412
34,State,Mississippi,2025-03-31,194980.28202570844
23,State,Kansas,2025-03-31,241946.16950127043
41,State,New Mexico,2025-03-31,316047.42529176705
38,State,Nebraska,2025-03-31,273278.17959295626
20,State,Idaho,2025-03-31,477899.524562916
61,State,West Virginia,2025-03-31,175473.66465427002
18,State,Hawaii,2025-03-31,845136.4014130466
39,State,New Hampshire,2025-03-31,505240.647292323
28,State,Maine,2025-03-31,418402.0114871669
50,State,Rhode Island,2025-03-31,496781.2330875257
35,State,Montana,2025-03-31,469536.97380240913
13,State,Delaware,2025-03-31,402535.65685371705
52,State,South Dakota,2025-03-31,316978.1717429641
37,State,North Dakota,2025-03-31,277199.5827516701
3,State,Alaska,2025-03-31,378381.2503801416
12,State,District of Columbia,2025-03-31,601532.1047593033
58,State,Vermont,2025-03-31,401830.3358014831
62,State,Wyoming,2025-03-31,363862.6001730777
9,State,California,2025-04-30,784595.2151749436
54,State,Texas,2025-04-30,310777.8923132389
14,State,Florida,2025-04-30,394479.04114842904
43,State,New York,2025-04-30,495802.6568759118
47,State,Pennsylvania,2025-04-30,282293.2404548586
21,State,Illinois,2025-04-30,283881.2027637244
44,State,Ohio,2025-04-30,240626.7414209654
16,State,Georgia,2025-04-30,339381.219390224
36,State,North Carolina,2025-04-30,340626.38739181036
30,State,Michigan,2025-04-30,258013.81021098013
40,State,New Jersey,2025-04-30,561241.8694454926
56,State,Virginia,2025-04-30,410053.73804433894
59,State,Washington,2025-04-30,611040.2588287394
8,State,Arizona,2025-04-30,431901.1164984436
26,State,Massachusetts,2025-04-30,658358.3188793847
53,State,Tennessee,2025-04-30,336139.78238286235
22,State,Indiana,2025-04-30,252636.4224108243
27,State,Maryland,2025-04-30,433186.6607819177
32,State,Missouri,2025-04-30,259953.69144549468
60,State,Wisconsin,2025-04-30,325586.9782905236
10,State,Colorado,2025-04-30,555897.2902415552
31,State,Minnesota,2025-04-30,346880.7755385661
51,State,South Carolina,2025-04-30,307350.3816579885
4,State,Alabama,2025-04-30,237848.91620108997
25,State,Louisiana,2025-04-30,215184.3161979052
24,State,Kentucky,2025-04-30,236054.63178430244
46,State,Oregon,2025-04-30,508072.33700331184
45,State,Oklahoma,2025-04-30,218359.5781242853
11,State,Connecticut,2025-04-30,427390.4144708799
55,State,Utah,2025-04-30,533979.6277046637
19,State,Iowa,2025-04-30,231074.30014428755
42,State,Nevada,2025-04-30,460486.24420820805
6,State,Arkansas,2025-04-30,218740.7963051256
34,State,Mississippi,2025-04-30,194760.470013166
23,State,Kansas,2025-04-30,241228.18012770935
41,State,New Mexico,2025-04-30,316108.4012332587
38,State,Nebraska,2025-04-30,273297.97137814964
20,State,Idaho,2025-04-30,477299.05065766815
61,State,West Virginia,2025-04-30,174850.74606874038
18,State,Hawaii,2025-04-30,841709.3733409174
39,State,New Hampshire,2025-04-30,505315.9230739951
28,State,Maine,2025-04-30,418458.3779635018
50,State,Rhode Island,2025-04-30,497311.8769242444
35,State,Montana,2025-04-30,469303.7878262408
13,State,Delaware,2025-04-30,402559.22398712975
52,State,South Dakota,2025-04-30,317258.8072988694
37,State,North Dakota,2025-04-30,277422.6844190713
3,State,Alaska,2025-04-30,378625.7306695953
12,State,District of Columbia,2025-04-30,598587.5246663872
58,State,Vermont,2025-04-30,401124.7416201136
62,State,Wyoming,2025-04-30,364562.4713240618
9,State,California,2025-05-31,780609.7974175349
54,State,Texas,2025-05-31,309496.88565028127
14,State,Florida,2025-05-31,391958.49688378914
43,State,New York,2025-05-31,497074.75084620743
47,State,Pennsylvania,2025-05-31,282696.71506211295
21,State,Illinois,2025-05-31,284149.1014102142
44,State,Ohio,2025-05-31,240778.89591754857
16,State,Georgia,2025-05-31,338206.79367370065
36,State,North Carolina,2025-05-31,339820.26716909657
30,State,Michigan,2025-05-31,258163.5840811351
40,State,New Jersey,2025-05-31,562444.7456988847
56,State,Virginia,2025-05-31,409693.91843131854
59,State,Washington,2025-05-31,608005.241781735
8,State,Arizona,2025-05-31,430324.5248949172
26,State,Massachusetts,2025-05-31,657305.6237379215
53,State,Tennessee,2025-05-31,335701.24021285726
22,State,Indiana,2025-05-31,252677.0993367928
27,State,Maryland,2025-05-31,433124.030637618
32,State,Missouri,2025-05-31,259654.41306312845
60,State,Wisconsin,2025-05-31,326382.82868227904
10,State,Colorado,2025-05-31,552780.9817864405
31,State,Minnesota,2025-05-31,346383.89856382326
51,State,South Carolina,2025-05-31,306721.614110879
4,State,Alabama,2025-05-31,237574.71786243303
25,State,Louisiana,2025-05-31,214303.9769459416
24,State,Kentucky,2025-05-31,236674.9736850084
46,State,Oregon,2025-05-31,506179.45390133746
45,State,Oklahoma,2025-05-31,218108.44794057604
11,State,Connecticut,2025-05-31,428720.6560940183
55,State,Utah,2025-05-31,532876.1297404097
19,State,Iowa,2025-05-31,230983.01878827484
42,State,Nevada,2025-05-31,459532.88030635327
6,State,Arkansas,2025-05-31,218181.9051191932
34,State,Mississippi,2025-05-31,194020.2850701568
23,State,Kansas,2025-05-31,240588.4228601782
41,State,New Mexico,2025-05-31,316022.4227525311
38,State,Nebraska,2025-05-31,273325.10438048776
20,State,Idaho,2025-05-31,476153.0852119997
61,State,West Virginia,2025-05-31,174058.67443594246
18,State,Hawaii,2025-05-31,837596.635570286
39,State,New Hampshire,2025-05-31,505494.29381863895
28,State,Maine,2025-05-31,418243.1419165488
50,State,Rhode Island,2025-05-31,497739.27931738546
35,State,Montana,2025-05-31,468500.57691121165
13,State,Delaware,2025-05-31,403052.81901747454
52,State,South Dakota,2025-05-31,317130.30814182776
37,State,North Dakota,2025-05-31,277609.207794717
3,State,Alaska,2025-05-31,378663.641375772
12,State,District of Columbia,2025-05-31,594439.3091185414
58,State,Vermont,2025-05-31,401390.1633832438
62,State,Wyoming,2025-05-31,364861.0276684713
9,State,California,2025-06-30,776755.5598075725
54,State,Texas,2025-06-30,308283.3952922461
14,State,Florida,2025-06-30,389303.26892301085
43,State,New York,2025-06-30,498666.3766370696
47,State,Pennsylvania,2025-06-30,283082.7111934147
21,State,Illinois,2025-06-30,284529.659930664
44,State,Ohio,2025-06-30,241057.23299493207
16,State,Georgia,2025-06-30,337245.50187237177
36,State,North Carolina,2025-06-30,339018.47997014277
30,State,Michigan,2025-06-30,258460.8380046687
40,State,New Jersey,2025-06-30,563366.9945282155
56,State,Virginia,2025-06-30,409507.1037684606
59,State,Washington,2025-06-30,605716.4311239534
8,State,Arizona,2025-06-30,428826.0267237953
26,State,Massachusetts,2025-06-30,656208.92158563
53,State,Tennessee,2025-06-30,335160.82700740476
22,State,Indiana,2025-06-30,252848.73760014793
27,State,Maryland,2025-06-30,433006.194538708
32,State,Missouri,2025-06-30,259470.30903090668
60,State,Wisconsin,2025-06-30,327178.26567536645
10,State,Colorado,2025-06-30,550271.9512545333
31,State,Minnesota,2025-06-30,346377.4906439001
51,State,South Carolina,2025-06-30,305978.7660060168
4,State,Alabama,2025-06-30,237334.39257442512
25,State,Louisiana,2025-06-30,213545.27185555067
24,State,Kentucky,2025-06-30,236780.3782008288
46,State,Oregon,2025-06-30,504711.3455560627
45,State,Oklahoma,2025-06-30,217861.76461244284
11,State,Connecticut,2025-06-30,430219.40909914376
55,State,Utah,2025-06-30,532162.1951746587
19,State,Iowa,2025-06-30,231166.59457025092
42,State,Nevada,2025-06-30,458381.8157391927
6,State,Arkansas,2025-06-30,217962.31619343333
34,State,Mississippi,2025-06-30,193053.2221523015
23,State,Kansas,2025-06-30,240570.0770346025
41,State,New Mexico,2025-06-30,315686.4670347431
38,State,Nebraska,2025-06-30,273548.92252689804
20,State,Idaho,2025-06-30,475107.489031937
61,State,West Virginia,2025-06-30,173321.051275152
18,State,Hawaii,2025-06-30,833402.2754255148
39,State,New Hampshire,2025-06-30,506172.60105216707
28,State,Maine,2025-06-30,417615.1173857579
50,State,Rhode Island,2025-06-30,498416.7613193232
35,State,Montana,2025-06-30,467569.89820934227
13,State,Delaware,2025-06-30,403733.8325308951
52,State,South Dakota,2025-06-30,317059.32176593144
37,State,North Dakota,2025-06-30,278211.75691093126
3,State,Alaska,2025-06-30,379093.7357060063
12,State,District of Columbia,2025-06-30,590192.1095610161
58,State,Vermont,2025-06-30,401818.9553181652
62,State,Wyoming,2025-06-30,365387.4369649426
9,State,California,2025-07-31,773834.7231540218
54,State,Texas,2025-07-31,307201.36407509755
14,State,Florida,2025-07-31,386477.3820142718
43,State,New York,2025-07-31,500600.25357476296
47,State,Pennsylvania,2025-07-31,283875.4916886226
21,State,Illinois,2025-07-31,285366.68108605227
44,State,Ohio,2025-07-31,241813.95751231207
16,State,Georgia,2025-07-31,336449.23341245606
36,State,North Carolina,2025-07-31,338464.1961659401
30,State,Michigan,2025-07-31,259098.75417378373
40,State,New Jersey,2025-07-31,563958.6194756185
56,State,Virginia,2025-07-31,409710.2603103752
59,State,Washington,2025-07-31,604182.7843725214
8,State,Arizona,2025-07-31,427221.4596777063
26,State,Massachusetts,2025-07-31,655534.8002469429
53,State,Tennessee,2025-07-31,334731.64926400356
22,State,Indiana,2025-07-31,253421.9066361568
27,State,Maryland,2025-07-31,432988.6777881279
32,State,Missouri,2025-07-31,259759.5618815351
60,State,Wisconsin,2025-07-31,327715.15705822135
10,State,Colorado,2025-07-31,548315.9419240179
31,State,Minnesota,2025-07-31,347056.40188780613
51,State,South Carolina,2025-07-31,305301.90160296735
4,State,Alabama,2025-07-31,237142.74202152528
25,State,Louisiana,2025-07-31,213073.40627864705
24,State,Kentucky,2025-07-31,236264.7136677009
46,State,Oregon,2025-07-31,503709.3861831162
45,State,Oklahoma,2025-07-31,217865.47388431057
11,State,Connecticut,2025-07-31,431994.7901435271
55,State,Utah,2025-07-31,531945.7145881708
19,State,Iowa,2025-07-31,231875.84702782155
42,State,Nevada,2025-07-31,456798.7280052958
6,State,Arkansas,2025-07-31,218138.82207805253
34,State,Mississippi,2025-07-31,192445.18852242775
23,State,Kansas,2025-07-31,241303.92192705817
41,State,New Mexico,2025-07-31,315255.3730619692
38,State,Nebraska,2025-07-31,274173.08422523935
20,State,Idaho,2025-07-31,474272.7701002336
61,State,West Virginia,2025-07-31,173483.78298907986
18,State,Hawaii,2025-07-31,829649.7703430447
39,State,New Hampshire,2025-07-31,507169.6438891758
28,State,Maine,2025-07-31,416456.25326201
50,State,Rhode Island,2025-07-31,499368.5056109538
35,State,Montana,2025-07-31,466827.52838711423
13,State,Delaware,2025-07-31,405045.3588770495
52,State,South Dakota,2025-07-31,316832.4388180448
37,State,North Dakota,2025-07-31,278926.58468489413
3,State,Alaska,2025-07-31,379914.72041708784
12,State,District of Columbia,2025-07-31,586922.8703499589
58,State,Vermont,2025-07-31,401681.72543971235
62,State,Wyoming,2025-07-31,366284.0271888559
9,State,California,2025-08-31,771855.8419311425
54,State,Texas,2025-08-31,306352.221897524
14,State,Florida,2025-08-31,383949.6843821499
43,State,New York,2025-08-31,502281.4703275677
47,State,Pennsylvania,2025-08-31,284614.19625497935
21,State,Illinois,2025-08-31,286404.5983187546
44,State,Ohio,2025-08-31,242521.73893030136
16,State,Georgia,2025-08-31,335909.3282371722
36,State,North Carolina,2025-08-31,338064.29152309935
30,State,Michigan,2025-08-31,259745.77839011129
40,State,New Jersey,2025-08-31,564442.448146837
56,State,Virginia,2025-08-31,410219.07003889093
59,State,Washington,2025-08-31,603699.975654867
8,State,Arizona,2025-08-31,425778.75994067406
26,State,Massachusetts,2025-08-31,655622.7978877038
53,State,Tennessee,2025-08-31,334214.1225219173
22,State,Indiana,2025-08-31,253883.85595385233
27,State,Maryland,2025-08-31,432964.9330688779
32,State,Missouri,2025-08-31,260337.32830183025
60,State,Wisconsin,2025-08-31,328251.028789261
10,State,Colorado,2025-08-31,547435.0314827984
31,State,Minnesota,2025-08-31,348031.62035591056
51,State,South Carolina,2025-08-31,304651.94315661775
4,State,Alabama,2025-08-31,236867.8613807379
25,State,Louisiana,2025-08-31,212760.37161488153
24,State,Kentucky,2025-08-31,235646.03342481633
46,State,Oregon,2025-08-31,503183.12606854894
45,State,Oklahoma,2025-08-31,218013.62490430783
11,State,Connecticut,2025-08-31,433672.8240161604
55,State,Utah,2025-08-31,532931.9968293571
19,State,Iowa,2025-08-31,232777.1846886
42,State,Nevada,2025-08-31,455113.7680193863
6,State,Arkansas,2025-08-31,218360.86012593735
34,State,Mississippi,2025-08-31,191879.1180785987
23,State,Kansas,2025-08-31,242393.37355529633
41,State,New Mexico,2025-08-31,314895.3983936498
38,State,Nebraska,2025-08-31,274914.542182138
20,State,Idaho,2025-08-31,474245.47906304774
61,State,West Virginia,2025-08-31,173919.88858175126
18,State,Hawaii,2025-08-31,827417.4946102205
39,State,New Hampshire,2025-08-31,508259.24881105527
28,State,Maine,2025-08-31,415220.90113074024
50,State,Rhode Island,2025-08-31,500382.2000013881
35,State,Montana,2025-08-31,466273.02422057465
13,State,Delaware,2025-08-31,405904.5147373364
52,State,South Dakota,2025-08-31,317115.2550910365
37,State,North Dakota,2025-08-31,279811.93445545173
3,State,Alaska,2025-08-31,381543.5013980917
12,State,District of Columbia,2025-08-31,584618.2436556047
58,State,Vermont,2025-08-31,400861.799758017
62,State,Wyoming,2025-08-31,367427.0151463519
9,State,California,2025-09-30,771424.2322419629
54,State,Texas,2025-09-30,305829.41271693306
14,State,Florida,2025-09-30,382141.0609096272
43,State,New York,2025-09-30,504120.428077515
47,State,Pennsylvania,2025-09-30,285436.3909545722
21,State,Illinois,2025-09-30,287747.87565214763
44,State,Ohio,2025-09-30,243398.67446805967
16,State,Georgia,2025-09-30,335777.3630309601
36,State,North Carolina,2025-09-30,338221.2081463817
30,State,Michigan,2025-09-30,260564.1523064763
40,State,New Jersey,2025-09-30,565465.928308532
56,State,Virginia,2025-09-30,411228.0115249204
59,State,Washington,2025-09-30,604410.9196546144
8,State,Arizona,2025-09-30,424803.5748962127
26,State,Massachusetts,2025-09-30,656836.1120991966
53,State,Tennessee,2025-09-30,334209.2709220774
22,State,Indiana,2025-09-30,254483.71236636364
27,State,Maryland,2025-09-30,433033.1884460372
32,State,Missouri,2025-09-30,261212.27798765516
60,State,Wisconsin,2025-09-30,329290.1454389396
10,State,Colorado,2025-09-30,547533.2022319117
31,State,Minnesota,2025-09-30,349275.09767068736
51,State,South Carolina,2025-09-30,304608.8732237447
4,State,Alabama,2025-09-30,236868.7865737999
25,State,Louisiana,2025-09-30,212681.75887959116
24,State,Kentucky,2025-09-30,235066.2365875935
46,State,Oregon,2025-09-30,503300.3433537087
45,State,Oklahoma,2025-09-30,218476.5163181194
11,State,Connecticut,2025-09-30,435361.4415022013
55,State,Utah,2025-09-30,535047.2498621304
19,State,Iowa,2025-09-30,233701.4353278625
42,State,Nevada,2025-09-30,453834.8531565057
6,State,Arkansas,2025-09-30,218755.6151512447
34,State,Mississippi,2025-09-30,191526.58298205351
23,State,Kansas,2025-09-30,243722.14138059015
41,State,New Mexico,2025-09-30,314951.71279886196
38,State,Nebraska,2025-09-30,275889.2810296711
20,State,Idaho,2025-09-30,475281.54127726686
61,State,West Virginia,2025-09-30,174512.8782539981
18,State,Hawaii,2025-09-30,827274.9079960223
39,State,New Hampshire,2025-09-30,509872.6283741779
28,State,Maine,2025-09-30,414864.2062422692
50,State,Rhode Island,2025-09-30,501770.206087088
35,State,Montana,2025-09-30,466692.0599558185
13,State,Delaware,2025-09-30,406613.8270573453
52,State,South Dakota,2025-09-30,317746.71315695293
37,State,North Dakota,2025-09-30,280785.23573676613
3,State,Alaska,2025-09-30,383651.69794223487
12,State,District of Columbia,2025-09-30,583787.6881501874
58,State,Vermont,2025-09-30,399983.2214569484
62,State,Wyoming,2025-09-30,367804.46502251335
9,State,California,2025-10-31,772190.1373282289
54,State,Texas,2025-10-31,305453.0175143196
14,State,Florida,2025-10-31,380969.7192228372
43,State,New York,2025-10-31,506124.8107003155
47,State,Pennsylvania,2025-10-31,285766.504502843
21,State,Illinois,2025-10-31,289109.5539098875
44,State,Ohio,2025-10-31,244020.0174107794
16,State,Georgia,2025-10-31,335728.0292194506
36,State,North Carolina,2025-10-31,338497.88738892734
30,State,Michigan,2025-10-31,261511.34412947335
40,State,New Jersey,2025-10-31,567333.2948146736
56,State,Virginia,2025-10-31,412472.8911394288
59,State,Washington,2025-10-31,606083.7811610871
8,State,Arizona,2025-10-31,424286.61743015255
26,State,Massachusetts,2025-10-31,659137.5713246699
53,State,Tennessee,2025-10-31,334331.12803451536
22,State,Indiana,2025-10-31,254950.73070682105
27,State,Maryland,2025-10-31,432977.62391495705
32,State,Missouri,2025-10-31,261860.53837636547
60,State,Wisconsin,2025-10-31,331099.94769281795
10,State,Colorado,2025-10-31,548153.1547751379
31,State,Minnesota,2025-10-31,350427.0914941916
51,State,South Carolina,2025-10-31,304858.8115016801
4,State,Alabama,2025-10-31,237045.6457393743
25,State,Louisiana,2025-10-31,212886.60935462115
24,State,Kentucky,2025-10-31,234487.8851038745
46,State,Oregon,2025-10-31,503900.12001205207
45,State,Oklahoma,2025-10-31,218988.9652178063
11,State,Connecticut,2025-10-31,436809.0398970212
55,State,Utah,2025-10-31,537671.1789380441
19,State,Iowa,2025-10-31,234348.6033013465
42,State,Nevada,2025-10-31,453036.8002478133
6,State,Arkansas,2025-10-31,219253.68364820184
34,State,Mississippi,2025-10-31,191253.91215837523
23,State,Kansas,2025-10-31,244833.94902090225
41,State,New Mexico,2025-10-31,315255.100448274
38,State,Nebraska,2025-10-31,276870.8769294047
20,State,Idaho,2025-10-31,476975.5920258389
61,State,West Virginia,2025-10-31,174588.09327120925
18,State,Hawaii,2025-10-31,829288.7719269693
39,State,New Hampshire,2025-10-31,511971.9596641269
28,State,Maine,2025-10-31,415217.1101805396
50,State,Rhode Island,2025-10-31,503505.40466186375
35,State,Montana,2025-10-31,467769.2679702216
13,State,Delaware,2025-10-31,406698.857250381
52,State,South Dakota,2025-10-31,318690.1021363747
37,State,North Dakota,2025-10-31,282446.4281994719
3,State,Alaska,2025-10-31,385819.0216507201
12,State,District of Columbia,2025-10-31,584093.1054217644
58,State,Vermont,2025-10-31,400210.0473899767
62,State,Wyoming,2025-10-31,367323.38997149863
9,State,California,2025-11-30,773890.599780553
54,State,Texas,2025-11-30,305295.6550414339
14,State,Florida,2025-11-30,380273.7121051891
43,State,New York,2025-11-30,508546.249984735
47,State,Pennsylvania,2025-11-30,286231.04587504634
21,State,Illinois,2025-11-30,290712.24015123636
44,State,Ohio,2025-11-30,244812.07730034983
16,State,Georgia,2025-11-30,335658.0954999211
36,State,North Carolina,2025-11-30,338802.795276779
30,State,Michigan,2025-11-30,262809.5977729072
40,State,New Jersey,2025-11-30,569560.2349292944
56,State,Virginia,2025-11-30,413763.82282954734
59,State,Washington,2025-11-30,608099.7646031032
8,State,Arizona,2025-11-30,424373.38123702025
26,State,Massachusetts,2025-11-30,661870.4598783256
53,State,Tennessee,2025-11-30,334749.1515901766
22,State,Indiana,2025-11-30,255686.3117609152
27,State,Maryland,2025-11-30,432984.43690347974
32,State,Missouri,2025-11-30,262713.65830707626
60,State,Wisconsin,2025-11-30,333355.06542696804
10,State,Colorado,2025-11-30,548744.4538231314
31,State,Minnesota,2025-11-30,351671.23460078705
51,State,South Carolina,2025-11-30,305369.7106999248
4,State,Alabama,2025-11-30,237361.1667426848
25,State,Louisiana,2025-11-30,213149.8559324507
24,State,Kentucky,2025-11-30,234185.49421001168
46,State,Oregon,2025-11-30,504861.3366487429
45,State,Oklahoma,2025-11-30,219678.63437832613
11,State,Connecticut,2025-11-30,438499.4379966391
55,State,Utah,2025-11-30,540242.7353443684
19,State,Iowa,2025-11-30,235194.7016803977
42,State,Nevada,2025-11-30,452708.66124648944
6,State,Arkansas,2025-11-30,220168.8614826988
34,State,Mississippi,2025-11-30,191453.07315091972
23,State,Kansas,2025-11-30,246006.56274490737
41,State,New Mexico,2025-11-30,315824.1622632697
38,State,Nebraska,2025-11-30,278010.3350064268
20,State,Idaho,2025-11-30,479060.6756231079
61,State,West Virginia,2025-11-30,174559.91343304192
18,State,Hawaii,2025-11-30,831388.8829823515
39,State,New Hampshire,2025-11-30,514182.3023416679
28,State,Maine,2025-11-30,416102.959744162
50,State,Rhode Island,2025-11-30,505074.39183395
35,State,Montana,2025-11-30,469235.5663133167
13,State,Delaware,2025-11-30,407342.6963552017
52,State,South Dakota,2025-11-30,319805.6687782069
37,State,North Dakota,2025-11-30,284496.97747360915
3,State,Alaska,2025-11-30,387799.3135475497
12,State,District of Columbia,2025-11-30,585216.1439759299
58,State,Vermont,2025-11-30,400726.2829489191
62,State,Wyoming,2025-11-30,366358.3110152075
9,State,California,2025-12-31,776227.4264835872
54,State,Texas,2025-12-31,305309.024986922
14,State,Florida,2025-12-31,379914.1836336912
43,State,New York,2025-12-31,510970.4775455435
47,State,Pennsylvania,2025-12-31,286823.7144811237
21,State,Illinois,2025-12-31,292451.1889531245
44,State,Ohio,2025-12-31,245745.04270954107
16,State,Georgia,2025-12-31,335555.3650381365
36,State,North Carolina,2025-12-31,338958.3247924173
30,State,Michigan,2025-12-31,264410.9142848706
40,State,New Jersey,2025-12-31,572048.457335202
56,State,Virginia,2025-12-31,414908.750804722
59,State,Washington,2025-12-31,609967.8841640038
8,State,Arizona,2025-12-31,424889.8507699354
26,State,Massachusetts,2025-12-31,664717.8210324704
53,State,Tennessee,2025-12-31,335168.13868156966
22,State,Indiana,2025-12-31,256654.4125595164
27,State,Maryland,2025-12-31,433176.30577457533
32,State,Missouri,2025-12-31,263769.4579224153
60,State,Wisconsin,2025-12-31,335941.59075066407
10,State,Colorado,2025-12-31,549051.9427351676
31,State,Minnesota,2025-12-31,353163.3346949423
51,State,South Carolina,2025-12-31,305876.082133948
4,State,Alabama,2025-12-31,237850.24992322523
25,State,Louisiana,2025-12-31,213659.64152164705
24,State,Kentucky,2025-12-31,234234.22739074167
46,State,Oregon,2025-12-31,505910.9802212254
45,State,Oklahoma,2025-12-31,220543.56721584173
11,State,Connecticut,2025-12-31,440518.1716003549
55,State,Utah,2025-12-31,542589.4120820687
19,State,Iowa,2025-12-31,236358.4329316751
42,State,Nevada,2025-12-31,452722.5717065085
6,State,Arkansas,2025-12-31,221311.506908439
34,State,Mississippi,2025-12-31,192081.7227196771
23,State,Kansas,2025-12-31,247256.69831847065
41,State,New Mexico,2025-12-31,316525.2359569687
38,State,Nebraska,2025-12-31,279386.7220393305
20,State,Idaho,2025-12-31,481282.05172835337
61,State,West Virginia,2025-12-31,174752.32453197098
18,State,Hawaii,2025-12-31,832890.2603966804
39,State,New Hampshire,2025-12-31,516297.211250045
28,State,Maine,2025-12-31,417275.40920451895
50,State,Rhode Island,2025-12-31,506848.5607382218
35,State,Montana,2025-12-31,470597.0203568558
13,State,Delaware,2025-12-31,408133.204002419
52,State,South Dakota,2025-12-31,321304.07099027
37,State,North Dakota,2025-12-31,286905.36552515294
3,State,Alaska,2025-12-31,389852.9418228508
12,State,District of Columbia,2025-12-31,586602.981534179
58,State,Vermont,2025-12-31,401480.18262008735
62,State,Wyoming,2025-12-31,366199.0500723519
9,State,California,2026-01-31,777520.171752715
54,State,Texas,2026-01-31,305331.37575551524
14,State,Florida,2026-01-31,379909.2354388587
43,State,New York,2026-01-31,513111.1918755506
47,State,Pennsylvania,2026-01-31,287581.0762514705
21,State,Illinois,2026-01-31,294007.7265588464
44,State,Ohio,2026-01-31,246768.83530521457
16,State,Georgia,2026-01-31,335473.4842917444
36,State,North Carolina,2026-01-31,339190.2484224025
30,State,Michigan,2026-01-31,265847.7133670325
40,State,New Jersey,2026-01-31,574199.775061672
56,State,Virginia,2026-01-31,415699.0610142538
59,State,Washington,2026-01-31,611315.6522835218
8,State,Arizona,2026-01-31,425427.6879011349
26,State,Massachusetts,2026-01-31,666747.397057255
53,State,Tennessee,2026-01-31,335763.3810380109
22,State,Indiana,2026-01-31,257757.6568382038
27,State,Maryland,2026-01-31,433238.5922315482
32,State,Missouri,2026-01-31,264942.3274618042
60,State,Wisconsin,2026-01-31,338222.3632662915
10,State,Colorado,2026-01-31,548744.6158960495
31,State,Minnesota,2026-01-31,354512.98252806853
51,State,South Carolina,2026-01-31,306539.8898864941
4,State,Alabama,2026-01-31,238386.91991134
25,State,Louisiana,2026-01-31,214444.0495939924
24,State,Kentucky,2026-01-31,234610.8959240721
46,State,Oregon,2026-01-31,506589.8896305314
45,State,Oklahoma,2026-01-31,221532.5550150203
11,State,Connecticut,2026-01-31,442536.1403067275
55,State,Utah,2026-01-31,544433.8139922161
19,State,Iowa,2026-01-31,237654.76700397712
42,State,Nevada,2026-01-31,452742.9505637779
6,State,Arkansas,2026-01-31,222536.03161850985
34,State,Mississippi,2026-01-31,193278.39271985544
23,State,Kansas,2026-01-31,248404.61575903316
41,State,New Mexico,2026-01-31,317425.16539600183
38,State,Nebraska,2026-01-31,280574.70489158225
20,State,Idaho,2026-01-31,483241.2489184547
61,State,West Virginia,2026-01-31,175450.26333151126
18,State,Hawaii,2026-01-31,833692.5309330713
39,State,New Hampshire,2026-01-31,517867.5111493878
28,State,Maine,2026-01-31,418711.9476671599
50,State,Rhode Island,2026-01-31,508476.4952300095
35,State,Montana,2026-01-31,471922.4557657248
13,State,Delaware,2026-01-31,409022.1977978631
52,State,South Dakota,2026-01-31,322867.6911706798
37,State,North Dakota,2026-01-31,288799.3764429228
3,State,Alaska,2026-01-31,391479.5711864003
12,State,District of Columbia,2026-01-31,586771.5827667894
58,State,Vermont,2026-01-31,402176.5056565259
62,State,Wyoming,2026-01-31,366630.7367811437
9,State,California,2026-02-28,777880.6838255689
54,State,Texas,2026-02-28,305310.88444358396
14,State,Florida,2026-02-28,380094.9552572109
43,State,New York,2026-02-28,515537.832405212
47,State,Pennsylvania,2026-02-28,288302.3708480664
21,State,Illinois,2026-02-28,295671.3517587381
44,State,Ohio,2026-02-28,247761.03045480335
16,State,Georgia,2026-02-28,335499.64957257983
36,State,North Carolina,2026-02-28,339563.3959162604
30,State,Michigan,2026-02-28,267234.3681758624
40,State,New Jersey,2026-02-28,576609.6136586084
56,State,Virginia,2026-02-28,416334.1307936286
59,State,Washington,2026-02-28,611618.7173115294
8,State,Arizona,2026-02-28,425803.2304319199
26,State,Massachusetts,2026-02-28,668045.5822330086
53,State,Tennessee,2026-02-28,336292.71929765167
22,State,Indiana,2026-02-28,258850.0325765093
27,State,Maryland,2026-02-28,433512.2438524573
32,State,Missouri,2026-02-28,265950.91273846733
60,State,Wisconsin,2026-02-28,340487.8727181772
10,State,Colorado,2026-02-28,547625.9950498301
31,State,Minnesota,2026-02-28,355888.90000467614
51,State,South Carolina,2026-02-28,307377.5661824457
4,State,Alabama,2026-02-28,239204.8380888518
25,State,Louisiana,2026-02-28,215732.82192374117
24,State,Kentucky,2026-02-28,235206.3351228816
46,State,Oregon,2026-02-28,506730.82841829414
45,State,Oklahoma,2026-02-28,222372.6449069602
11,State,Connecticut,2026-02-28,444334.50469377806
55,State,Utah,2026-02-28,545454.3298892509
19,State,Iowa,2026-02-28,238771.1266829163
42,State,Nevada,2026-02-28,452632.41805971833
6,State,Arkansas,2026-02-28,223749.7148450536
34,State,Mississippi,2026-02-28,194775.6758903606
23,State,Kansas,2026-02-28,249304.8390459635
41,State,New Mexico,2026-02-28,318337.07970599475
38,State,Nebraska,2026-02-28,281571.6992982978
20,State,Idaho,2026-02-28,484393.89839069574
61,State,West Virginia,2026-02-28,176200.50691034648
18,State,Hawaii,2026-02-28,834232.2653468301
39,State,New Hampshire,2026-02-28,518708.5524074188
28,State,Maine,2026-02-28,419956.40807906137
50,State,Rhode Island,2026-02-28,510118.940840456
35,State,Montana,2026-02-28,473503.93333472015
13,State,Delaware,2026-02-28,409425.03443893185
52,State,South Dakota,2026-02-28,324529.09044396214
37,State,North Dakota,2026-02-28,290666.75759947975
3,State,Alaska,2026-02-28,393311.92917878943
12,State,District of Columbia,2026-02-28,585821.9125505849
58,State,Vermont,2026-02-28,403734.8754557253
62,State,Wyoming,2026-02-28,367634.31896338385
9,State,California,2026-03-31,777173.4198786383
54,State,Texas,2026-03-31,305020.4091713263
14,State,Florida,2026-03-31,380192.3961442129
43,State,New York,2026-03-31,518238.7494210514
47,State,Pennsylvania,2026-03-31,288851.3916422791
21,State,Illinois,2026-03-31,296952.6712821378
44,State,Ohio,2026-03-31,248641.8571575964
16,State,Georgia,2026-03-31,335470.95472287317
36,State,North Carolina,2026-03-31,340011.47195482
30,State,Michigan,2026-03-31,268282.0682791049
40,State,New Jersey,2026-03-31,579061.4846764064
56,State,Virginia,2026-03-31,416895.2313284413
59,State,Washington,2026-03-31,610338.8742212531
8,State,Arizona,2026-03-31,425623.1872033494
26,State,Massachusetts,2026-03-31,668792.388227201
53,State,Tennessee,2026-03-31,336983.6309411682
22,State,Indiana,2026-03-31,259722.1333301566
27,State,Maryland,2026-03-31,433789.066628668
32,State,Missouri,2026-03-31,266696.2089383889
60,State,Wisconsin,2026-03-31,342217.09430316737
10,State,Colorado,2026-03-31,545491.9442094369
31,State,Minnesota,2026-03-31,356646.7760711688
51,State,South Carolina,2026-03-31,308130.4886383051
4,State,Alabama,2026-03-31,240094.65359757384
25,State,Louisiana,2026-03-31,216714.80577019075
24,State,Kentucky,2026-03-31,235603.27251584447
46,State,Oregon,2026-03-31,506031.1885375604
45,State,Oklahoma,2026-03-31,222953.16361097895
11,State,Connecticut,2026-03-31,446113.4662716912
55,State,Utah,2026-03-31,544777.1693433853
19,State,Iowa,2026-03-31,239548.42811737108
42,State,Nevada,2026-03-31,452108.1730206302
6,State,Arkansas,2026-03-31,224770.96220067205
34,State,Mississippi,2026-03-31,196132.4857922888
23,State,Kansas,2026-03-31,249830.65918949575
41,State,New Mexico,2026-03-31,319224.6781916942
38,State,Nebraska,2026-03-31,282189.57888196345
20,State,Idaho,2026-03-31,484053.1683279082
61,State,West Virginia,2026-03-31,177002.78135182793
18,State,Hawaii,2026-03-31,835309.2055815853
39,State,New Hampshire,2026-03-31,519095.7703695839
28,State,Maine,2026-03-31,421038.51478882367
50,State,Rhode Island,2026-03-31,511361.6717971274
35,State,Montana,2026-03-31,474882.99041826
13,State,Delaware,2026-03-31,409849.02981570346
52,State,South Dakota,2026-03-31,325595.7451514761
37,State,North Dakota,2026-03-31,291903.2273464573
3,State,Alaska,2026-03-31,395289.154253402
12,State,District of Columbia,2026-03-31,583803.8074246974
58,State,Vermont,2026-03-31,406006.643160948
62,State,Wyoming,2026-03-31,368819.3159847827
9,State,California,2026-04-30,775808.1194542536
54,State,Texas,2026-04-30,304423.0759184211
14,State,Florida,2026-04-30,379808.3769546381
43,State,New York,2026-04-30,520607.5920555074
47,State,Pennsylvania,2026-04-30,289180.6496282887
21,State,Illinois,2026-04-30,297763.34918262553
44,State,Ohio,2026-04-30,249181.59974257744
16,State,Georgia,2026-04-30,335273.0595258043
36,State,North Carolina,2026-04-30,340057.6328962651
30,State,Michigan,2026-04-30,268934.289897841
40,State,New Jersey,2026-04-30,580387.5298025658
56,State,Virginia,2026-04-30,417197.61858581455
59,State,Washington,2026-04-30,607484.138676138
8,State,Arizona,2026-04-30,424805.82752574567
26,State,Massachusetts,2026-04-30,668510.0681745484
53,State,Tennessee,2026-04-30,337269.78259579587
22,State,Indiana,2026-04-30,260167.7134683556
27,State,Maryland,2026-04-30,433847.20483000466
32,State,Missouri,2026-04-30,267125.9857928062
60,State,Wisconsin,2026-04-30,343106.8308563778
10,State,Colorado,2026-04-30,542738.9683364262
31,State,Minnesota,2026-04-30,356834.09127774276
51,State,South Carolina,2026-04-30,308476.37439804996
4,State,Alabama,2026-04-30,240746.35970836217
25,State,Louisiana,2026-04-30,217231.40745635005
24,State,Kentucky,2026-04-30,235463.8161604683
46,State,Oregon,2026-04-30,504552.81924101274
45,State,Oklahoma,2026-04-30,223144.63858896252
11,State,Connecticut,2026-04-30,447764.4114036411
55,State,Utah,2026-04-30,542768.5478540339
19,State,Iowa,2026-04-30,239977.78034902655
42,State,Nevada,2026-04-30,451266.1985903748
6,State,Arkansas,2026-04-30,225341.40729891192
34,State,Mississippi,2026-04-30,196796.3158831949
23,State,Kansas,2026-04-30,250139.48513180172
41,State,New Mexico,2026-04-30,319659.9487877532
38,State,Nebraska,2026-04-30,282523.6394432131
20,State,Idaho,2026-04-30,482684.2419389373
61,State,West Virginia,2026-04-30,177505.20257716576
18,State,Hawaii,2026-04-30,834557.50905068
39,State,New Hampshire,2026-04-30,519025.2888104243
28,State,Maine,2026-04-30,421569.19468297873
50,State,Rhode Island,2026-04-30,511969.47747106646
35,State,Montana,2026-04-30,475266.1800536015
13,State,Delaware,2026-04-30,409645.4698255194
52,State,South Dakota,2026-04-30,326031.2073267013
37,State,North Dakota,2026-04-30,292654.54465910344
3,State,Alaska,2026-04-30,397236.54574513505
12,State,District of Columbia,2026-04-30,580566.7329024653
58,State,Vermont,2026-04-30,407465.33369665337
62,State,Wyoming,2026-04-30,369686.8090949126
9,State,California,2026-05-31,774510.0089614685
54,State,Texas,2026-05-31,303466.45661376877
14,State,Florida,2026-05-31,379099.17465342855
43,State,New York,2026-05-31,522633.98499390593
47,State,Pennsylvania,2026-05-31,289430.96868956514
21,State,Illinois,2026-05-31,298125.9889407587
44,State,Ohio,2026-05-31,249431.6877467894
16,State,Georgia,2026-05-31,334819.6821259297
36,State,North Carolina,2026-05-31,339653.4130530245
30,State,Michigan,2026-05-31,269130.81882988143
40,State,New Jersey,2026-05-31,581315.4395076871
56,State,Virginia,2026-05-31,417395.5353979813
59,State,Washington,2026-05-31,604447.5396140156
8,State,Arizona,2026-05-31,423498.5454693085
26,State,Massachusetts,2026-05-31,668227.8640788458
53,State,Tennessee,2026-05-31,337201.4798914199
22,State,Indiana,2026-05-31,260286.15109310028
27,State,Maryland,2026-05-31,433564.08101842814
32,State,Missouri,2026-05-31,267325.18147521146
60,State,Wisconsin,2026-05-31,343215.48015737836
10,State,Colorado,2026-05-31,540309.5485704694
31,State,Minnesota,2026-05-31,356406.2256091189
51,State,South Carolina,2026-05-31,308349.4326850782
4,State,Alabama,2026-05-31,240911.48776814007
25,State,Louisiana,2026-05-31,217128.42320166473
24,State,Kentucky,2026-05-31,234928.60046350348
46,State,Oregon,2026-05-31,502950.7372147489
45,State,Oklahoma,2026-05-31,223196.8648531054
11,State,Connecticut,2026-05-31,449538.3260420938
55,State,Utah,2026-05-31,540726.8392942012
19,State,Iowa,2026-05-31,240090.15412425
42,State,Nevada,2026-05-31,449951.1563680848
6,State,Arkansas,2026-05-31,225450.52024795287
34,State,Mississippi,2026-05-31,196712.0091436914
23,State,Kansas,2026-05-31,250249.3859327552
41,State,New Mexico,2026-05-31,319875.57576555625
38,State,Nebraska,2026-05-31,282536.4986255067
20,State,Idaho,2026-05-31,481315.2350981286
61,State,West Virginia,2026-05-31,177831.22370848045
18,State,Hawaii,2026-05-31,833464.7256640093
39,State,New Hampshire,2026-05-31,519217.5014392692
28,State,Maine,2026-05-31,421808.91408688814
50,State,Rhode Island,2026-05-31,512540.5342792403
35,State,Montana,2026-05-31,475037.0525200036
13,State,Delaware,2026-05-31,409516.742153728
52,State,South Dakota,2026-05-31,325665.0664234816
37,State,North Dakota,2026-05-31,292860.8607354267
3,State,Alaska,2026-05-31,398968.68853365415
12,State,District of Columbia,2026-05-31,577878.2771179472
58,State,Vermont,2026-05-31,407842.2225723138
62,State,Wyoming,2026-05-31,370258.49884731526
9,State,California,2026-06-30,773453.4014963742
54,State,Texas,2026-06-30,302483.7571160099
14,State,Florida,2026-06-30,378379.29553151905
43,State,New York,2026-06-30,524681.7151492214
47,State,Pennsylvania,2026-06-30,289932.73046139494
21,State,Illinois,2026-06-30,298722.36353915377
44,State,Ohio,2026-06-30,249596.00996797672
16,State,Georgia,2026-06-30,334353.4452039522
36,State,North Carolina,2026-06-30,338940.5544042771
30,State,Michigan,2026-06-30,269249.77358753
40,State,New Jersey,2026-06-30,582206.628928851
56,State,Virginia,2026-06-30,417738.36124605656
59,State,Washington,2026-06-30,602345.3322280325
8,State,Arizona,2026-06-30,422155.035650158
26,State,Massachusetts,2026-06-30,668151.0077266534
53,State,Tennessee,2026-06-30,336821.7101359722
22,State,Indiana,2026-06-30,260420.1361954106
27,State,Maryland,2026-06-30,433272.19760961697
32,State,Missouri,2026-06-30,267735.03389709775
60,State,Wisconsin,2026-06-30,343203.9094491419
10,State,Colorado,2026-06-30,539022.3690634001
31,State,Minnesota,2026-06-30,356050.46165189677
51,State,South Carolina,2026-06-30,308044.4880009228
4,State,Alabama,2026-06-30,240936.75357212595
25,State,Louisiana,2026-06-30,217103.55821216467
24,State,Kentucky,2026-06-30,234511.6436471716
46,State,Oregon,2026-06-30,502071.7198576511
45,State,Oklahoma,2026-06-30,223335.209614796
11,State,Connecticut,2026-06-30,451422.2320859753
55,State,Utah,2026-06-30,539764.2838564703
19,State,Iowa,2026-06-30,240218.87323886712
42,State,Nevada,2026-06-30,448537.5271632509
6,State,Arkansas,2026-06-30,225587.0152641656
34,State,Mississippi,2026-06-30,196559.1882001334
23,State,Kansas,2026-06-30,250497.53921699495
41,State,New Mexico,2026-06-30,319941.6507850337
38,State,Nebraska,2026-06-30,282540.920266673
20,State,Idaho,2026-06-30,480923.08957650047
61,State,West Virginia,2026-06-30,178276.59116923786
18,State,Hawaii,2026-06-30,832697.2892264761
39,State,New Hampshire,2026-06-30,519883.7862419136
28,State,Maine,2026-06-30,421949.1723312142
50,State,Rhode Island,2026-06-30,513578.8240172979
35,State,Montana,2026-06-30,474773.37563330634
13,State,Delaware,2026-06-30,409482.86546721513
52,State,South Dakota,2026-06-30,325212.94354776066
37,State,North Dakota,2026-06-30,293187.95438341674
3,State,Alaska,2026-06-30,400667.23979306925
12,State,District of Columbia,2026-06-30,576395.8851645048
58,State,Vermont,2026-06-30,407033.3637785012
62,State,Wyoming,2026-06-30,370939.51416902593
9,State,California,2026-07-31,773734.8687594463
54,State,Texas,2026-07-31,301805.6277894744
14,State,Florida,2026-07-31,378166.5802839577
43,State,New York,2026-07-31,527312.0298835709
47,State,Pennsylvania,2026-07-31,290551.5849573799
21,State,Illinois,2026-07-31,299900.38158217707
44,State,Ohio,2026-07-31,249940.7944915067
16,State,Georgia,2026-07-31,334118.5386916224
36,State,North Carolina,2026-07-31,338359.21301980084
30,State,Michigan,2026-07-31,269575.69476520165
40,State,New Jersey,2026-07-31,584072.3787891659
56,State,Virginia,2026-07-31,418375.44265870267
59,State,Washington,2026-07-31,601544.9870883285
8,State,Arizona,2026-07-31,421380.64525327366
26,State,Massachusetts,2026-07-31,669052.8393738315
53,State,Tennessee,2026-07-31,336507.9058791779
22,State,Indiana,2026-07-31,260808.07857310624
27,State,Maryland,2026-07-31,433111.8797868675
32,State,Missouri,2026-07-31,268420.2959801822
60,State,Wisconsin,2026-07-31,343797.53117723425
10,State,Colorado,2026-07-31,538931.5344936635
31,State,Minnesota,2026-07-31,356066.43253934867
51,State,South Carolina,2026-07-31,307776.5995018639
4,State,Alabama,2026-07-31,241008.63863918453
25,State,Louisiana,2026-07-31,217092.14322728085
24,State,Kentucky,2026-07-31,234510.40144123556
46,State,Oregon,2026-07-31,502156.20664274314
45,State,Oklahoma,2026-07-31,223611.9287000955
11,State,Connecticut,2026-07-31,453318.7917170128
55,State,Utah,2026-07-31,539948.6344178882
19,State,Iowa,2026-07-31,240435.31981687303
42,State,Nevada,2026-07-31,447473.1139453713
6,State,Arkansas,2026-07-31,225821.86299483944
34,State,Mississippi,2026-07-31,196333.11683445083
23,State,Kansas,2026-07-31,250918.3270915324
41,State,New Mexico,2026-07-31,320105.53507686383
38,State,Nebraska,2026-07-31,282767.37918979605
20,State,Idaho,2026-07-31,481825.397596552
61,State,West Virginia,2026-07-31,178701.74903806762
18,State,Hawaii,2026-07-31,833876.7100724719
39,State,New Hampshire,2026-07-31,521176.54035769793
28,State,Maine,2026-07-31,421965.8632750011
50,State,Rhode Island,2026-07-31,515289.0043382559
35,State,Montana,2026-07-31,475190.5074160942
13,State,Delaware,2026-07-31,410192.49907318054
52,State,South Dakota,2026-07-31,324890.9594659008
37,State,North Dakota,2026-07-31,293741.20440512424
3,State,Alaska,2026-07-31,402190.2963516631
12,State,District of Columbia,2026-07-31,577040.6831928823
58,State,Vermont,2026-07-31,405980.3318276461
62,State,Wyoming,2026-07-31,371684.5581330615
